URL Source (la-cabrade.be),URL Destination (sellerie-lacabrade.be)
https://la-cabrade.be/fr/,https://www.sellerie-lacabrade.be/be
https://la-cabrade.be/nl/,https://www.sellerie-lacabrade.be/be
https://la-cabrade.be/fr/7/,https://www.sellerie-lacabrade.be/be
https://la-cabrade.be/nl/7-2/,https://www.sellerie-lacabrade.be/be
https://la-cabrade.be/fr/exemple/,https://www.sellerie-lacabrade.be/be
https://la-cabrade.be/nl/voorbeeld-2/,https://www.sellerie-lacabrade.be/be
https://la-cabrade.be/fr/conditions-de-paiement/,https://www.sellerie-lacabrade.be/be/conditions-paiement
https://la-cabrade.be/nl/betalingsvoorwaarden-2/,https://www.sellerie-lacabrade.be/be/conditions-paiement
https://la-cabrade.be/fr/conditions-generales-de-vente/,https://www.sellerie-lacabrade.be/be/cgv
https://la-cabrade.be/nl/algemene-verkoopvoorwaarden-2/,https://www.sellerie-lacabrade.be/be/cgv
https://la-cabrade.be/fr/mon-compte/,https://www.sellerie-lacabrade.be/be
https://la-cabrade.be/nl/mijn-rekening/,https://www.sellerie-lacabrade.be/be
https://la-cabrade.be/fr/politique-de-confidentialite/,https://www.sellerie-lacabrade.be/be/confidentialite
https://la-cabrade.be/nl/privacybeleid-2/,https://www.sellerie-lacabrade.be/be/confidentialite
https://la-cabrade.be/fr/boutique/,https://www.sellerie-lacabrade.be/be/store
https://la-cabrade.be/nl/boutique/,https://www.sellerie-lacabrade.be/be/store
https://la-cabrade.be/fr/actualites/,https://www.sellerie-lacabrade.be/be/blog
https://la-cabrade.be/nl/nieuws/,https://www.sellerie-lacabrade.be/be/blog
https://la-cabrade.be/fr/mentions-legales/,https://www.sellerie-lacabrade.be/be/cgv
https://la-cabrade.be/nl/juridische-informatie-2/,https://www.sellerie-lacabrade.be/be/cgv
https://la-cabrade.be/fr/bottes-deniro/,https://www.sellerie-lacabrade.be/be/marques/de-niro
https://la-cabrade.be/nl/deniro-laarzen-2/,https://www.sellerie-lacabrade.be/be/marques/de-niro
https://la-cabrade.be/fr/bottes-ego7/,https://www.sellerie-lacabrade.be/be/marques/ego7
https://la-cabrade.be/nl/ego7-laarzen-2/,https://www.sellerie-lacabrade.be/be/marques/ego7
https://la-cabrade.be/fr/bottes-parlanti/,https://www.sellerie-lacabrade.be/be/marques/parlanti
https://la-cabrade.be/nl/parlanti-laarzen-2/,https://www.sellerie-lacabrade.be/be/marques/parlanti
https://la-cabrade.be/fr/dashboard/,https://www.sellerie-lacabrade.be/be
https://la-cabrade.be/nl/dashboard-2/,https://www.sellerie-lacabrade.be/be
https://la-cabrade.be/fr/store-listing/,https://www.sellerie-lacabrade.be/be/store
https://la-cabrade.be/nl/winkelvermelding-2/,https://www.sellerie-lacabrade.be/be/store
https://la-cabrade.be/fr/my-orders/,https://www.sellerie-lacabrade.be/be
https://la-cabrade.be/nl/mijn-bestellingen-2/,https://www.sellerie-lacabrade.be/be
https://la-cabrade.be/fr/nos-marques/,https://www.sellerie-lacabrade.be/be/marques
https://la-cabrade.be/nl/onze-merken/,https://www.sellerie-lacabrade.be/be/marques
https://la-cabrade.be/fr/nouveautes/,https://www.sellerie-lacabrade.be/be/nouveautes
https://la-cabrade.be/nl/nieuwe-producten/,https://www.sellerie-lacabrade.be/be/nouveautes
https://la-cabrade.be/fr/conditions-de-livraison/,https://www.sellerie-lacabrade.be/be/conditions-livraison
https://la-cabrade.be/nl/leveringsvoorwaarden-2/,https://www.sellerie-lacabrade.be/be/conditions-livraison
https://la-cabrade.be/fr/faq/,https://www.sellerie-lacabrade.be/be
https://la-cabrade.be/nl/faq-2/,https://www.sellerie-lacabrade.be/be
https://la-cabrade.be/fr/nous-contacter/,https://www.sellerie-lacabrade.be/be/contact
https://la-cabrade.be/nl/contact-met-ons-opnemen/,https://www.sellerie-lacabrade.be/be/contact
https://la-cabrade.be/fr/liste-de-souhaits/,https://www.sellerie-lacabrade.be/be
https://la-cabrade.be/nl/verlanglijst-2/,https://www.sellerie-lacabrade.be/be
https://la-cabrade.be/fr/blackfriday-2023/,https://www.sellerie-lacabrade.be/be
https://la-cabrade.be/nl/zwarte-vrijdag-2023/,https://www.sellerie-lacabrade.be/be
https://la-cabrade.be/fr/solde-janvier-2024/,https://www.sellerie-lacabrade.be/be
https://la-cabrade.be/nl/januari-2024-saldo-2/,https://www.sellerie-lacabrade.be/be
https://la-cabrade.be/fr/panier/,https://www.sellerie-lacabrade.be/be
https://la-cabrade.be/nl/mand/,https://www.sellerie-lacabrade.be/be
https://la-cabrade.be/fr/black-friday-2024/,https://www.sellerie-lacabrade.be/be
https://la-cabrade.be/nl/zwarte-vrijdag-2024-2/,https://www.sellerie-lacabrade.be/be
https://la-cabrade.be/fr/solde-janvier-2025/,https://www.sellerie-lacabrade.be/be
https://la-cabrade.be/nl/januari-2025-saldo-2/,https://www.sellerie-lacabrade.be/be
https://la-cabrade.be/fr/meilleures-ventes/,https://www.sellerie-lacabrade.be/be/store
https://la-cabrade.be/nl/best-verkopers/,https://www.sellerie-lacabrade.be/be/store
https://la-cabrade.be/fr/a-propos/,https://www.sellerie-lacabrade.be/be/a-propos
https://la-cabrade.be/nl/a-propos/,https://www.sellerie-lacabrade.be/be/a-propos
https://la-cabrade.be/fr/selle-sur-mesure/,https://www.sellerie-lacabrade.be/be
https://la-cabrade.be/nl/zadel-op-maat-2/,https://www.sellerie-lacabrade.be/be
https://la-cabrade.be/fr/solde-juillet-2025/,https://www.sellerie-lacabrade.be/be
https://la-cabrade.be/fr/commander/,https://www.sellerie-lacabrade.be/be
https://la-cabrade.be/nl/bestel/,https://www.sellerie-lacabrade.be/be
https://la-cabrade.be/fr/lc-equestrian-equipements/,https://www.sellerie-lacabrade.be/be/lc-equestrian
https://la-cabrade.be/nl/lc-equestrian-uitrusting/,https://www.sellerie-lacabrade.be/be/lc-equestrian
https://la-cabrade.be/fr/comment-choisir-la-selle-ideale-pour-votre-cheval-et-vous/,https://www.sellerie-lacabrade.be/be/blog
https://la-cabrade.be/nl/hoe-kies-je-het-ideale-zadel-voor-jou-en-je-paard-2/,https://www.sellerie-lacabrade.be/be/blog
https://la-cabrade.be/fr/les-10-indispensables-pour-le-cavalier-debutant/,https://www.sellerie-lacabrade.be/be/blog
https://la-cabrade.be/nl/de-10-hoofdzaken-voor-de-beginnende-ruiter-2/,https://www.sellerie-lacabrade.be/be/blog
https://la-cabrade.be/fr/guide-etape-par-etape-pour-entretenir-la-criniere/,https://www.sellerie-lacabrade.be/be/blog
https://la-cabrade.be/nl/stap-voor-stap-handleiding-voor-manenonderhoud-2/,https://www.sellerie-lacabrade.be/be/blog
https://la-cabrade.be/fr/prendre-soin-de-votre-cheval-en-ete-nos-conseils/,https://www.sellerie-lacabrade.be/be/blog
https://la-cabrade.be/nl/je-paard-verzorgen-in-de-zomer-ons-advies-2/,https://www.sellerie-lacabrade.be/be/blog
https://la-cabrade.be/fr/limpact-de-la-sellerie-sur-le-bien-etre-de-votre-cheval/,https://www.sellerie-lacabrade.be/be/blog
https://la-cabrade.be/nl/e-invloed-van-zadelmak-maken-op-het-welzijn-van-je-paard-2/,https://www.sellerie-lacabrade.be/be/blog
https://la-cabrade.be/fr/choisir-lequipement-equestre-de-son-enfant/,https://www.sellerie-lacabrade.be/be/blog
https://la-cabrade.be/nl/de-ruitersportuitrusting-van-je-kind-kiezen-2/,https://www.sellerie-lacabrade.be/be/blog
https://la-cabrade.be/fr/equipement-equestre-durable-guide-dachat/,https://www.sellerie-lacabrade.be/be/blog
https://la-cabrade.be/nl/duurzame-koopgids-voor-ruitersportartikelen-2/,https://www.sellerie-lacabrade.be/be/blog
https://la-cabrade.be/fr/tendances-mode-equestre-2024-decouvrez-les-styles-et-innovations/,https://www.sellerie-lacabrade.be/be/blog
https://la-cabrade.be/nl/ruitermode-trends-2024-ontdek-stijlen-en-innovaties-2/,https://www.sellerie-lacabrade.be/be/blog
https://la-cabrade.be/fr/sellerie-la-cabrade-votre-boutique-equestre-est-maintenant-sur-localisy/,https://www.sellerie-lacabrade.be/be/blog
https://la-cabrade.be/nl/zadelmakerij-la-cabrade-uw-ruitersportzaak-is-nu-op-localisy/,https://www.sellerie-lacabrade.be/be/blog
https://la-cabrade.be/fr/nos-marques/equitheme/,https://www.sellerie-lacabrade.be/be/marques/equitheme
https://la-cabrade.be/nl/onze-merken/equitheme/,https://www.sellerie-lacabrade.be/be/marques/equitheme
https://la-cabrade.be/fr/nos-marques/helite/,https://www.sellerie-lacabrade.be/be/marques/helite
https://la-cabrade.be/nl/onze-merken/helite/,https://www.sellerie-lacabrade.be/be/marques/helite
https://la-cabrade.be/fr/nos-marques/lamicell/,https://www.sellerie-lacabrade.be/be/marques/lamicell
https://la-cabrade.be/nl/onze-merken/lamicell/,https://www.sellerie-lacabrade.be/be/marques/lamicell
https://la-cabrade.be/fr/nos-marques/premiere/,https://www.sellerie-lacabrade.be/be/marques/premiere
https://la-cabrade.be/nl/onze-merken/premiere/,https://www.sellerie-lacabrade.be/be/marques/premiere
https://la-cabrade.be/fr/nos-marques/suedwind-footwear/,https://www.sellerie-lacabrade.be/be/marques
https://la-cabrade.be/nl/onze-merken/suedwind-footwear/,https://www.sellerie-lacabrade.be/be/marques
https://la-cabrade.be/fr/nos-marques/lc-equestrian/,https://www.sellerie-lacabrade.be/be/marques/lc-equestrian
https://la-cabrade.be/nl/onze-merken/lc-equestrian/,https://www.sellerie-lacabrade.be/be/marques/lc-equestrian
https://la-cabrade.be/fr/nos-marques/ariat/,https://www.sellerie-lacabrade.be/be/marques
https://la-cabrade.be/nl/onze-merken/ariat/,https://www.sellerie-lacabrade.be/be/marques
https://la-cabrade.be/fr/nos-marques/hfi/,https://www.sellerie-lacabrade.be/be/marques/hfi
https://la-cabrade.be/nl/onze-merken/hfi/,https://www.sellerie-lacabrade.be/be/marques/hfi
https://la-cabrade.be/fr/nos-marques/le-mieux/,https://www.sellerie-lacabrade.be/be/marques/le-mieux
https://la-cabrade.be/nl/onze-merken/le-mieux/,https://www.sellerie-lacabrade.be/be/marques/le-mieux
https://la-cabrade.be/fr/nos-marques/presteq/,https://www.sellerie-lacabrade.be/be/marques
https://la-cabrade.be/nl/onze-merken/presteq/,https://www.sellerie-lacabrade.be/be/marques
https://la-cabrade.be/fr/nos-marques/back-on-track/,https://www.sellerie-lacabrade.be/be/marques
https://la-cabrade.be/nl/onze-merken/back-on-track/,https://www.sellerie-lacabrade.be/be/marques
https://la-cabrade.be/fr/nos-marques/eskadron/,https://www.sellerie-lacabrade.be/be/marques/eskadron
https://la-cabrade.be/nl/onze-merken/eskadron/,https://www.sellerie-lacabrade.be/be/marques/eskadron
https://la-cabrade.be/fr/nos-marques/hippotonic/,https://www.sellerie-lacabrade.be/be/marques/hippotonic
https://la-cabrade.be/nl/onze-merken/hippotonic/,https://www.sellerie-lacabrade.be/be/marques/hippotonic
https://la-cabrade.be/fr/nos-marques/leovet/,https://www.sellerie-lacabrade.be/be/marques/leovet
https://la-cabrade.be/nl/onze-merken/leovet/,https://www.sellerie-lacabrade.be/be/marques/leovet
https://la-cabrade.be/fr/nos-marques/trust/,https://www.sellerie-lacabrade.be/be/marques/trust
https://la-cabrade.be/nl/onze-merken/trust/,https://www.sellerie-lacabrade.be/be/marques/trust
https://la-cabrade.be/fr/nos-marques/beris/,https://www.sellerie-lacabrade.be/be/marques/beris
https://la-cabrade.be/nl/onze-merken/beris/,https://www.sellerie-lacabrade.be/be/marques/beris
https://la-cabrade.be/fr/nos-marques/horka/,https://www.sellerie-lacabrade.be/be/marques/horka
https://la-cabrade.be/nl/onze-merken/horka/,https://www.sellerie-lacabrade.be/be/marques/horka
https://la-cabrade.be/fr/nos-marques/likit/,https://www.sellerie-lacabrade.be/be/marques/likit
https://la-cabrade.be/nl/onze-merken/likit/,https://www.sellerie-lacabrade.be/be/marques/likit
https://la-cabrade.be/fr/nos-marques/ungula-naturalis/,https://www.sellerie-lacabrade.be/be/marques/ungula-naturalis
https://la-cabrade.be/nl/onze-merken/ungula-naturalis/,https://www.sellerie-lacabrade.be/be/marques/ungula-naturalis
https://la-cabrade.be/fr/nos-marques/bleu-roy/,https://www.sellerie-lacabrade.be/be/marques/bleu-roy
https://la-cabrade.be/nl/onze-merken/bleu-roy/,https://www.sellerie-lacabrade.be/be/marques/bleu-roy
https://la-cabrade.be/fr/nos-marques/horse-master/,https://www.sellerie-lacabrade.be/be/marques/horse-master
https://la-cabrade.be/nl/onze-merken/horse-master/,https://www.sellerie-lacabrade.be/be/marques/horse-master
https://la-cabrade.be/fr/nos-marques/lj/,https://www.sellerie-lacabrade.be/be/marques/lj
https://la-cabrade.be/nl/onze-merken/lj/,https://www.sellerie-lacabrade.be/be/marques/lj
https://la-cabrade.be/fr/nos-marques/professional-choice/,https://www.sellerie-lacabrade.be/be/marques
https://la-cabrade.be/nl/onze-merken/professional-choice/,https://www.sellerie-lacabrade.be/be/marques
https://la-cabrade.be/fr/nos-marques/veredus/,https://www.sellerie-lacabrade.be/be/marques/veredus
https://la-cabrade.be/nl/onze-merken/veredus/,https://www.sellerie-lacabrade.be/be/marques/veredus
https://la-cabrade.be/fr/nos-marques/br/,https://www.sellerie-lacabrade.be/be/marques/br
https://la-cabrade.be/nl/onze-merken/br/,https://www.sellerie-lacabrade.be/be/marques/br
https://la-cabrade.be/fr/nos-marques/excellent/,https://www.sellerie-lacabrade.be/be/marques/excellent
https://la-cabrade.be/nl/onze-merken/excellent/,https://www.sellerie-lacabrade.be/be/marques/excellent
https://la-cabrade.be/fr/nos-marques/horse-of-the-world/,https://www.sellerie-lacabrade.be/be/marques/horse-of-the-world
https://la-cabrade.be/nl/onze-merken/horse-of-the-world/,https://www.sellerie-lacabrade.be/be/marques/horse-of-the-world
https://la-cabrade.be/fr/nos-marques/mattes/,https://www.sellerie-lacabrade.be/be/marques/mattes
https://la-cabrade.be/nl/onze-merken/mattes/,https://www.sellerie-lacabrade.be/be/marques/mattes
https://la-cabrade.be/fr/nos-marques/qhp/,https://www.sellerie-lacabrade.be/be/marques/qhp
https://la-cabrade.be/nl/onze-merken/qhp/,https://www.sellerie-lacabrade.be/be/marques/qhp
https://la-cabrade.be/fr/nos-marques/vertigo/,https://www.sellerie-lacabrade.be/be/marques
https://la-cabrade.be/nl/onze-merken/vertigo/,https://www.sellerie-lacabrade.be/be/marques
https://la-cabrade.be/fr/nos-marques/cavalleria-toscana/,https://www.sellerie-lacabrade.be/be/marques/cavalleria-toscana
https://la-cabrade.be/nl/onze-merken/cavalleria-toscana/,https://www.sellerie-lacabrade.be/be/marques/cavalleria-toscana
https://la-cabrade.be/fr/nos-marques/farnam/,https://www.sellerie-lacabrade.be/be/marques
https://la-cabrade.be/nl/onze-merken/farnam/,https://www.sellerie-lacabrade.be/be/marques
https://la-cabrade.be/fr/nos-marques/horseware/,https://www.sellerie-lacabrade.be/be/marques/horseware
https://la-cabrade.be/nl/onze-merken/horseware/,https://www.sellerie-lacabrade.be/be/marques/horseware
https://la-cabrade.be/fr/nos-marques/metalab/,https://www.sellerie-lacabrade.be/be/marques/metalab
https://la-cabrade.be/nl/onze-merken/metalab/,https://www.sellerie-lacabrade.be/be/marques/metalab
https://la-cabrade.be/fr/nos-marques/ravene/,https://www.sellerie-lacabrade.be/be/marques/ravene
https://la-cabrade.be/nl/onze-merken/ravene/,https://www.sellerie-lacabrade.be/be/marques/ravene
https://la-cabrade.be/fr/nos-marques/vital-herbs/,https://www.sellerie-lacabrade.be/be/marques/vital-herbs
https://la-cabrade.be/nl/onze-merken/vital-herbs/,https://www.sellerie-lacabrade.be/be/marques/vital-herbs
https://la-cabrade.be/fr/nos-marques/imperial-riding/,https://www.sellerie-lacabrade.be/be/marques/imperial-riding
https://la-cabrade.be/nl/onze-merken/imperial-riding/,https://www.sellerie-lacabrade.be/be/marques/imperial-riding
https://la-cabrade.be/fr/nos-marques/cavalor/,https://www.sellerie-lacabrade.be/be/marques/cavalor
https://la-cabrade.be/nl/onze-merken/cavalor/,https://www.sellerie-lacabrade.be/be/marques/cavalor
https://la-cabrade.be/fr/nos-marques/feeling/,https://www.sellerie-lacabrade.be/be/marques/feeling
https://la-cabrade.be/nl/onze-merken/feeling/,https://www.sellerie-lacabrade.be/be/marques/feeling
https://la-cabrade.be/fr/nos-marques/horze/,https://www.sellerie-lacabrade.be/be/marques/horze
https://la-cabrade.be/nl/onze-merken/horze/,https://www.sellerie-lacabrade.be/be/marques/horze
https://la-cabrade.be/fr/nos-marques/rg/,https://www.sellerie-lacabrade.be/be/marques
https://la-cabrade.be/nl/onze-merken/rg/,https://www.sellerie-lacabrade.be/be/marques
https://la-cabrade.be/fr/nos-marques/whip-go/,https://www.sellerie-lacabrade.be/be/marques/whip-go
https://la-cabrade.be/nl/onze-merken/whip-go/,https://www.sellerie-lacabrade.be/be/marques/whip-go
https://la-cabrade.be/fr/nos-marques/compositi/,https://www.sellerie-lacabrade.be/be/marques
https://la-cabrade.be/nl/onze-merken/compositi/,https://www.sellerie-lacabrade.be/be/marques
https://la-cabrade.be/fr/nos-marques/hv-polo/,https://www.sellerie-lacabrade.be/be/marques/hv-polo
https://la-cabrade.be/nl/onze-merken/hv-polo/,https://www.sellerie-lacabrade.be/be/marques/hv-polo
https://la-cabrade.be/fr/nos-marques/roeckl/,https://www.sellerie-lacabrade.be/be/marques/roeckl
https://la-cabrade.be/nl/onze-merken/roeckl/,https://www.sellerie-lacabrade.be/be/marques/roeckl
https://la-cabrade.be/fr/nos-marques/whis/,https://www.sellerie-lacabrade.be/be/marques
https://la-cabrade.be/nl/onze-merken/whis/,https://www.sellerie-lacabrade.be/be/marques
https://la-cabrade.be/fr/nos-marques/de-niro/,https://www.sellerie-lacabrade.be/be/marques
https://la-cabrade.be/nl/onze-merken/de-niro/,https://www.sellerie-lacabrade.be/be/marques
https://la-cabrade.be/fr/nos-marques/fleck/,https://www.sellerie-lacabrade.be/be/marques/fleck
https://la-cabrade.be/nl/onze-merken/fleck/,https://www.sellerie-lacabrade.be/be/marques/fleck
https://la-cabrade.be/fr/nos-marques/hyssani/,https://www.sellerie-lacabrade.be/be/marques
https://la-cabrade.be/nl/onze-merken/hyssani/,https://www.sellerie-lacabrade.be/be/marques
https://la-cabrade.be/fr/nos-marques/norton/,https://www.sellerie-lacabrade.be/be/marques/norton
https://la-cabrade.be/nl/onze-merken/norton/,https://www.sellerie-lacabrade.be/be/marques/norton
https://la-cabrade.be/fr/nos-marques/samshield/,https://www.sellerie-lacabrade.be/be/marques/samshield
https://la-cabrade.be/nl/onze-merken/samshield/,https://www.sellerie-lacabrade.be/be/marques/samshield
https://la-cabrade.be/fr/nos-marques/xhantus/,https://www.sellerie-lacabrade.be/be/marques
https://la-cabrade.be/nl/onze-merken/xhantus/,https://www.sellerie-lacabrade.be/be/marques
https://la-cabrade.be/fr/nos-marques/dyon/,https://www.sellerie-lacabrade.be/be/marques/dyon
https://la-cabrade.be/nl/onze-merken/dyon/,https://www.sellerie-lacabrade.be/be/marques/dyon
https://la-cabrade.be/fr/nos-marques/flex-on/,https://www.sellerie-lacabrade.be/be/marques/flex-on
https://la-cabrade.be/nl/onze-merken/flex-on/,https://www.sellerie-lacabrade.be/be/marques/flex-on
https://la-cabrade.be/fr/nos-marques/kask/,https://www.sellerie-lacabrade.be/be/marques/kask
https://la-cabrade.be/nl/onze-merken/kask/,https://www.sellerie-lacabrade.be/be/marques/kask
https://la-cabrade.be/fr/nos-marques/one/,https://www.sellerie-lacabrade.be/be/marques/one
https://la-cabrade.be/nl/onze-merken/one/,https://www.sellerie-lacabrade.be/be/marques/one
https://la-cabrade.be/fr/nos-marques/sapo/,https://www.sellerie-lacabrade.be/be/marques/sapo
https://la-cabrade.be/nl/onze-merken/sapo/,https://www.sellerie-lacabrade.be/be/marques/sapo
https://la-cabrade.be/fr/nos-marques/zandona/,https://www.sellerie-lacabrade.be/be/marques/zandona
https://la-cabrade.be/nl/onze-merken/zandona/,https://www.sellerie-lacabrade.be/be/marques/zandona
https://la-cabrade.be/fr/nos-marques/absorbine/,https://www.sellerie-lacabrade.be/be/marques/absorbine
https://la-cabrade.be/nl/onze-merken/absorbine/,https://www.sellerie-lacabrade.be/be/marques/absorbine
https://la-cabrade.be/fr/nos-marques/ego7/,https://www.sellerie-lacabrade.be/be/marques
https://la-cabrade.be/nl/onze-merken/ego7/,https://www.sellerie-lacabrade.be/be/marques
https://la-cabrade.be/fr/nos-marques/foran/,https://www.sellerie-lacabrade.be/be/marques/foran
https://la-cabrade.be/nl/onze-merken/foran/,https://www.sellerie-lacabrade.be/be/marques/foran
https://la-cabrade.be/fr/nos-marques/kavalkade/,https://www.sellerie-lacabrade.be/be/marques
https://la-cabrade.be/nl/onze-merken/kavalkade/,https://www.sellerie-lacabrade.be/be/marques
https://la-cabrade.be/fr/nos-marques/paddock/,https://www.sellerie-lacabrade.be/be/marques
https://la-cabrade.be/nl/onze-merken/paddock/,https://www.sellerie-lacabrade.be/be/marques
https://la-cabrade.be/fr/nos-marques/acavallo/,https://www.sellerie-lacabrade.be/be/marques
https://la-cabrade.be/nl/onze-merken/acavallo/,https://www.sellerie-lacabrade.be/be/marques
https://la-cabrade.be/fr/nos-marques/ekiss/,https://www.sellerie-lacabrade.be/be/marques
https://la-cabrade.be/nl/onze-merken/ekiss/,https://www.sellerie-lacabrade.be/be/marques
https://la-cabrade.be/fr/nos-marques/freejump/,https://www.sellerie-lacabrade.be/be/marques/freejump
https://la-cabrade.be/nl/onze-merken/freejump/,https://www.sellerie-lacabrade.be/be/marques/freejump
https://la-cabrade.be/fr/nos-marques/kentucky/,https://www.sellerie-lacabrade.be/be/marques/kentucky
https://la-cabrade.be/nl/onze-merken/kentucky/,https://www.sellerie-lacabrade.be/be/marques/kentucky
https://la-cabrade.be/fr/nos-marques/penelope/,https://www.sellerie-lacabrade.be/be/marques/penelope
https://la-cabrade.be/nl/onze-merken/penelope/,https://www.sellerie-lacabrade.be/be/marques/penelope
https://la-cabrade.be/fr/nos-marques/spark/,https://www.sellerie-lacabrade.be/be/marques/spark
https://la-cabrade.be/nl/onze-merken/spark/,https://www.sellerie-lacabrade.be/be/marques/spark
https://la-cabrade.be/fr/nos-marques/equiline/,https://www.sellerie-lacabrade.be/be/marques
https://la-cabrade.be/nl/onze-merken/equiline/,https://www.sellerie-lacabrade.be/be/marques
https://la-cabrade.be/fr/nos-marques/grooming-de-luxe/,https://www.sellerie-lacabrade.be/be/marques/grooming-de-luxe
https://la-cabrade.be/nl/onze-merken/grooming-de-luxe/,https://www.sellerie-lacabrade.be/be/marques/grooming-de-luxe
https://la-cabrade.be/fr/nos-marques/kep/,https://www.sellerie-lacabrade.be/be/marques
https://la-cabrade.be/nl/onze-merken/kep/,https://www.sellerie-lacabrade.be/be/marques
https://la-cabrade.be/fr/nos-marques/animo/,https://www.sellerie-lacabrade.be/be/marques/animo
https://la-cabrade.be/nl/onze-merken/animo/,https://www.sellerie-lacabrade.be/be/marques/animo
https://la-cabrade.be/fr/nos-marques/equipe/,https://www.sellerie-lacabrade.be/be/marques/equipe
https://la-cabrade.be/nl/onze-merken/equipe/,https://www.sellerie-lacabrade.be/be/marques/equipe
https://la-cabrade.be/fr/nos-marques/harcour/,https://www.sellerie-lacabrade.be/be/marques/harcour
https://la-cabrade.be/nl/onze-merken/harcour/,https://www.sellerie-lacabrade.be/be/marques/harcour
https://la-cabrade.be/fr/nos-marques/kevin-bacon/,https://www.sellerie-lacabrade.be/be/marques/kevin-bacon
https://la-cabrade.be/nl/onze-merken/kevin-bacon/,https://www.sellerie-lacabrade.be/be/marques/kevin-bacon
https://la-cabrade.be/fr/nos-marques/pikeur/,https://www.sellerie-lacabrade.be/be/marques/pikeur
https://la-cabrade.be/nl/onze-merken/pikeur/,https://www.sellerie-lacabrade.be/be/marques/pikeur
https://la-cabrade.be/fr/nos-marques/sprenger/,https://www.sellerie-lacabrade.be/be/marques/sprenger
https://la-cabrade.be/nl/onze-merken/sprenger/,https://www.sellerie-lacabrade.be/be/marques/sprenger
https://la-cabrade.be/fr/nos-marques/waldhausen/,https://www.sellerie-lacabrade.be/be/marques/waldhausen
https://la-cabrade.be/nl/onze-merken/waldhausen/,https://www.sellerie-lacabrade.be/be/marques/waldhausen
https://la-cabrade.be/fr/nos-marques/anky/,https://www.sellerie-lacabrade.be/be/marques/anky
https://la-cabrade.be/nl/onze-merken/anky/,https://www.sellerie-lacabrade.be/be/marques/anky
https://la-cabrade.be/fr/nos-marques/equistro/,https://www.sellerie-lacabrade.be/be/marques
https://la-cabrade.be/nl/onze-merken/equistro/,https://www.sellerie-lacabrade.be/be/marques
https://la-cabrade.be/fr/nos-marques/heiniger/,https://www.sellerie-lacabrade.be/be/marques/heiniger
https://la-cabrade.be/nl/onze-merken/heiniger/,https://www.sellerie-lacabrade.be/be/marques/heiniger
https://la-cabrade.be/fr/nos-marques/kingsland/,https://www.sellerie-lacabrade.be/be/marques/kingsland
https://la-cabrade.be/nl/onze-merken/kingsland/,https://www.sellerie-lacabrade.be/be/marques/kingsland
https://la-cabrade.be/fr/nos-marques/stubben/,https://www.sellerie-lacabrade.be/be/marques/stubben
https://la-cabrade.be/nl/onze-merken/stubben/,https://www.sellerie-lacabrade.be/be/marques/stubben
https://la-cabrade.be/fr/categorie-produit/non-classe/,https://www.sellerie-lacabrade.be/be/store
https://la-cabrade.be/nl/productcategorie/non-classe/,https://www.sellerie-lacabrade.be/be/store
https://la-cabrade.be/fr/categorie-produit/cheval/protections/amortisseurs/,https://www.sellerie-lacabrade.be/be/store
https://la-cabrade.be/nl/productcategorie/cheval/protections/amortisseurs/,https://www.sellerie-lacabrade.be/be/store
https://la-cabrade.be/fr/categorie-produit/cavalier/accessoires/casquettes/,https://www.sellerie-lacabrade.be/be/categories/casquettes
https://la-cabrade.be/nl/productcategorie/cavalier/accessoires/casquettes/,https://www.sellerie-lacabrade.be/be/categories/casquettes
https://la-cabrade.be/fr/categorie-produit/cheval/couvertures/couvertures-de-box/,https://www.sellerie-lacabrade.be/be/categories/couvertures-d'ecurie
https://la-cabrade.be/nl/productcategorie/cheval/couvertures/couvertures-de-box/,https://www.sellerie-lacabrade.be/be/categories/couvertures-d'ecurie
https://la-cabrade.be/fr/categorie-produit/cheval/mors/double-brisure/,https://www.sellerie-lacabrade.be/be/categories/mors
https://la-cabrade.be/nl/productcategorie/cheval/mors/double-brisure/,https://www.sellerie-lacabrade.be/be/categories/mors
https://la-cabrade.be/fr/categorie-produit/ecuries/jeux-friandises/friandises/,https://www.sellerie-lacabrade.be/be/categories/friandises
https://la-cabrade.be/nl/productcategorie/ecuries/jeux-friandises/friandises/,https://www.sellerie-lacabrade.be/be/categories/friandises
https://la-cabrade.be/fr/categorie-produit/chiens/chien/manteaux/,https://www.sellerie-lacabrade.be/be/store
https://la-cabrade.be/nl/productcategorie/chiens/chien/manteaux/,https://www.sellerie-lacabrade.be/be/store
https://la-cabrade.be/fr/categorie-produit/cheval/mors/pelhams/,https://www.sellerie-lacabrade.be/be/categories/mors
https://la-cabrade.be/nl/productcategorie/cheval/mors/pelhams/,https://www.sellerie-lacabrade.be/be/categories/mors
https://la-cabrade.be/fr/categorie-produit/ecuries/ecurie/sacs-a-casques-et-bombes/,https://www.sellerie-lacabrade.be/be/categories/-ecurie
https://la-cabrade.be/nl/productcategorie/ecuries/ecurie/sacs-a-casques-et-bombes/,https://www.sellerie-lacabrade.be/be/categories/-ecurie
https://la-cabrade.be/fr/categorie-produit/cheval/protections/therapeutique/,https://www.sellerie-lacabrade.be/be/categories/protections
https://la-cabrade.be/nl/productcategorie/cheval/protections/therapeutique/,https://www.sellerie-lacabrade.be/be/categories/protections
https://la-cabrade.be/fr/categorie-produit/ecuries/marechalerie-crampons/,https://www.sellerie-lacabrade.be/be/store
https://la-cabrade.be/nl/productcategorie/ecuries/marechalerie-crampons/,https://www.sellerie-lacabrade.be/be/store
https://la-cabrade.be/fr/categorie-produit/soins-alimentation/soins-du-cheval-soins-alimentation/soins-robe-et-criniere-soins-du-cheval-soins-alimentation/,https://www.sellerie-lacabrade.be/be/store
https://la-cabrade.be/nl/productcategorie/soins-alimentation/soins-du-cheval-soins-alimentation/soins-robe-et-criniere-soins-du-cheval-soins-alimentation/,https://www.sellerie-lacabrade.be/be/store
https://la-cabrade.be/fr/categorie-produit/ecuries/,https://www.sellerie-lacabrade.be/be/categories/-ecurie
https://la-cabrade.be/nl/productcategorie/ecuries/,https://www.sellerie-lacabrade.be/be/categories/-ecurie
https://la-cabrade.be/fr/categorie-produit/cheval/protections/autres-protections/,https://www.sellerie-lacabrade.be/be/categories/protections
https://la-cabrade.be/nl/productcategorie/cheval/protections/autres-protections/,https://www.sellerie-lacabrade.be/be/categories/protections
https://la-cabrade.be/fr/categorie-produit/cavalier/accessoires/ceintures/,https://www.sellerie-lacabrade.be/be/categories/ceintures
https://la-cabrade.be/nl/productcategorie/cavalier/accessoires/ceintures/,https://www.sellerie-lacabrade.be/be/categories/ceintures
https://la-cabrade.be/fr/categorie-produit/cheval/couvertures/couvertures-de-marcheurs/,https://www.sellerie-lacabrade.be/be/categories/couvertures-de-marcheur-et-couvre-reins
https://la-cabrade.be/nl/productcategorie/cheval/couvertures/couvertures-de-marcheurs/,https://www.sellerie-lacabrade.be/be/categories/couvertures-de-marcheur-et-couvre-reins
https://la-cabrade.be/fr/categorie-produit/cheval/tapis-de-selles-bonnets/dressage/,https://www.sellerie-lacabrade.be/be/categories/obstacle-et-dressage
https://la-cabrade.be/nl/productcategorie/cheval/tapis-de-selles-bonnets/dressage/,https://www.sellerie-lacabrade.be/be/categories/obstacle-et-dressage
https://la-cabrade.be/fr/categorie-produit/cavalier/gants/,https://www.sellerie-lacabrade.be/be/categories/gants
https://la-cabrade.be/nl/productcategorie/cavalier/gants/,https://www.sellerie-lacabrade.be/be/categories/gants
https://la-cabrade.be/fr/categorie-produit/ecuries/marechalerie-crampons/marechalerie/,https://www.sellerie-lacabrade.be/be/store
https://la-cabrade.be/nl/productcategorie/ecuries/marechalerie-crampons/marechalerie/,https://www.sellerie-lacabrade.be/be/store
https://la-cabrade.be/fr/categorie-produit/cheval/mors/pessoas/,https://www.sellerie-lacabrade.be/be/categories/mors
https://la-cabrade.be/nl/productcategorie/cheval/mors/pessoas/,https://www.sellerie-lacabrade.be/be/categories/mors
https://la-cabrade.be/fr/categorie-produit/ecuries/ecurie/sacs-de-tapis-de-selle/,https://www.sellerie-lacabrade.be/be/categories/-ecurie
https://la-cabrade.be/nl/productcategorie/ecuries/ecurie/sacs-de-tapis-de-selle/,https://www.sellerie-lacabrade.be/be/categories/-ecurie
https://la-cabrade.be/fr/categorie-produit/ecuries/tondeuses-accessoires/tondeuses/,https://www.sellerie-lacabrade.be/be/categories/tondeuses-et-peignes
https://la-cabrade.be/nl/productcategorie/ecuries/tondeuses-accessoires/tondeuses/,https://www.sellerie-lacabrade.be/be/categories/tondeuses-et-peignes
https://la-cabrade.be/fr/categorie-produit/soins-alimentation/,https://www.sellerie-lacabrade.be/be/categories/soins-et-alimentation
https://la-cabrade.be/nl/productcategorie/soins-alimentation/,https://www.sellerie-lacabrade.be/be/categories/soins-et-alimentation
https://la-cabrade.be/fr/categorie-produit/nouveautes/,https://www.sellerie-lacabrade.be/be/store
https://la-cabrade.be/nl/productcategorie/nouveautes/,https://www.sellerie-lacabrade.be/be/store
https://la-cabrade.be/fr/categorie-produit/ecuries/ecurie/,https://www.sellerie-lacabrade.be/be/categories/-ecurie
https://la-cabrade.be/nl/productcategorie/ecuries/ecurie/,https://www.sellerie-lacabrade.be/be/categories/-ecurie
https://la-cabrade.be/fr/categorie-produit/cheval/protections/bandes-guetres-et-sous-bandages-de-repos/,https://www.sellerie-lacabrade.be/be/store
https://la-cabrade.be/nl/productcategorie/cheval/protections/bandes-guetres-et-sous-bandages-de-repos/,https://www.sellerie-lacabrade.be/be/store
https://la-cabrade.be/fr/categorie-produit/cavalier/bottes-boots-chaps/chaps/,https://www.sellerie-lacabrade.be/be/categories/bottes-et-bottines
https://la-cabrade.be/nl/productcategorie/cavalier/bottes-boots-chaps/chaps/,https://www.sellerie-lacabrade.be/be/categories/bottes-et-bottines
https://la-cabrade.be/fr/categorie-produit/cheval/mors/droits/,https://www.sellerie-lacabrade.be/be/categories/mors
https://la-cabrade.be/nl/productcategorie/cheval/mors/droits/,https://www.sellerie-lacabrade.be/be/categories/mors
https://la-cabrade.be/fr/categorie-produit/cavalier/gants/gants-de-travail/,https://www.sellerie-lacabrade.be/be/categories/gants
https://la-cabrade.be/nl/productcategorie/cavalier/gants/gants-de-travail/,https://www.sellerie-lacabrade.be/be/categories/gants
https://la-cabrade.be/fr/categorie-produit/cheval/enrenements-montes/martingales-et-thiedemann/,https://www.sellerie-lacabrade.be/be/store
https://la-cabrade.be/nl/productcategorie/cheval/enrenements-montes/martingales-et-thiedemann/,https://www.sellerie-lacabrade.be/be/store
https://la-cabrade.be/fr/categorie-produit/cheval/briderie/pieces-detachees/,https://www.sellerie-lacabrade.be/be/categories/briderie
https://la-cabrade.be/nl/productcategorie/cheval/briderie/pieces-detachees/,https://www.sellerie-lacabrade.be/be/categories/briderie
https://la-cabrade.be/fr/categorie-produit/ecuries/ecurie/sacs-et-housse-de-selles/,https://www.sellerie-lacabrade.be/be/categories/-ecurie
https://la-cabrade.be/nl/productcategorie/ecuries/ecurie/sacs-et-housse-de-selles/,https://www.sellerie-lacabrade.be/be/categories/-ecurie
https://la-cabrade.be/fr/categorie-produit/cheval/enrenements-a-pieds-longes/travail-a-pieds/,https://www.sellerie-lacabrade.be/be/store
https://la-cabrade.be/nl/productcategorie/cheval/enrenements-a-pieds-longes/travail-a-pieds/,https://www.sellerie-lacabrade.be/be/store
https://la-cabrade.be/fr/categorie-produit/cavalier/casques-bombes/casques-et-bombes/,https://www.sellerie-lacabrade.be/be/categories/casques
https://la-cabrade.be/nl/productcategorie/cavalier/casques-bombes/casques-et-bombes/,https://www.sellerie-lacabrade.be/be/categories/casques
https://la-cabrade.be/fr/categorie-produit/casque-br/,https://www.sellerie-lacabrade.be/be/categories/casques
https://la-cabrade.be/nl/productcategorie/casque-br/,https://www.sellerie-lacabrade.be/be/categories/casques
https://la-cabrade.be/fr/categorie-produit/ecuries/ecurie/abreuvoirs/,https://www.sellerie-lacabrade.be/be/categories/-ecurie
https://la-cabrade.be/nl/productcategorie/ecuries/ecurie/abreuvoirs/,https://www.sellerie-lacabrade.be/be/categories/-ecurie
https://la-cabrade.be/fr/categorie-produit/cheval/protections/bandes-guetres-et-sous-bandages-de-transport/,https://www.sellerie-lacabrade.be/be/store
https://la-cabrade.be/nl/productcategorie/cheval/protections/bandes-guetres-et-sous-bandages-de-transport/,https://www.sellerie-lacabrade.be/be/store
https://la-cabrade.be/fr/categorie-produit/cavalier/accessoires/chaussettes/,https://www.sellerie-lacabrade.be/be/categories/chaussettes
https://la-cabrade.be/nl/productcategorie/cavalier/accessoires/chaussettes/,https://www.sellerie-lacabrade.be/be/categories/chaussettes
https://la-cabrade.be/fr/categorie-produit/cheval/couvertures/couvertures-dexterieur/,https://www.sellerie-lacabrade.be/be/categories/couvertures-d'extérieur
https://la-cabrade.be/nl/productcategorie/cheval/couvertures/couvertures-dexterieur/,https://www.sellerie-lacabrade.be/be/categories/couvertures-d'extérieur
https://la-cabrade.be/fr/categorie-produit/cavalier/gants/gants-techniques/,https://www.sellerie-lacabrade.be/be/categories/gants
https://la-cabrade.be/nl/productcategorie/cavalier/gants/gants-techniques/,https://www.sellerie-lacabrade.be/be/categories/gants
https://la-cabrade.be/fr/categorie-produit/cheval/protections-anti-mouches/masques-et-franges/,https://www.sellerie-lacabrade.be/be/categories/masques-et-franges-anti-mouche
https://la-cabrade.be/nl/productcategorie/cheval/protections-anti-mouches/masques-et-franges/,https://www.sellerie-lacabrade.be/be/categories/masques-et-franges-anti-mouche
https://la-cabrade.be/fr/categorie-produit/cheval/couvertures/polars-et-sechantes/,https://www.sellerie-lacabrade.be/be/categories/couvertures
https://la-cabrade.be/nl/productcategorie/cheval/couvertures/polars-et-sechantes/,https://www.sellerie-lacabrade.be/be/categories/couvertures
https://la-cabrade.be/fr/categorie-produit/cheval/equipements-de-la-selle/sangles-bavette/,https://www.sellerie-lacabrade.be/be/categories/sangles-et-bavettes
https://la-cabrade.be/nl/productcategorie/cheval/equipements-de-la-selle/sangles-bavette/,https://www.sellerie-lacabrade.be/be/categories/sangles-et-bavettes
https://la-cabrade.be/fr/categorie-produit/cavalier/concours/vestes-de-concours/,https://www.sellerie-lacabrade.be/be/categories/vestes-de-concours
https://la-cabrade.be/nl/productcategorie/cavalier/concours/vestes-de-concours/,https://www.sellerie-lacabrade.be/be/categories/vestes-de-concours
https://la-cabrade.be/fr/categorie-produit/outlet/,https://www.sellerie-lacabrade.be/be/categories/outlet
https://la-cabrade.be/nl/productcategorie/outlet/,https://www.sellerie-lacabrade.be/be/categories/outlet
https://la-cabrade.be/fr/categorie-produit/tapis-de-selles-et-bonnets-kentucky/,https://www.sellerie-lacabrade.be/be/categories/tapis-de-selle-et-bonnets
https://la-cabrade.be/nl/productcategorie/tapis-de-selles-et-bonnets-kentucky/,https://www.sellerie-lacabrade.be/be/categories/tapis-de-selle-et-bonnets
https://la-cabrade.be/fr/categorie-produit/cavalier/,https://www.sellerie-lacabrade.be/be/categories/cavalier
https://la-cabrade.be/nl/productcategorie/cavalier/,https://www.sellerie-lacabrade.be/be/categories/cavalier
https://la-cabrade.be/fr/categorie-produit/cheval/protections/bandes-guetres-et-sous-bandages-de-travail/,https://www.sellerie-lacabrade.be/be/store
https://la-cabrade.be/nl/productcategorie/cheval/protections/bandes-guetres-et-sous-bandages-de-travail/,https://www.sellerie-lacabrade.be/be/store
https://la-cabrade.be/fr/categorie-produit/cheval/protections-anti-mouches/,https://www.sellerie-lacabrade.be/be/store
https://la-cabrade.be/nl/productcategorie/cheval/protections-anti-mouches/,https://www.sellerie-lacabrade.be/be/store
https://la-cabrade.be/fr/categorie-produit/cheval/couvertures/couvre-reins/,https://www.sellerie-lacabrade.be/be/categories/couvertures-de-marcheur-et-couvre-reins
https://la-cabrade.be/nl/productcategorie/cheval/couvertures/couvre-reins/,https://www.sellerie-lacabrade.be/be/categories/couvertures-de-marcheur-et-couvre-reins
https://la-cabrade.be/fr/categorie-produit/cavalier/polos-t-shirts/enfant/,https://www.sellerie-lacabrade.be/be/categories/t-shirts-et-polos
https://la-cabrade.be/nl/productcategorie/cavalier/polos-t-shirts/enfant/,https://www.sellerie-lacabrade.be/be/categories/t-shirts-et-polos
https://la-cabrade.be/fr/categorie-produit/cheval/protections/guetres-de-travail/,https://www.sellerie-lacabrade.be/be/store
https://la-cabrade.be/nl/productcategorie/cheval/protections/guetres-de-travail/,https://www.sellerie-lacabrade.be/be/store
https://la-cabrade.be/fr/categorie-produit/soins-alimentation/complements-alimentaires/metabolisme/,https://www.sellerie-lacabrade.be/be/categories/complements-alimentaires
https://la-cabrade.be/nl/productcategorie/soins-alimentation/complements-alimentaires/metabolisme/,https://www.sellerie-lacabrade.be/be/categories/complements-alimentaires
https://la-cabrade.be/fr/categorie-produit/cavalier/polos-t-shirts/polos-de-concours/,https://www.sellerie-lacabrade.be/be/categories/polos-de-concours
https://la-cabrade.be/nl/productcategorie/cavalier/polos-t-shirts/polos-de-concours/,https://www.sellerie-lacabrade.be/be/categories/polos-de-concours
https://la-cabrade.be/fr/categorie-produit/cheval/equipements-de-la-selle/sangles-de-dressage/,https://www.sellerie-lacabrade.be/be/categories/sangles-et-bavettes
https://la-cabrade.be/nl/productcategorie/cheval/equipements-de-la-selle/sangles-de-dressage/,https://www.sellerie-lacabrade.be/be/categories/sangles-et-bavettes
https://la-cabrade.be/fr/categorie-produit/soins-alimentation/complements-alimentaires/vitamines-et-mineraux/,https://www.sellerie-lacabrade.be/be/categories/complements-alimentaires
https://la-cabrade.be/nl/productcategorie/soins-alimentation/complements-alimentaires/vitamines-et-mineraux/,https://www.sellerie-lacabrade.be/be/categories/complements-alimentaires
https://la-cabrade.be/fr/categorie-produit/soins-alimentation/soins-du-cheval-soins-alimentation/,https://www.sellerie-lacabrade.be/be/categories/soins-et-alimentation
https://la-cabrade.be/nl/productcategorie/soins-alimentation/soins-du-cheval-soins-alimentation/,https://www.sellerie-lacabrade.be/be/categories/soins-et-alimentation
https://la-cabrade.be/fr/categorie-produit/cadeaux/,https://www.sellerie-lacabrade.be/be/store
https://la-cabrade.be/nl/productcategorie/cadeaux/,https://www.sellerie-lacabrade.be/be/store
https://la-cabrade.be/fr/categorie-produit/cavalier/accessoires/,https://www.sellerie-lacabrade.be/be/categories/accessoires-cavalier
https://la-cabrade.be/nl/productcategorie/cavalier/accessoires/,https://www.sellerie-lacabrade.be/be/categories/accessoires-cavalier
https://la-cabrade.be/fr/categorie-produit/cavalier/accessoires/bijoux-et-autres/,https://www.sellerie-lacabrade.be/be/categories/bijoux-et-autres
https://la-cabrade.be/nl/productcategorie/cavalier/accessoires/bijoux-et-autres/,https://www.sellerie-lacabrade.be/be/categories/bijoux-et-autres
https://la-cabrade.be/fr/categorie-produit/cheval/protections-anti-mouches/chemises-anti-eczema/,https://www.sellerie-lacabrade.be/be/store
https://la-cabrade.be/nl/productcategorie/cheval/protections-anti-mouches/chemises-anti-eczema/,https://www.sellerie-lacabrade.be/be/store
https://la-cabrade.be/fr/categorie-produit/ecuries/marechalerie-crampons/crampons-et-accessoires/,https://www.sellerie-lacabrade.be/be/store
https://la-cabrade.be/nl/productcategorie/ecuries/marechalerie-crampons/crampons-et-accessoires/,https://www.sellerie-lacabrade.be/be/store
https://la-cabrade.be/fr/categorie-produit/cavalier/vestes-ete-mi-saison/enfant-vestes-ete-mi-saison/,https://www.sellerie-lacabrade.be/be/store
https://la-cabrade.be/nl/productcategorie/cavalier/vestes-ete-mi-saison/enfant-vestes-ete-mi-saison/,https://www.sellerie-lacabrade.be/be/store
https://la-cabrade.be/fr/categorie-produit/cheval/protections/guetres-rigides/,https://www.sellerie-lacabrade.be/be/store
https://la-cabrade.be/nl/productcategorie/cheval/protections/guetres-rigides/,https://www.sellerie-lacabrade.be/be/store
https://la-cabrade.be/fr/categorie-produit/cheval/mors/mors-de-bride/,https://www.sellerie-lacabrade.be/be/store
https://la-cabrade.be/nl/productcategorie/cheval/mors/mors-de-bride/,https://www.sellerie-lacabrade.be/be/store
https://la-cabrade.be/fr/categorie-produit/cheval/tapis-de-selles-bonnets/poney-et-shetland/,https://www.sellerie-lacabrade.be/be/store
https://la-cabrade.be/nl/productcategorie/cheval/tapis-de-selles-bonnets/poney-et-shetland/,https://www.sellerie-lacabrade.be/be/store
https://la-cabrade.be/fr/categorie-produit/cheval/equipements-de-la-selle/sangles-et-accessoires/,https://www.sellerie-lacabrade.be/be/store
https://la-cabrade.be/nl/productcategorie/cheval/equipements-de-la-selle/sangles-et-accessoires/,https://www.sellerie-lacabrade.be/be/store
https://la-cabrade.be/fr/categorie-produit/soins-alimentation/soins-du-cheval-soins-alimentation/produits-anti-insectes-soins-du-cheval-soins-alimentation/,https://www.sellerie-lacabrade.be/be/store
https://la-cabrade.be/nl/productcategorie/soins-alimentation/soins-du-cheval-soins-alimentation/produits-anti-insectes-soins-du-cheval-soins-alimentation/,https://www.sellerie-lacabrade.be/be/store
https://la-cabrade.be/fr/categorie-produit/cheval/protections/guetres-rigides/guetres-kentucky/,https://www.sellerie-lacabrade.be/be/store
https://la-cabrade.be/nl/productcategorie/cheval/protections/guetres-rigides/guetres-kentucky/,https://www.sellerie-lacabrade.be/be/store
https://la-cabrade.be/fr/categorie-produit/cavalier/concours/,https://www.sellerie-lacabrade.be/be/categories/concours
https://la-cabrade.be/nl/productcategorie/cavalier/concours/,https://www.sellerie-lacabrade.be/be/categories/concours
https://la-cabrade.be/fr/categorie-produit/soins-alimentation/pansage/,https://www.sellerie-lacabrade.be/be/categories/pansage
https://la-cabrade.be/nl/productcategorie/soins-alimentation/pansage/,https://www.sellerie-lacabrade.be/be/categories/pansage
https://la-cabrade.be/fr/categorie-produit/cheval/protections-anti-mouches/chemises-anti-mouches/,https://www.sellerie-lacabrade.be/be/store
https://la-cabrade.be/nl/productcategorie/cheval/protections-anti-mouches/chemises-anti-mouches/,https://www.sellerie-lacabrade.be/be/store
https://la-cabrade.be/fr/categorie-produit/cavalier/cravaches-eperons/cravaches/,https://www.sellerie-lacabrade.be/be/categories/cravaches
https://la-cabrade.be/nl/productcategorie/cavalier/cravaches-eperons/cravaches/,https://www.sellerie-lacabrade.be/be/categories/cravaches
https://la-cabrade.be/fr/categorie-produit/cavalier/vestes-hiver-equitation/enfant-vestes-dhiver/,https://www.sellerie-lacabrade.be/be/store
https://la-cabrade.be/nl/productcategorie/cavalier/vestes-hiver-equitation/enfant-vestes-dhiver/,https://www.sellerie-lacabrade.be/be/store
https://la-cabrade.be/fr/categorie-produit/cheval/protections/hipposandales/,https://www.sellerie-lacabrade.be/be/store
https://la-cabrade.be/nl/productcategorie/cheval/protections/hipposandales/,https://www.sellerie-lacabrade.be/be/store
https://la-cabrade.be/fr/categorie-produit/cheval/mors/mors-speciaux-et-accessoires/,https://www.sellerie-lacabrade.be/be/store
https://la-cabrade.be/nl/productcategorie/cheval/mors/mors-speciaux-et-accessoires/,https://www.sellerie-lacabrade.be/be/store
https://la-cabrade.be/fr/categorie-produit/cheval/protections/proteges-boulets/,https://www.sellerie-lacabrade.be/be/store
https://la-cabrade.be/nl/productcategorie/cheval/protections/proteges-boulets/,https://www.sellerie-lacabrade.be/be/store
https://la-cabrade.be/fr/categorie-produit/ecuries/ecurie/seaux-et-mangeoires/,https://www.sellerie-lacabrade.be/be/categories/seaux-et-mangeoires
https://la-cabrade.be/nl/productcategorie/ecuries/ecurie/seaux-et-mangeoires/,https://www.sellerie-lacabrade.be/be/categories/seaux-et-mangeoires
https://la-cabrade.be/fr/categorie-produit/cavalier/bottes-boots-chaps/,https://www.sellerie-lacabrade.be/be/categories/bottes-et-bottines
https://la-cabrade.be/nl/productcategorie/cavalier/bottes-boots-chaps/,https://www.sellerie-lacabrade.be/be/categories/bottes-et-bottines
https://la-cabrade.be/fr/categorie-produit/soins-alimentation/soins-du-cheval-soins-alimentation/shampoings-soins-du-cheval-soins-alimentation/,https://www.sellerie-lacabrade.be/be/store
https://la-cabrade.be/nl/productcategorie/soins-alimentation/soins-du-cheval-soins-alimentation/shampoings-soins-du-cheval-soins-alimentation/,https://www.sellerie-lacabrade.be/be/store
https://la-cabrade.be/fr/categorie-produit/cheval/protections/guetres-de-travail/guetres-de-travail-kentucky/,https://www.sellerie-lacabrade.be/be/store
https://la-cabrade.be/nl/productcategorie/cheval/protections/guetres-de-travail/guetres-de-travail-kentucky/,https://www.sellerie-lacabrade.be/be/store
https://la-cabrade.be/fr/categorie-produit/cavalier/concours/accessoires-de-concours/,https://www.sellerie-lacabrade.be/be/categories/accessoires-de-concours
https://la-cabrade.be/nl/productcategorie/cavalier/concours/accessoires-de-concours/,https://www.sellerie-lacabrade.be/be/categories/accessoires-de-concours
https://la-cabrade.be/fr/categorie-produit/soins-alimentation/pansage/boites-et-sacs-de-pansage/,https://www.sellerie-lacabrade.be/be/categories/boites-et-sacs-de-pansage
https://la-cabrade.be/nl/productcategorie/soins-alimentation/pansage/boites-et-sacs-de-pansage/,https://www.sellerie-lacabrade.be/be/categories/boites-et-sacs-de-pansage
https://la-cabrade.be/fr/categorie-produit/chiens/,https://www.sellerie-lacabrade.be/be/store
https://la-cabrade.be/nl/productcategorie/chiens/,https://www.sellerie-lacabrade.be/be/store
https://la-cabrade.be/fr/categorie-produit/soins-alimentation/pansage/crins/,https://www.sellerie-lacabrade.be/be/store
https://la-cabrade.be/nl/productcategorie/soins-alimentation/pansage/crins/,https://www.sellerie-lacabrade.be/be/store
https://la-cabrade.be/fr/categorie-produit/cavalier/pantalons/enfant-pantalons/,https://www.sellerie-lacabrade.be/be/store
https://la-cabrade.be/nl/productcategorie/cavalier/pantalons/enfant-pantalons/,https://www.sellerie-lacabrade.be/be/store
https://la-cabrade.be/fr/categorie-produit/cavalier/vestes-ete-mi-saison/homme/,https://www.sellerie-lacabrade.be/be/store
https://la-cabrade.be/nl/productcategorie/cavalier/vestes-ete-mi-saison/homme/,https://www.sellerie-lacabrade.be/be/store
https://la-cabrade.be/fr/categorie-produit/soins-alimentation/complements-alimentaires/muscles-recuperation-et-performance/,https://www.sellerie-lacabrade.be/be/store
https://la-cabrade.be/nl/productcategorie/soins-alimentation/complements-alimentaires/muscles-recuperation-et-performance/,https://www.sellerie-lacabrade.be/be/store
https://la-cabrade.be/fr/categorie-produit/cavalier/gilets-de-protection/proteges-dos/,https://www.sellerie-lacabrade.be/be/store
https://la-cabrade.be/nl/productcategorie/cavalier/gilets-de-protection/proteges-dos/,https://www.sellerie-lacabrade.be/be/store
https://la-cabrade.be/fr/categorie-produit/cheval/mors/simple-brisure/,https://www.sellerie-lacabrade.be/be/store
https://la-cabrade.be/nl/productcategorie/cheval/mors/simple-brisure/,https://www.sellerie-lacabrade.be/be/store
https://la-cabrade.be/fr/categorie-produit/cavalier/cravaches-eperons/,https://www.sellerie-lacabrade.be/be/store
https://la-cabrade.be/nl/productcategorie/cavalier/cravaches-eperons/,https://www.sellerie-lacabrade.be/be/store
https://la-cabrade.be/fr/categorie-produit/soins-alimentation/soins-du-cheval-soins-alimentation/soins-des-pieds-soins-du-cheval-soins-alimentation/,https://www.sellerie-lacabrade.be/be/store
https://la-cabrade.be/nl/productcategorie/soins-alimentation/soins-du-cheval-soins-alimentation/soins-des-pieds-soins-du-cheval-soins-alimentation/,https://www.sellerie-lacabrade.be/be/store
https://la-cabrade.be/fr/categorie-produit/lc-equestrian/,https://www.sellerie-lacabrade.be/be/categories/LC-Equestrian
https://la-cabrade.be/nl/productcategorie/lc-equestrian/,https://www.sellerie-lacabrade.be/be/categories/LC-Equestrian
https://la-cabrade.be/fr/categorie-produit/cheval/,https://www.sellerie-lacabrade.be/be/categories/cheval
https://la-cabrade.be/nl/productcategorie/cheval/,https://www.sellerie-lacabrade.be/be/categories/cheval
https://la-cabrade.be/fr/categorie-produit/cheval/tapis-de-selles-bonnets/bonnets/,https://www.sellerie-lacabrade.be/be/categories/bonnets
https://la-cabrade.be/nl/productcategorie/cheval/tapis-de-selles-bonnets/bonnets/,https://www.sellerie-lacabrade.be/be/categories/bonnets
https://la-cabrade.be/fr/categorie-produit/chiens/chien/,https://www.sellerie-lacabrade.be/be/store
https://la-cabrade.be/nl/productcategorie/chiens/chien/,https://www.sellerie-lacabrade.be/be/store
https://la-cabrade.be/fr/categorie-produit/cavalier/vestes-ete-mi-saison/dame/,https://www.sellerie-lacabrade.be/be/store
https://la-cabrade.be/nl/productcategorie/cavalier/vestes-ete-mi-saison/dame/,https://www.sellerie-lacabrade.be/be/store
https://la-cabrade.be/fr/categorie-produit/cheval/enrenements-a-pieds-longes/,https://www.sellerie-lacabrade.be/be/store
https://la-cabrade.be/nl/productcategorie/cheval/enrenements-a-pieds-longes/,https://www.sellerie-lacabrade.be/be/store
https://la-cabrade.be/fr/categorie-produit/cavalier/vestes-hiver-equitation/homme-vestes-dhiver/,https://www.sellerie-lacabrade.be/be/store
https://la-cabrade.be/nl/productcategorie/cavalier/vestes-hiver-equitation/homme-vestes-dhiver/,https://www.sellerie-lacabrade.be/be/store
https://la-cabrade.be/fr/categorie-produit/soins-alimentation/complements-alimentaires/nervosite-et-comportement/,https://www.sellerie-lacabrade.be/be/categories/nervosite-et-comportement
https://la-cabrade.be/nl/productcategorie/soins-alimentation/complements-alimentaires/nervosite-et-comportement/,https://www.sellerie-lacabrade.be/be/categories/nervosite-et-comportement
https://la-cabrade.be/fr/categorie-produit/cheval/briderie/renes-et-accessoires/,https://www.sellerie-lacabrade.be/be/categories/renes-et-accessoires
https://la-cabrade.be/nl/productcategorie/cheval/briderie/renes-et-accessoires/,https://www.sellerie-lacabrade.be/be/categories/renes-et-accessoires
https://la-cabrade.be/fr/categorie-produit/ecuries/ecurie/soin-du-cuir/,https://www.sellerie-lacabrade.be/be/store
https://la-cabrade.be/nl/productcategorie/ecuries/ecurie/soin-du-cuir/,https://www.sellerie-lacabrade.be/be/store
https://la-cabrade.be/fr/categorie-produit/ecuries/tondeuses-accessoires/,https://www.sellerie-lacabrade.be/be/store
https://la-cabrade.be/nl/productcategorie/ecuries/tondeuses-accessoires/,https://www.sellerie-lacabrade.be/be/store
https://la-cabrade.be/fr/categorie-produit/cavalier/coaching/kits-complets/,https://www.sellerie-lacabrade.be/be/store
https://la-cabrade.be/nl/productcategorie/cavalier/coaching/kits-complets/,https://www.sellerie-lacabrade.be/be/store
https://la-cabrade.be/fr/categorie-produit/cheval/couvertures/,https://www.sellerie-lacabrade.be/be/categories/couvertures
https://la-cabrade.be/nl/productcategorie/cheval/couvertures/,https://www.sellerie-lacabrade.be/be/categories/couvertures
https://la-cabrade.be/fr/categorie-produit/cavalier/accessoires/bonnets-et-bandeaux/,https://www.sellerie-lacabrade.be/be/store
https://la-cabrade.be/nl/productcategorie/cavalier/accessoires/bonnets-et-bandeaux/,https://www.sellerie-lacabrade.be/be/store
https://la-cabrade.be/fr/categorie-produit/cheval/protections/cloches-et-proteges-glomes/,https://www.sellerie-lacabrade.be/be/store
https://la-cabrade.be/nl/productcategorie/cheval/protections/cloches-et-proteges-glomes/,https://www.sellerie-lacabrade.be/be/store
https://la-cabrade.be/fr/categorie-produit/cavalier/polos-t-shirts/dame-polos-t-shirts/,https://www.sellerie-lacabrade.be/be/store
https://la-cabrade.be/nl/productcategorie/cavalier/polos-t-shirts/dame-polos-t-shirts/,https://www.sellerie-lacabrade.be/be/store
https://la-cabrade.be/fr/categorie-produit/cavalier/cravaches-eperons/eperons-et-accessoires/,https://www.sellerie-lacabrade.be/be/store
https://la-cabrade.be/nl/productcategorie/cavalier/cravaches-eperons/eperons-et-accessoires/,https://www.sellerie-lacabrade.be/be/store
https://la-cabrade.be/fr/categorie-produit/cavalier/sweats-pulls/homme-sweats-pulls/,https://www.sellerie-lacabrade.be/be/store
https://la-cabrade.be/nl/productcategorie/cavalier/sweats-pulls/homme-sweats-pulls/,https://www.sellerie-lacabrade.be/be/store
https://la-cabrade.be/fr/categorie-produit/cheval/selles/,https://www.sellerie-lacabrade.be/be/categories/selles
https://la-cabrade.be/nl/productcategorie/cheval/selles/,https://www.sellerie-lacabrade.be/be/categories/selles
https://la-cabrade.be/fr/categorie-produit/cheval/enrenements-montes/renes-fixes-et-coulissantes/,https://www.sellerie-lacabrade.be/be/store
https://la-cabrade.be/nl/productcategorie/cheval/enrenements-montes/renes-fixes-et-coulissantes/,https://www.sellerie-lacabrade.be/be/store
https://la-cabrade.be/fr/categorie-produit/cavalier/coaching/,https://www.sellerie-lacabrade.be/be/categories/cavalier
https://la-cabrade.be/nl/productcategorie/cavalier/coaching/,https://www.sellerie-lacabrade.be/be/categories/cavalier
https://la-cabrade.be/fr/categorie-produit/cheval/licols-cordes/ethologie/,https://www.sellerie-lacabrade.be/be/store
https://la-cabrade.be/nl/productcategorie/cheval/licols-cordes/ethologie/,https://www.sellerie-lacabrade.be/be/store
https://la-cabrade.be/fr/categorie-produit/cheval/couvertures/accessoires-de-couvertures/,https://www.sellerie-lacabrade.be/be/store
https://la-cabrade.be/nl/productcategorie/cheval/couvertures/accessoires-de-couvertures/,https://www.sellerie-lacabrade.be/be/store
https://la-cabrade.be/fr/categorie-produit/cavalier/bottes-boots-chaps/bottes-et-accessoires/,https://www.sellerie-lacabrade.be/be/store
https://la-cabrade.be/nl/productcategorie/cavalier/bottes-boots-chaps/bottes-et-accessoires/,https://www.sellerie-lacabrade.be/be/store
https://la-cabrade.be/fr/categorie-produit/cheval/enrenements-montes/,https://www.sellerie-lacabrade.be/be/store
https://la-cabrade.be/nl/productcategorie/cheval/enrenements-montes/,https://www.sellerie-lacabrade.be/be/store
https://la-cabrade.be/fr/categorie-produit/cavalier/vestes-hiver-equitation/,https://www.sellerie-lacabrade.be/be/categories/vestes
https://la-cabrade.be/nl/productcategorie/cavalier/vestes-hiver-equitation/,https://www.sellerie-lacabrade.be/be/categories/vestes
https://la-cabrade.be/fr/categorie-produit/soins-alimentation/pansage/eponges-et-couteaux/,https://www.sellerie-lacabrade.be/be/categories/pansage
https://la-cabrade.be/nl/productcategorie/soins-alimentation/pansage/eponges-et-couteaux/,https://www.sellerie-lacabrade.be/be/categories/pansage
https://la-cabrade.be/fr/categorie-produit/cavalier/pantalons/homme-pantalons/,https://www.sellerie-lacabrade.be/be/categories/pantalons
https://la-cabrade.be/nl/productcategorie/cavalier/pantalons/homme-pantalons/,https://www.sellerie-lacabrade.be/be/categories/pantalons
https://la-cabrade.be/fr/categorie-produit/cheval/selles/nos-selles/,https://www.sellerie-lacabrade.be/be/categories/selles
https://la-cabrade.be/nl/productcategorie/cheval/selles/nos-selles/,https://www.sellerie-lacabrade.be/be/categories/selles
https://la-cabrade.be/fr/categorie-produit/soins-alimentation/pansage/robe/,https://www.sellerie-lacabrade.be/be/categories/robe
https://la-cabrade.be/nl/productcategorie/soins-alimentation/pansage/robe/,https://www.sellerie-lacabrade.be/be/categories/robe
https://la-cabrade.be/fr/categorie-produit/ecuries/ecurie/supports-et-rangements/,https://www.sellerie-lacabrade.be/be/categories/-ecurie
https://la-cabrade.be/nl/productcategorie/ecuries/ecurie/supports-et-rangements/,https://www.sellerie-lacabrade.be/be/categories/-ecurie
https://la-cabrade.be/fr/categorie-produit/cavalier/coaching/accessoires-coaching/,https://www.sellerie-lacabrade.be/be/categories/accessoires-cavalier
https://la-cabrade.be/nl/productcategorie/cavalier/coaching/accessoires-coaching/,https://www.sellerie-lacabrade.be/be/categories/accessoires-cavalier
https://la-cabrade.be/fr/categorie-produit/cavalier/casques-bombes/casques-et-bombes/accessoires-de-casques-et-bombes-casques-et-bombes/,https://www.sellerie-lacabrade.be/be/store
https://la-cabrade.be/nl/productcategorie/cavalier/casques-bombes/casques-et-bombes/accessoires-de-casques-et-bombes-casques-et-bombes/,https://www.sellerie-lacabrade.be/be/store
https://la-cabrade.be/fr/categorie-produit/ecuries/ecurie/accessoires-decurie/,https://www.sellerie-lacabrade.be/be/categories/-ecurie
https://la-cabrade.be/nl/productcategorie/ecuries/ecurie/accessoires-decurie/,https://www.sellerie-lacabrade.be/be/categories/-ecurie
https://la-cabrade.be/fr/categorie-produit/cavalier/bottes-boots-chaps/bottines-et-boots/,https://www.sellerie-lacabrade.be/be/categories/bottines
https://la-cabrade.be/nl/productcategorie/cavalier/bottes-boots-chaps/bottines-et-boots/,https://www.sellerie-lacabrade.be/be/categories/bottines
https://la-cabrade.be/fr/categorie-produit/cheval/enrenements-montes/colliers-de-chasse/,https://www.sellerie-lacabrade.be/be/store
https://la-cabrade.be/nl/productcategorie/cheval/enrenements-montes/colliers-de-chasse/,https://www.sellerie-lacabrade.be/be/store
https://la-cabrade.be/fr/categorie-produit/cavalier/vestes-hiver-equitation/dame-vestes-dhiver/,https://www.sellerie-lacabrade.be/be/store
https://la-cabrade.be/nl/productcategorie/cavalier/vestes-hiver-equitation/dame-vestes-dhiver/,https://www.sellerie-lacabrade.be/be/store
https://la-cabrade.be/fr/categorie-produit/cheval/equipements-de-la-selle/,https://www.sellerie-lacabrade.be/be/store
https://la-cabrade.be/nl/productcategorie/cheval/equipements-de-la-selle/,https://www.sellerie-lacabrade.be/be/store
https://la-cabrade.be/fr/categorie-produit/cavalier/polos-t-shirts/homme-polos-t-shirts/,https://www.sellerie-lacabrade.be/be/categories/t-shirts-et-polos
https://la-cabrade.be/nl/productcategorie/cavalier/polos-t-shirts/homme-polos-t-shirts/,https://www.sellerie-lacabrade.be/be/categories/t-shirts-et-polos
https://la-cabrade.be/fr/categorie-produit/cheval/tapis-de-selles-bonnets/obstacle/,https://www.sellerie-lacabrade.be/be/categories/obstacle-et-dressage
https://la-cabrade.be/nl/productcategorie/cheval/tapis-de-selles-bonnets/obstacle/,https://www.sellerie-lacabrade.be/be/categories/obstacle-et-dressage
https://la-cabrade.be/fr/categorie-produit/soins-alimentation/pansage/sabots/,https://www.sellerie-lacabrade.be/be/categories/sabots
https://la-cabrade.be/nl/productcategorie/soins-alimentation/pansage/sabots/,https://www.sellerie-lacabrade.be/be/categories/sabots
https://la-cabrade.be/fr/categorie-produit/soins-alimentation/complements-alimentaires/systeme-digestif/,https://www.sellerie-lacabrade.be/be/categories/complements-alimentaires
https://la-cabrade.be/nl/productcategorie/soins-alimentation/complements-alimentaires/systeme-digestif/,https://www.sellerie-lacabrade.be/be/categories/complements-alimentaires
https://la-cabrade.be/fr/categorie-produit/cavalier/sweats-pulls/,https://www.sellerie-lacabrade.be/be/categories/sweats-et-pulls
https://la-cabrade.be/nl/productcategorie/cavalier/sweats-pulls/,https://www.sellerie-lacabrade.be/be/categories/sweats-et-pulls
https://la-cabrade.be/fr/categorie-produit/cavalier/casques-bombes/,https://www.sellerie-lacabrade.be/be/categories/casques
https://la-cabrade.be/nl/productcategorie/cavalier/casques-bombes/,https://www.sellerie-lacabrade.be/be/categories/casques
https://la-cabrade.be/fr/categorie-produit/cavalier/gilets-de-protection/,https://www.sellerie-lacabrade.be/be/categories/Protections-dorsales-et-airbags
https://la-cabrade.be/nl/productcategorie/cavalier/gilets-de-protection/,https://www.sellerie-lacabrade.be/be/categories/Protections-dorsales-et-airbags
https://la-cabrade.be/fr/categorie-produit/cheval/briderie/,https://www.sellerie-lacabrade.be/be/categories/briderie
https://la-cabrade.be/nl/productcategorie/cheval/briderie/,https://www.sellerie-lacabrade.be/be/categories/briderie
https://la-cabrade.be/fr/categorie-produit/chiens/chien/colliers-et-laisses/,https://www.sellerie-lacabrade.be/be/store
https://la-cabrade.be/nl/productcategorie/chiens/chien/colliers-et-laisses/,https://www.sellerie-lacabrade.be/be/store
https://la-cabrade.be/fr/categorie-produit/cavalier/pantalons/,https://www.sellerie-lacabrade.be/be/categories/pantalons
https://la-cabrade.be/nl/productcategorie/cavalier/pantalons/,https://www.sellerie-lacabrade.be/be/categories/pantalons
https://la-cabrade.be/fr/categorie-produit/cheval/equipements-de-la-selle/etriers-et-accessoires/,https://www.sellerie-lacabrade.be/be/store
https://la-cabrade.be/nl/productcategorie/cheval/equipements-de-la-selle/etriers-et-accessoires/,https://www.sellerie-lacabrade.be/be/store
https://la-cabrade.be/fr/categorie-produit/ecuries/jeux-friandises/jeux/,https://www.sellerie-lacabrade.be/be/categories/jeux
https://la-cabrade.be/nl/productcategorie/ecuries/jeux-friandises/jeux/,https://www.sellerie-lacabrade.be/be/categories/jeux
https://la-cabrade.be/fr/categorie-produit/chiens/chien/paniers-et-accessoires/,https://www.sellerie-lacabrade.be/be/store
https://la-cabrade.be/nl/productcategorie/chiens/chien/paniers-et-accessoires/,https://www.sellerie-lacabrade.be/be/store
https://la-cabrade.be/fr/categorie-produit/soins-alimentation/complements-alimentaires/sabots-robe-et-crins/,https://www.sellerie-lacabrade.be/be/categories/complements-alimentaires
https://la-cabrade.be/nl/productcategorie/soins-alimentation/complements-alimentaires/sabots-robe-et-crins/,https://www.sellerie-lacabrade.be/be/categories/complements-alimentaires
https://la-cabrade.be/fr/categorie-produit/soins-alimentation/complements-alimentaires/systeme-hepatique/,https://www.sellerie-lacabrade.be/be/categories/complements-alimentaires
https://la-cabrade.be/nl/productcategorie/soins-alimentation/complements-alimentaires/systeme-hepatique/,https://www.sellerie-lacabrade.be/be/categories/complements-alimentaires
https://la-cabrade.be/fr/categorie-produit/cavalier/sweats-pulls/enfant-sweats-pulls/,https://www.sellerie-lacabrade.be/be/categories/sweats-et-pulls
https://la-cabrade.be/nl/productcategorie/cavalier/sweats-pulls/enfant-sweats-pulls/,https://www.sellerie-lacabrade.be/be/categories/sweats-et-pulls
https://la-cabrade.be/fr/categorie-produit/cavalier/gilets-de-protection/airbags-et-accessoires/,https://www.sellerie-lacabrade.be/be/categories/Protections-dorsales-et-airbags
https://la-cabrade.be/nl/productcategorie/cavalier/gilets-de-protection/airbags-et-accessoires/,https://www.sellerie-lacabrade.be/be/categories/Protections-dorsales-et-airbags
https://la-cabrade.be/fr/categorie-produit/cheval/briderie/brides-de-dressage/,https://www.sellerie-lacabrade.be/be/categories/brides-et-bridons
https://la-cabrade.be/nl/productcategorie/cheval/briderie/brides-de-dressage/,https://www.sellerie-lacabrade.be/be/categories/brides-et-bridons
https://la-cabrade.be/fr/categorie-produit/soins-alimentation/complements-alimentaires/,https://www.sellerie-lacabrade.be/be/categories/complements-alimentaires
https://la-cabrade.be/nl/productcategorie/soins-alimentation/complements-alimentaires/,https://www.sellerie-lacabrade.be/be/categories/complements-alimentaires
https://la-cabrade.be/fr/categorie-produit/cavalier/pantalons/dame-pantalons/,https://www.sellerie-lacabrade.be/be/categories/pantalons
https://la-cabrade.be/nl/productcategorie/cavalier/pantalons/dame-pantalons/,https://www.sellerie-lacabrade.be/be/categories/pantalons
https://la-cabrade.be/fr/categorie-produit/cheval/equipements-de-la-selle/etrivieres/,https://www.sellerie-lacabrade.be/be/categories/etrivieres
https://la-cabrade.be/nl/productcategorie/cheval/equipements-de-la-selle/etrivieres/,https://www.sellerie-lacabrade.be/be/categories/etrivieres
https://la-cabrade.be/fr/categorie-produit/cavalier/concours/pantalons-concours/,https://www.sellerie-lacabrade.be/be/categories/pantalons-de-concours
https://la-cabrade.be/nl/productcategorie/cavalier/concours/pantalons-concours/,https://www.sellerie-lacabrade.be/be/categories/pantalons-de-concours
https://la-cabrade.be/fr/categorie-produit/soins-alimentation/complements-alimentaires/systeme-locomoteur/,https://www.sellerie-lacabrade.be/be/categories/complements-alimentaires
https://la-cabrade.be/nl/productcategorie/soins-alimentation/complements-alimentaires/systeme-locomoteur/,https://www.sellerie-lacabrade.be/be/categories/complements-alimentaires
https://la-cabrade.be/fr/categorie-produit/cavalier/vestes-ete-mi-saison/,https://www.sellerie-lacabrade.be/be/categories/vestes
https://la-cabrade.be/nl/productcategorie/cavalier/vestes-ete-mi-saison/,https://www.sellerie-lacabrade.be/be/categories/vestes
https://la-cabrade.be/fr/categorie-produit/soins-alimentation/soins-du-cheval-soins-alimentation/soins-des-plaies-soins-du-cheval-soins-alimentation/,https://www.sellerie-lacabrade.be/be/categories/soins-et-alimentation
https://la-cabrade.be/nl/productcategorie/soins-alimentation/soins-du-cheval-soins-alimentation/soins-des-plaies-soins-du-cheval-soins-alimentation/,https://www.sellerie-lacabrade.be/be/categories/soins-et-alimentation
https://la-cabrade.be/fr/categorie-produit/cheval/briderie/bridons/,https://www.sellerie-lacabrade.be/be/categories/brides-et-bridons
https://la-cabrade.be/nl/productcategorie/cheval/briderie/bridons/,https://www.sellerie-lacabrade.be/be/categories/brides-et-bridons
https://la-cabrade.be/fr/categorie-produit/cheval/licols-cordes/,https://www.sellerie-lacabrade.be/be/categories/licols-et-cordes
https://la-cabrade.be/nl/productcategorie/cheval/licols-cordes/,https://www.sellerie-lacabrade.be/be/categories/licols-et-cordes
https://la-cabrade.be/fr/categorie-produit/cavalier/sweats-pulls/dame-sweats-pulls/,https://www.sellerie-lacabrade.be/be/categories/sweats-et-pulls
https://la-cabrade.be/nl/productcategorie/cavalier/sweats-pulls/dame-sweats-pulls/,https://www.sellerie-lacabrade.be/be/categories/sweats-et-pulls
https://la-cabrade.be/fr/categorie-produit/ecuries/ecurie/filets-et-sacs-a-foin/,https://www.sellerie-lacabrade.be/be/categories/filets-et-sacs-a-foin
https://la-cabrade.be/nl/productcategorie/ecuries/ecurie/filets-et-sacs-a-foin/,https://www.sellerie-lacabrade.be/be/categories/filets-et-sacs-a-foin
https://la-cabrade.be/fr/categorie-produit/cheval/licols-cordes/licols-et-accessoires/,https://www.sellerie-lacabrade.be/be/categories/licols-et-accessoires
https://la-cabrade.be/nl/productcategorie/cheval/licols-cordes/licols-et-accessoires/,https://www.sellerie-lacabrade.be/be/categories/licols-et-accessoires
https://la-cabrade.be/fr/categorie-produit/cavalier/bottes-boots-chaps/parlanti-ego7-deniro/,https://www.sellerie-lacabrade.be/be/categories/bottes
https://la-cabrade.be/nl/productcategorie/cavalier/bottes-boots-chaps/parlanti-ego7-deniro/,https://www.sellerie-lacabrade.be/be/categories/bottes
https://la-cabrade.be/fr/categorie-produit/soins-alimentation/complements-alimentaires/systeme-respiratoire/,https://www.sellerie-lacabrade.be/be/categories/complements-alimentaires
https://la-cabrade.be/nl/productcategorie/soins-alimentation/complements-alimentaires/systeme-respiratoire/,https://www.sellerie-lacabrade.be/be/categories/complements-alimentaires
https://la-cabrade.be/fr/categorie-produit/cavalier/polos-t-shirts/,https://www.sellerie-lacabrade.be/be/categories/t-shirts-et-polos
https://la-cabrade.be/nl/productcategorie/cavalier/polos-t-shirts/,https://www.sellerie-lacabrade.be/be/categories/t-shirts-et-polos
https://la-cabrade.be/fr/categorie-produit/soins-alimentation/soins-du-cheval-soins-alimentation/soins-des-membres-soins-du-cheval-soins-alimentation/,https://www.sellerie-lacabrade.be/be/categories/soins-et-alimentation
https://la-cabrade.be/nl/productcategorie/soins-alimentation/soins-du-cheval-soins-alimentation/soins-des-membres-soins-du-cheval-soins-alimentation/,https://www.sellerie-lacabrade.be/be/categories/soins-et-alimentation
https://la-cabrade.be/fr/categorie-produit/cheval/protections/,https://www.sellerie-lacabrade.be/be/categories/protections
https://la-cabrade.be/nl/productcategorie/cheval/protections/,https://www.sellerie-lacabrade.be/be/categories/protections
https://la-cabrade.be/fr/categorie-produit/cheval/briderie/bridons-sans-mors-et-hackamore/,https://www.sellerie-lacabrade.be/be/categories/brides-et-bridons
https://la-cabrade.be/nl/productcategorie/cheval/briderie/bridons-sans-mors-et-hackamore/,https://www.sellerie-lacabrade.be/be/categories/brides-et-bridons
https://la-cabrade.be/fr/categorie-produit/cheval/licols-cordes/cordes-et-chaines/,https://www.sellerie-lacabrade.be/be/categories/cordes-et-chaines
https://la-cabrade.be/nl/productcategorie/cheval/licols-cordes/cordes-et-chaines/,https://www.sellerie-lacabrade.be/be/categories/cordes-et-chaines
https://la-cabrade.be/fr/categorie-produit/cheval/mors/,https://www.sellerie-lacabrade.be/be/categories/mors
https://la-cabrade.be/nl/productcategorie/cheval/mors/,https://www.sellerie-lacabrade.be/be/categories/mors
https://la-cabrade.be/fr/categorie-produit/ecuries/jeux-friandises/,https://www.sellerie-lacabrade.be/be/store
https://la-cabrade.be/nl/productcategorie/ecuries/jeux-friandises/,https://www.sellerie-lacabrade.be/be/store
https://la-cabrade.be/fr/categorie-produit/cheval/enrenements-a-pieds-longes/longes-et-accessoires/,https://www.sellerie-lacabrade.be/be/categories/longes-et-accessoires
https://la-cabrade.be/nl/productcategorie/cheval/enrenements-a-pieds-longes/longes-et-accessoires/,https://www.sellerie-lacabrade.be/be/categories/longes-et-accessoires
https://la-cabrade.be/fr/categorie-produit/ecuries/tondeuses-accessoires/peignes-et-accessoires/,https://www.sellerie-lacabrade.be/be/store
https://la-cabrade.be/nl/productcategorie/ecuries/tondeuses-accessoires/peignes-et-accessoires/,https://www.sellerie-lacabrade.be/be/store
https://la-cabrade.be/fr/categorie-produit/ecuries/ecurie/sacs-a-bridons/,https://www.sellerie-lacabrade.be/be/categories/-ecurie
https://la-cabrade.be/nl/productcategorie/ecuries/ecurie/sacs-a-bridons/,https://www.sellerie-lacabrade.be/be/categories/-ecurie
https://la-cabrade.be/fr/categorie-produit/ecuries/ecurie/tentures-et-portes-de-box/,https://www.sellerie-lacabrade.be/be/categories/-ecurie
https://la-cabrade.be/nl/productcategorie/ecuries/ecurie/tentures-et-portes-de-box/,https://www.sellerie-lacabrade.be/be/categories/-ecurie
https://la-cabrade.be/fr/categorie-produit/cheval/tapis-de-selles-bonnets/,https://www.sellerie-lacabrade.be/be/categories/tapis-de-selle-et-bonnets
https://la-cabrade.be/nl/productcategorie/cheval/tapis-de-selles-bonnets/,https://www.sellerie-lacabrade.be/be/categories/tapis-de-selle-et-bonnets
https://la-cabrade.be/fr/categorie-produit/soins-alimentation/soins-du-cheval-soins-alimentation/soins-de-la-peau-soins-du-cheval-soins-alimentation/,https://www.sellerie-lacabrade.be/be/categories/soins-et-alimentation
https://la-cabrade.be/nl/productcategorie/soins-alimentation/soins-du-cheval-soins-alimentation/soins-de-la-peau-soins-du-cheval-soins-alimentation/,https://www.sellerie-lacabrade.be/be/categories/soins-et-alimentation
https://la-cabrade.be/fr/produit/cloches-performance-back-on-track/,https://www.sellerie-lacabrade.be/be/store
https://la-cabrade.be/nl/product/bellen-prestaties-weer-op-de-rails/,https://www.sellerie-lacabrade.be/be/store
https://la-cabrade.be/fr/produit/ciseaux-pansage-courbes/,https://www.sellerie-lacabrade.be/be/store
https://la-cabrade.be/nl/product/gebogen-verzorgingsschaar/,https://www.sellerie-lacabrade.be/be/store
https://la-cabrade.be/fr/produit/t-shirt-anouk-br4-eh/,https://www.sellerie-lacabrade.be/be/store
https://la-cabrade.be/nl/product/t-shirt-anouk-br4-eh/,https://www.sellerie-lacabrade.be/be/store
https://la-cabrade.be/fr/produit/cloches-aimee-br/,https://www.sellerie-lacabrade.be/be/store
https://la-cabrade.be/nl/product/klokken-liefde-br/,https://www.sellerie-lacabrade.be/be/store
https://la-cabrade.be/fr/produit/casque-star-lady-hunter-kask/,https://www.sellerie-lacabrade.be/be/products/40479-casque-star-lady-chrome-kask-odoo-18246
https://la-cabrade.be/nl/product/kask-ster-lady-hunter-helm/,https://www.sellerie-lacabrade.be/be/store
https://la-cabrade.be/fr/produit/cloche-br-snake/,https://www.sellerie-lacabrade.be/be/store
https://la-cabrade.be/nl/product/bel-br-slang/,https://www.sellerie-lacabrade.be/be/store
https://la-cabrade.be/fr/produit/bridon-anky-ath20005/,https://www.sellerie-lacabrade.be/be/store
https://la-cabrade.be/nl/product/anky-ath20005-snaffle-hoofdstel/,https://www.sellerie-lacabrade.be/be/store
https://la-cabrade.be/fr/produit/bridon-bride-2-en-1-kavalkade-ivonne/,https://www.sellerie-lacabrade.be/be/store
https://la-cabrade.be/nl/product/2-in-1-hoofdstel-kavalkade-ivonne/,https://www.sellerie-lacabrade.be/be/store
https://la-cabrade.be/fr/produit/ceinture-brume-harcour/,https://www.sellerie-lacabrade.be/be/products/ceinture-bloome-harcour-odoo-17097
https://la-cabrade.be/nl/product/harcour-mist-riem/,https://www.sellerie-lacabrade.be/be/store
https://la-cabrade.be/fr/produit/chaine-decurie-horze/,https://www.sellerie-lacabrade.be/be/store
https://la-cabrade.be/nl/product/ketting-decurie-horze/,https://www.sellerie-lacabrade.be/be/store
https://la-cabrade.be/fr/produit/chaussettes-kl-dame-homme/,https://www.sellerie-lacabrade.be/be/store
https://la-cabrade.be/nl/product/heren-sokken/,https://www.sellerie-lacabrade.be/be/store
https://la-cabrade.be/fr/produit/chemise-de-competition-cynthia-br/,https://www.sellerie-lacabrade.be/be/store
https://la-cabrade.be/nl/product/cynthia-br-wedstrijdshirt/,https://www.sellerie-lacabrade.be/be/store
https://la-cabrade.be/fr/produit/chemise-impermeable-combo-classic-br/,https://www.sellerie-lacabrade.be/be/store
https://la-cabrade.be/nl/product/combo-classic-br-waterdicht-shirt/,https://www.sellerie-lacabrade.be/be/store
https://la-cabrade.be/fr/produit/chemise-paddock-light-mesh/,https://www.sellerie-lacabrade.be/be/store
https://la-cabrade.be/nl/product/licht-mesh-paddock-shirt/,https://www.sellerie-lacabrade.be/be/store
https://la-cabrade.be/fr/produit/chemise-paddock-ripstop/,https://www.sellerie-lacabrade.be/be/store
https://la-cabrade.be/nl/product/ripstop-paddock-shirt/,https://www.sellerie-lacabrade.be/be/store
https://la-cabrade.be/fr/produit/collier-de-chasse-a-pont-working-by-dyon/,https://www.sellerie-lacabrade.be/be/store
https://la-cabrade.be/nl/product/werken-door-dyon-brug-jachthalsband/,https://www.sellerie-lacabrade.be/be/store
https://la-cabrade.be/fr/produit/collier-de-chasse-avec-elastiques-lj/,https://www.sellerie-lacabrade.be/be/products/collier-de-chasse-ontario-qhp-odoo-15579
https://la-cabrade.be/nl/product/jachthalsband-met-elastieken-lj/,https://www.sellerie-lacabrade.be/be/store
https://la-cabrade.be/fr/produit/collier-de-chasse-hfi-long-bridge/,https://www.sellerie-lacabrade.be/be/products/collier-de-chasse-long-bridge-hfi-odoo-14517
https://la-cabrade.be/nl/product/hfi-jachthalsband-met-lange-brug/,https://www.sellerie-lacabrade.be/be/store
https://la-cabrade.be/fr/produit/collier-de-chasse-qhp-luxury/,https://www.sellerie-lacabrade.be/be/products/collier-de-chasse-ontario-qhp-odoo-15579
https://la-cabrade.be/nl/product/qhp-luxe-jachthalsband/,https://www.sellerie-lacabrade.be/be/products/aide-longer-luxe-qhp-odoo-14726
https://la-cabrade.be/fr/produit/collier-de-chien-kentucky-corduroy/,https://www.sellerie-lacabrade.be/be/store
https://la-cabrade.be/nl/product/kentucky-corduroy-halsband/,https://www.sellerie-lacabrade.be/be/store
https://la-cabrade.be/fr/produit/collier-de-chien-kentucky-reflective/,https://www.sellerie-lacabrade.be/be/store
https://la-cabrade.be/nl/product/kentucky-reflecterende-hondenhalsband/,https://www.sellerie-lacabrade.be/be/store
https://la-cabrade.be/fr/produit/couverture-impermeable-horze-glasgow-100-g/,https://www.sellerie-lacabrade.be/be/store
https://la-cabrade.be/nl/product/waterdichte-deken-horze-glasgow-100-g/,https://www.sellerie-lacabrade.be/be/store
https://la-cabrade.be/fr/produit/couverture-polar-avec-tresse-de-queue-qhp/,https://www.sellerie-lacabrade.be/be/store
https://la-cabrade.be/nl/product/fleecedeken-met-staartvlecht-qhp/,https://www.sellerie-lacabrade.be/be/store
https://la-cabrade.be/fr/produit/couverture-sechante-carre-heavy-fishbone-kentucky/,https://www.sellerie-lacabrade.be/be/store
https://la-cabrade.be/nl/product/zware-visgraat-kentucky-vierkante-droge-deken/,https://www.sellerie-lacabrade.be/be/store
https://la-cabrade.be/fr/produit/ecusson-myprimera-glitter/,https://www.sellerie-lacabrade.be/be/store
https://la-cabrade.be/nl/product/myprimera-glitter-badge/,https://www.sellerie-lacabrade.be/be/store
https://la-cabrade.be/fr/produit/energy-booster-seringue-s-r__trashed/,https://www.sellerie-lacabrade.be/be/store
https://la-cabrade.be/nl/product/energieboosterspuit-s-r__trashed/,https://www.sellerie-lacabrade.be/be/store
https://la-cabrade.be/fr/produit/filet-chignon-grosses-mailles-diamon-br/,https://www.sellerie-lacabrade.be/be/store
https://la-cabrade.be/nl/product/diamon-br-groot-gaas-knotnet/,https://www.sellerie-lacabrade.be/be/store
https://la-cabrade.be/fr/produit/frange-anti-mouches-qhp/,https://www.sellerie-lacabrade.be/be/products/masque-anti-mouches-solaire-qhp-odoo-14826
https://la-cabrade.be/nl/product/vliegen-franje-qhp/,https://www.sellerie-lacabrade.be/be/store
https://la-cabrade.be/fr/produit/freebute-gel-cavalor-s-r/,https://www.sellerie-lacabrade.be/be/store
https://la-cabrade.be/nl/product/freebute-gel-cavalor-s-r/,https://www.sellerie-lacabrade.be/be/store
https://la-cabrade.be/fr/produit/free-move-vital-herbs-s-r/,https://www.sellerie-lacabrade.be/be/products/free-move-vital-herbs-s-r-odoo-13873
https://la-cabrade.be/nl/product/vrije-beweging-vitale-kruiden-s-r/,https://www.sellerie-lacabrade.be/be/store
https://la-cabrade.be/fr/produit/frontal-anti-mouche-xs-premiere-modele-licol-shet/,https://www.sellerie-lacabrade.be/be/store
https://la-cabrade.be/nl/product/anti-vliegen-wenkbrauwband-xs-premiere-modele-halster-shet/,https://www.sellerie-lacabrade.be/be/store
https://la-cabrade.be/fr/produit/frontal-anti-mouche-xs-premiere-shet/,https://www.sellerie-lacabrade.be/be/store
https://la-cabrade.be/nl/product/anti-vlieg-browband-xs-premiere-shet/,https://www.sellerie-lacabrade.be/be/store
https://la-cabrade.be/fr/produit/guetre-de-travail-back-on-track-posterieurs-2/,https://www.sellerie-lacabrade.be/be/store
https://la-cabrade.be/nl/product/terug-op-schema-achterwerk-watch-2-2/,https://www.sellerie-lacabrade.be/be/store
https://la-cabrade.be/fr/produit/guetres-pro-mesh-flex-br/,https://www.sellerie-lacabrade.be/be/store
https://la-cabrade.be/nl/product/pro-mesh-flex-br/,https://www.sellerie-lacabrade.be/be/store
https://la-cabrade.be/fr/produit/guetres-souples-3d-mesh-back-on-track/,https://www.sellerie-lacabrade.be/be/store
https://la-cabrade.be/nl/product/3d-mesh-back-on-track-zachte-beenkappen/,https://www.sellerie-lacabrade.be/be/store
https://la-cabrade.be/fr/produit/housse-de-selle-dressage-kentucky/,https://www.sellerie-lacabrade.be/be/products/tapis-de-selle-velvet-kentucky-odoo-15199
https://la-cabrade.be/nl/product/kentucky-dressuur-zadelhoes/,https://www.sellerie-lacabrade.be/be/store
https://la-cabrade.be/fr/produit/housse-de-selle-qhp/,https://www.sellerie-lacabrade.be/be/store
https://la-cabrade.be/nl/product/zadelhoes-qhp/,https://www.sellerie-lacabrade.be/be/products/ponge-xl-qhp-odoo-21413
https://la-cabrade.be/fr/produit/linda-hat-30954/,https://www.sellerie-lacabrade.be/be/store
https://la-cabrade.be/nl/product/linda-hoed-30954/,https://www.sellerie-lacabrade.be/be/store
https://la-cabrade.be/fr/produit/pantalon-equitheme-safir-2/,https://www.sellerie-lacabrade.be/be/store
https://la-cabrade.be/nl/product/safir-2-rijbroek/,https://www.sellerie-lacabrade.be/be/store
https://la-cabrade.be/fr/produit/pantalon-kids-benthe-br-full-gripp/,https://www.sellerie-lacabrade.be/be/store
https://la-cabrade.be/nl/product/kids-benthe-br-full-gripp-broek/,https://www.sellerie-lacabrade.be/be/store
https://la-cabrade.be/fr/produit/pantalon-maikel-grip-genoux-br/,https://www.sellerie-lacabrade.be/be/products/pantalon-grip-genoux-laurena-lc-equestrian-odoo-23146
https://la-cabrade.be/nl/product/maikel-grip-broek-knie-br/,https://www.sellerie-lacabrade.be/be/store
https://la-cabrade.be/fr/produit/pelham-flexi-pomme-branches-courtes-feeling-2/,https://www.sellerie-lacabrade.be/be/products/pelham-branches-courtes-flexi-pomme-feeling-odoo-12133
https://la-cabrade.be/nl/product/pelham-flexi-appel-korte-ledematen-gevoel-2-2/,https://www.sellerie-lacabrade.be/be/store
https://la-cabrade.be/fr/produit/pelham-pinchless-cuir-br-courtes-metalab-2/,https://www.sellerie-lacabrade.be/be/products/pelham-pinchless-cuir-branches-courtes-metalab-odoo-16319
https://la-cabrade.be/nl/product/pelham-knelloos-leren-korte-br-metalab-2/,https://www.sellerie-lacabrade.be/be/store
https://la-cabrade.be/fr/produit/pince-emporte-piece-pro/,https://www.sellerie-lacabrade.be/be/store
https://la-cabrade.be/nl/product/pro-cookie-cutter-2/,https://www.sellerie-lacabrade.be/be/store
https://la-cabrade.be/fr/produit/pochette-penelope-emma/,https://www.sellerie-lacabrade.be/be/products/pochette-emma-penelope-odoo-16915
https://la-cabrade.be/nl/product/penelope-emma-clutch-tas/,https://www.sellerie-lacabrade.be/be/products/pochette-emma-penelope-odoo-16915
https://la-cabrade.be/fr/produit/polo-de-concours-annika-s-s-dame-br/,https://www.sellerie-lacabrade.be/be/products/polo-de-concours-flo-lc-equestrian-odoo-22544
https://la-cabrade.be/nl/product/annika-s-s-dame-br-wedstrijd-polo/,https://www.sellerie-lacabrade.be/be/store
https://la-cabrade.be/fr/produit/polo-de-concours-jacquard-s-s-jersey-side-ct-dame/,https://www.sellerie-lacabrade.be/be/store
https://la-cabrade.be/nl/product/dames-jacquard-s-jersey-side-ct-polo-2/,https://www.sellerie-lacabrade.be/be/store
https://la-cabrade.be/fr/produit/polo-de-concours-kl-cedrika/,https://www.sellerie-lacabrade.be/be/products/polo-de-concours-flo-lc-equestrian-odoo-22544
https://la-cabrade.be/nl/product/kl-cedrika-wedstrijd-polo/,https://www.sellerie-lacabrade.be/be/store
https://la-cabrade.be/fr/produit/polo-en-jersey-perfore-bicolore-ct/,https://www.sellerie-lacabrade.be/be/store
https://la-cabrade.be/nl/product/ct-tweekleurig-geperforeerd-jersey-poloshirt/,https://www.sellerie-lacabrade.be/be/store
https://la-cabrade.be/fr/produit/protection-dencolure-br-classic-polaire/,https://www.sellerie-lacabrade.be/be/store
https://la-cabrade.be/nl/product/br-classic-fleece-nekbescherming/,https://www.sellerie-lacabrade.be/be/store
https://la-cabrade.be/fr/produit/protection-de-tete-box-kentucky/,https://www.sellerie-lacabrade.be/be/store
https://la-cabrade.be/nl/product/box-head-bescherming-kentucky/,https://www.sellerie-lacabrade.be/be/store
https://la-cabrade.be/fr/produit/protection-de-tete-dyon-pour-box/,https://www.sellerie-lacabrade.be/be/store
https://la-cabrade.be/nl/product/dyon-hoofdbescherming-voor-doos/,https://www.sellerie-lacabrade.be/be/store
https://la-cabrade.be/fr/produit/protection-garrot-epaule/,https://www.sellerie-lacabrade.be/be/store
https://la-cabrade.be/nl/product/schouder-tourniquet-bescherming/,https://www.sellerie-lacabrade.be/be/store
https://la-cabrade.be/fr/produit/pull-a-capuche-zip-en-coton-brosse-academy-cavalleria-toscana/,https://www.sellerie-lacabrade.be/be/products/pull-en-maille-demi-zip-cavalleria-toscana-odoo-19633
https://la-cabrade.be/nl/product/cavalleria-toscana-academy-katoenen-hoodie-met-rits/,https://www.sellerie-lacabrade.be/be/store
https://la-cabrade.be/fr/produit/pull-zip-a-capuche-anky/,https://www.sellerie-lacabrade.be/be/products/pull-capuche-luka-lc-equestrian-odoo-22550
https://la-cabrade.be/nl/product/anky-ritstrui-met-capuchon/,https://www.sellerie-lacabrade.be/be/store
https://la-cabrade.be/fr/produit/renes-sangles-a-poignees-eric-thomas-pro/,https://www.sellerie-lacabrade.be/be/store
https://la-cabrade.be/nl/product/eric-thomas-pro-handgreep-riem-teugels-2/,https://www.sellerie-lacabrade.be/be/store
https://la-cabrade.be/fr/produit/renes-en-toile-equipe/,https://www.sellerie-lacabrade.be/be/store
https://la-cabrade.be/nl/product/canvas-renes-equipe/,https://www.sellerie-lacabrade.be/be/store
https://la-cabrade.be/fr/produit/renes-fixes-pirelli-hfi/,https://www.sellerie-lacabrade.be/be/store
https://la-cabrade.be/nl/product/pirelli-hfi-vaste-beenkappen/,https://www.sellerie-lacabrade.be/be/store
https://la-cabrade.be/fr/produit/renes-caoutchouc-1-2-working-collection-dyon/,https://www.sellerie-lacabrade.be/be/products/r-nes-caoutchouc-1-2-d-collection-dyon-odoo-20330
https://la-cabrade.be/nl/product/renes-caoutchouc-1-2-werkende-collectie-dyon/,https://www.sellerie-lacabrade.be/be/store
https://la-cabrade.be/fr/produit/renes-soft-caoutchouc-hfi/,https://www.sellerie-lacabrade.be/be/products/r-nes-soft-caoutchouc-hfi-odoo-15291
https://la-cabrade.be/nl/product/hfi-teugels-van-zacht-rubber/,https://www.sellerie-lacabrade.be/be/store
https://la-cabrade.be/fr/produit/seau-decurie-hippotonic/,https://www.sellerie-lacabrade.be/be/store
https://la-cabrade.be/nl/product/decurie-hippotone-emmer/,https://www.sellerie-lacabrade.be/be/store
https://la-cabrade.be/fr/produit/spray-coat-shine-br/,https://www.sellerie-lacabrade.be/be/store
https://la-cabrade.be/nl/product/spray-coat-glans-br/,https://www.sellerie-lacabrade.be/be/store
https://la-cabrade.be/fr/produit/sweat-a-capuche-goldie-hv-polo/,https://www.sellerie-lacabrade.be/be/store
https://la-cabrade.be/nl/product/goldie-hv-polo-hoodie/,https://www.sellerie-lacabrade.be/be/store
https://la-cabrade.be/fr/produit/sweat-col-rond-ecusson-ct/,https://www.sellerie-lacabrade.be/be/products/sweat-col-rond-batista-harcour-odoo-23136
https://la-cabrade.be/nl/product/sweatshirt-met-ronde-hals-en-ct-logo/,https://www.sellerie-lacabrade.be/be/store
https://la-cabrade.be/fr/produit/t-shirt-classic-hv-polo/,https://www.sellerie-lacabrade.be/be/products/singlet-classic-hv-polo-odoo-18143
https://la-cabrade.be/nl/product/t-shirt-classic-hv-polo/,https://www.sellerie-lacabrade.be/be/products/singlet-classic-hv-polo-odoo-18143
https://la-cabrade.be/fr/produit/t-shirt-kl-caelius/,https://www.sellerie-lacabrade.be/be/store
https://la-cabrade.be/nl/product/t-shirt-kl-caelius/,https://www.sellerie-lacabrade.be/be/store
https://la-cabrade.be/fr/produit/t-shirt-kl-cemile/,https://www.sellerie-lacabrade.be/be/store
https://la-cabrade.be/nl/product/t-shirt-kl-cemile/,https://www.sellerie-lacabrade.be/be/store
https://la-cabrade.be/fr/produit/t-shirt-kl-clement-junior/,https://www.sellerie-lacabrade.be/be/products/t-shirt-iris-junior-qhp-odoo-16233
https://la-cabrade.be/nl/product/t-shirt-kl-clement-junior/,https://www.sellerie-lacabrade.be/be/products/t-shirt-iris-junior-qhp-odoo-16233
https://la-cabrade.be/fr/produit/veredus-pro-jump-post/,https://www.sellerie-lacabrade.be/be/products/pro-jump-x-pro-veredus-odoo-20136
https://la-cabrade.be/nl/product/veredus-pro-springpaal/,https://www.sellerie-lacabrade.be/be/products/pro-jump-x-pro-veredus-odoo-20136
https://la-cabrade.be/fr/produit/veste-de-concours-normank-equiline/,https://www.sellerie-lacabrade.be/be/store
https://la-cabrade.be/nl/product/normank-equiline-showjas/,https://www.sellerie-lacabrade.be/be/store
https://la-cabrade.be/fr/produit/veste-de-pluie-classic-unisex-kl/,https://www.sellerie-lacabrade.be/be/products/veste-de-pluie-pikeur-selection-odoo-21925
https://la-cabrade.be/nl/product/klassiek-unisex-regenjack-kl/,https://www.sellerie-lacabrade.be/be/store
https://la-cabrade.be/fr/produit/veste-edelweiss-penelope/,https://www.sellerie-lacabrade.be/be/store
https://la-cabrade.be/nl/product/edelweiss-penelope-jas/,https://www.sellerie-lacabrade.be/be/store
https://la-cabrade.be/fr/produit/veste-hiver-col-fourrure-isa-hv-polo/,https://www.sellerie-lacabrade.be/be/products/veste-hiver-matelassee-claire-hv-polo-odoo-18889
https://la-cabrade.be/nl/product/isa-hv-polo-winter-jas-met-bontkraag/,https://www.sellerie-lacabrade.be/be/store
https://la-cabrade.be/fr/produit/brosse-de-tete-hippotonic-soft/,https://www.sellerie-lacabrade.be/be/products/cure-pieds-soft-hippotonic-odoo-15222
https://la-cabrade.be/nl/product/hippotone-borstel-met-zachte-kop/,https://www.sellerie-lacabrade.be/be/store
https://la-cabrade.be/fr/produit/corde-xcellence-avec-mousqueton-anti-panique-br/,https://www.sellerie-lacabrade.be/be/products/corde-avec-mousqueton-clx-br-odoo-20571
https://la-cabrade.be/nl/product/xcellence-touw-met-anti-paniek-karabijnhaak-br/,https://www.sellerie-lacabrade.be/be/store
https://la-cabrade.be/fr/produit/easy-shine-intense-recharge-ravene/,https://www.sellerie-lacabrade.be/be/products/40348-easy-shine-intense-recharge-ravene-odoo-16246
https://la-cabrade.be/nl/product/easy-shine-intense-navulling-ravene/,https://www.sellerie-lacabrade.be/be/products/34124-easy-shine-intense-ravene-odoo-17232
https://la-cabrade.be/fr/produit/cravache-jumping-gel-whip-go/,https://www.sellerie-lacabrade.be/be/products/cravache-dressage-argent-whip-go-odoo-13718
https://la-cabrade.be/nl/product/springen-zweep-gel-zweep-gaan/,https://www.sellerie-lacabrade.be/be/store
https://la-cabrade.be/fr/produit/casquette-3d-logo-kentucky/,https://www.sellerie-lacabrade.be/be/store
https://la-cabrade.be/nl/product/kentucky-3d-logo-pet-2/,https://www.sellerie-lacabrade.be/be/store
https://la-cabrade.be/fr/produit/casquette-rubber-logo-kentucky/,https://www.sellerie-lacabrade.be/be/store
https://la-cabrade.be/nl/product/kentucky-rubber-logo-pet/,https://www.sellerie-lacabrade.be/be/store
https://la-cabrade.be/fr/produit/pull-sweat-a-capuche-chilly-penelope/,https://www.sellerie-lacabrade.be/be/store
https://la-cabrade.be/nl/product/chilly-hoodie-trui-penelope/,https://www.sellerie-lacabrade.be/be/store
https://la-cabrade.be/fr/produit/lotion-conditioner-mane-tale-25l-carr-day-martin/,https://www.sellerie-lacabrade.be/be/store
https://la-cabrade.be/nl/product/mane-tale-conditioner-25l-carr-day-martin-2/,https://www.sellerie-lacabrade.be/be/store
https://la-cabrade.be/fr/produit/collier-fers-a-cheval-hvp-lotta/,https://www.sellerie-lacabrade.be/be/store
https://la-cabrade.be/nl/product/hvp-lotta-hoefijzerkraag/,https://www.sellerie-lacabrade.be/be/store
https://la-cabrade.be/fr/produit/jouet-pour-chevaux-coeur-imperial-riding/,https://www.sellerie-lacabrade.be/be/products/58843-jouet-pour-chevaux-abeille-imperial-riding-odoo-20088
https://la-cabrade.be/nl/product/keizerlijk-rijpaard-hart-speelgoed/,https://www.sellerie-lacabrade.be/be/store
https://la-cabrade.be/fr/produit/bridon-anatomical-patent-anky/,https://www.sellerie-lacabrade.be/be/store
https://la-cabrade.be/nl/product/anatomisch-gepatenteerd-anky-hoofdstel/,https://www.sellerie-lacabrade.be/be/store
https://la-cabrade.be/fr/produit/pro-jump-short-veredus/,https://www.sellerie-lacabrade.be/be/products/pro-jump-x-pro-veredus-odoo-20136
https://la-cabrade.be/nl/product/pro-jump-kort-veredus/,https://www.sellerie-lacabrade.be/be/products/pro-jump-x-pro-veredus-odoo-20136
https://la-cabrade.be/fr/produit/jouets-pour-chevaux-corde-pendante-qhp/,https://www.sellerie-lacabrade.be/be/products/jouet-pour-chevaux-ball-qhp-odoo-18653
https://la-cabrade.be/nl/product/speelgoed-voor-paarden-hangend-touw-qhp/,https://www.sellerie-lacabrade.be/be/store
https://la-cabrade.be/fr/produit/jouet-pour-chevaux-sterrin-popping-qhp/,https://www.sellerie-lacabrade.be/be/products/jouet-pour-chevaux-ball-qhp-odoo-18653
https://la-cabrade.be/nl/product/sterrin-knallend-paard-speelgoed-qhp/,https://www.sellerie-lacabrade.be/be/store
https://la-cabrade.be/fr/produit/tapis-de-selle-magic-carousel-horze/,https://www.sellerie-lacabrade.be/be/store
https://la-cabrade.be/nl/product/magische-carrousel-horze-zadeldek/,https://www.sellerie-lacabrade.be/be/store
https://la-cabrade.be/fr/produit/test/,https://www.sellerie-lacabrade.be/be/store
https://la-cabrade.be/nl/product/test/,https://www.sellerie-lacabrade.be/be/store
https://la-cabrade.be/fr/produit/sweat-a-capuche-color-form-cavalleria-toscana/,https://www.sellerie-lacabrade.be/be/store
https://la-cabrade.be/nl/product/kleurvorm-hoodie-cavalleria-toscana-2/,https://www.sellerie-lacabrade.be/be/products/ceinture-lastique-cavalleria-toscana-odoo-19544
https://la-cabrade.be/fr/produit/sac-a-bottes-classic-imperial-riding/,https://www.sellerie-lacabrade.be/be/store
https://la-cabrade.be/nl/product/klassieke-keizerlijke-rijlaars-tas/,https://www.sellerie-lacabrade.be/be/store
https://la-cabrade.be/fr/produit/polo-color-form-s-s-ct/,https://www.sellerie-lacabrade.be/be/store
https://la-cabrade.be/nl/product/polo-kleurvorm-s-s-ct/,https://www.sellerie-lacabrade.be/be/store
https://la-cabrade.be/fr/produit/derm-care-vital-herbs-s-r__trashed/,https://www.sellerie-lacabrade.be/be/products/14381-derm-care-vital-herbs-s-r-odoo-13689
https://la-cabrade.be/nl/product/derm-care-vitale-kruiden-s-r__trashed/,https://www.sellerie-lacabrade.be/be/store
https://la-cabrade.be/fr/produit/derma-shampoing-br__trashed/,https://www.sellerie-lacabrade.be/be/store
https://la-cabrade.be/nl/product/derma-shampoo-br__trashed/,https://www.sellerie-lacabrade.be/be/store
https://la-cabrade.be/fr/produit/derfen-original-lotion__trashed/,https://www.sellerie-lacabrade.be/be/store
https://la-cabrade.be/nl/product/derfen-originele-lotion__trashed/,https://www.sellerie-lacabrade.be/be/store
https://la-cabrade.be/fr/produit/deo-forte-2-0-wpb__trashed/,https://www.sellerie-lacabrade.be/be/products/deo-forte-2-0-wpb-odoo-12573
https://la-cabrade.be/nl/product/deo-forte-2-0-wpb__trashed/,https://www.sellerie-lacabrade.be/be/products/deo-forte-2-0-wpb-odoo-12573
https://la-cabrade.be/fr/produit/croupiere-eric-thomas__trashed/,https://www.sellerie-lacabrade.be/be/store
https://la-cabrade.be/nl/product/croupiere-eric-thomas__trashed/,https://www.sellerie-lacabrade.be/be/store
https://la-cabrade.be/fr/produit/casquette-cavalleria-toscana-logo-tufted__trashed/,https://www.sellerie-lacabrade.be/be/store
https://la-cabrade.be/nl/product/cavalleria-toscana-logo-getuft__trashed-pet/,https://www.sellerie-lacabrade.be/be/store
https://la-cabrade.be/fr/produit/casque-lambda-plus-glitter__trashed/,https://www.sellerie-lacabrade.be/be/products/casque-lambda-plus-glitter-br-odoo-16300
https://la-cabrade.be/nl/product/lambda-plus-glitter__trashed-helm/,https://www.sellerie-lacabrade.be/be/products/casque-lambda-plus-glitter-br-odoo-16300
https://la-cabrade.be/fr/produit/polo-de-concours-mini-orbit-cavalleria-toscana/,https://www.sellerie-lacabrade.be/be/products/polo-laser-perforated-cad160-cavalleria-toscana-odoo-15337
https://la-cabrade.be/nl/product/mini-baan-cavalleria-toscana-polo/,https://www.sellerie-lacabrade.be/be/products/polo-laser-perforated-cad160-cavalleria-toscana-odoo-15337
https://la-cabrade.be/fr/produit/veste-de-pluie-parka-cavalleria-toscana/,https://www.sellerie-lacabrade.be/be/store
https://la-cabrade.be/nl/product/cavalleria-toscana-parka-regenjack-2/,https://www.sellerie-lacabrade.be/be/products/ceinture-lastique-cavalleria-toscana-odoo-19544
https://la-cabrade.be/fr/produit/veste-a-capuche-shell-homme-cavalleria-toscana/,https://www.sellerie-lacabrade.be/be/products/ceinture-lastique-homme-cavalleria-toscana-odoo-17360
https://la-cabrade.be/nl/product/cavalleria-toscana-heren-jas-met-capuchon/,https://www.sellerie-lacabrade.be/be/store
https://la-cabrade.be/fr/produit/bonnet-wellington-3d-logo-kentucky/,https://www.sellerie-lacabrade.be/be/products/bonnet-wellington-velvet-kentucky-odoo-15856
https://la-cabrade.be/nl/product/wellington-muts-3d-logo-kentucky/,https://www.sellerie-lacabrade.be/be/products/bonnet-wellington-velvet-kentucky-odoo-15856
https://la-cabrade.be/fr/produit/bonnet-wellington-velvet-kentucky-bordeaux/,https://www.sellerie-lacabrade.be/be/products/bonnet-wellington-velvet-kentucky-odoo-15856
https://la-cabrade.be/nl/product/wellington-fluwelen-kentucky-burgundy-muts/,https://www.sellerie-lacabrade.be/be/store
https://la-cabrade.be/fr/produit/bonnet-wellington-velvet-kentucky/,https://www.sellerie-lacabrade.be/be/products/bonnet-wellington-velvet-kentucky-odoo-15856
https://la-cabrade.be/nl/product/wellington-fluwelen-kentucky-muts-2/,https://www.sellerie-lacabrade.be/be/products/bonnet-wellington-velvet-kentucky-odoo-15856
https://la-cabrade.be/fr/produit/bonnet-wellington-velvet-contrast-kentucky/,https://www.sellerie-lacabrade.be/be/products/bonnet-wellington-velvet-kentucky-odoo-15856
https://la-cabrade.be/nl/product/wellington-fluwelen-contrast-kentucky-muts/,https://www.sellerie-lacabrade.be/be/store
https://la-cabrade.be/fr/produit/bonnet-wellington-kentucky/,https://www.sellerie-lacabrade.be/be/products/bonnet-wellington-velvet-kentucky-odoo-15856
https://la-cabrade.be/nl/product/wellington-kentucky-muts/,https://www.sellerie-lacabrade.be/be/products/bonnet-wellington-velvet-kentucky-odoo-15856
https://la-cabrade.be/fr/produit/bonnet-wellington-glitter-band-soundless-kentucky/,https://www.sellerie-lacabrade.be/be/products/bonnet-wellington-velvet-kentucky-odoo-15856
https://la-cabrade.be/nl/product/wellington-beanie-glitterband-geluidloos-kentucky/,https://www.sellerie-lacabrade.be/be/store
https://la-cabrade.be/fr/produit/licol-fausse-fourrure-ellen-br/,https://www.sellerie-lacabrade.be/be/store
https://la-cabrade.be/nl/product/ellen-br-halster-van-imitatiebont/,https://www.sellerie-lacabrade.be/be/store
https://la-cabrade.be/fr/produit/bandage-auto-agrippant/,https://www.sellerie-lacabrade.be/be/store
https://la-cabrade.be/nl/product/zelf-grijpend-verband/,https://www.sellerie-lacabrade.be/be/store
https://la-cabrade.be/fr/produit/biscuits-hooves-pumpkin-caramel-candy-horse/,https://www.sellerie-lacabrade.be/be/store
https://la-cabrade.be/nl/product/koekjes-hoeven-pompoen-karamel-snoep-paard-2/,https://www.sellerie-lacabrade.be/be/store
https://la-cabrade.be/fr/produit/bonbons-banane-hippotonic/,https://www.sellerie-lacabrade.be/be/products/bonbons-banane-hippotonic-odoo-19645
https://la-cabrade.be/nl/product/hippotone-bananensnoepjes/,https://www.sellerie-lacabrade.be/be/store
https://la-cabrade.be/fr/produit/bonbons-coco-hippotonic/,https://www.sellerie-lacabrade.be/be/products/bonbons-noix-de-coco-hippotonic-odoo-18789
https://la-cabrade.be/nl/product/hippotone-kokossnoepjes/,https://www.sellerie-lacabrade.be/be/store
https://la-cabrade.be/fr/produit/bonnet-jayda-qhp/,https://www.sellerie-lacabrade.be/be/store
https://la-cabrade.be/nl/product/motorkap-jayda-qhp/,https://www.sellerie-lacabrade.be/be/store
https://la-cabrade.be/fr/produit/bonnet-kentucky-wellington-basic-velvet/,https://www.sellerie-lacabrade.be/be/products/bonnet-wellington-velvet-basic-kentucky-odoo-16153
https://la-cabrade.be/nl/product/kentucky-wellington-basic-fluwelen-beanie/,https://www.sellerie-lacabrade.be/be/products/bonnet-wellington-velvet-basic-kentucky-odoo-16153
https://la-cabrade.be/fr/produit/polo-de-concours-jersey-fleece-l-s-dame-ct/,https://www.sellerie-lacabrade.be/be/store
https://la-cabrade.be/nl/product/wedstrijd-polo-jersey-fleece-l-s-dame-ct/,https://www.sellerie-lacabrade.be/be/store
https://la-cabrade.be/fr/produit/licol-ethologique-la-cense-dyon/,https://www.sellerie-lacabrade.be/be/products/licol-cuir-working-by-dyon-odoo-12017
https://la-cabrade.be/nl/product/ethologische-halster-la-cense-dyon/,https://www.sellerie-lacabrade.be/be/store
https://la-cabrade.be/fr/produit/licol-two-tone-hfi/,https://www.sellerie-lacabrade.be/be/products/licol-en-cuir-grooming-hfi-odoo-17084
https://la-cabrade.be/nl/product/halster-tweekleurig-hfi/,https://www.sellerie-lacabrade.be/be/store
https://la-cabrade.be/fr/produit/boots-winter-glaslynn-hv-polo/,https://www.sellerie-lacabrade.be/be/store
https://la-cabrade.be/nl/product/laarzen-winter-glaslynn-hv-polo/,https://www.sellerie-lacabrade.be/be/store
https://la-cabrade.be/fr/produit/veste-softshell-performence-ct/,https://www.sellerie-lacabrade.be/be/products/veste-softshell-pikeur-athleisure-odoo-23189
https://la-cabrade.be/nl/product/performence-ct-softshell-jas/,https://www.sellerie-lacabrade.be/be/store
https://la-cabrade.be/fr/produit/sweat-zippe-flocked-stripe-ct-logo-cotton/,https://www.sellerie-lacabrade.be/be/store
https://la-cabrade.be/nl/product/sweatshirt-met-flocked-streep-en-rits-ct-logo-katoen/,https://www.sellerie-lacabrade.be/be/store
https://la-cabrade.be/fr/produit/t-shirt-lola-hv-polo/,https://www.sellerie-lacabrade.be/be/store
https://la-cabrade.be/nl/product/t-shirt-lola-hv-polo/,https://www.sellerie-lacabrade.be/be/store
https://la-cabrade.be/fr/produit/set-licol-et-corde-xs-premiere-mousqueton-2/,https://www.sellerie-lacabrade.be/be/store
https://la-cabrade.be/nl/product/xs-premiere-halster-en-touw-set-karabijnhaak-2-2/,https://www.sellerie-lacabrade.be/be/store
https://la-cabrade.be/fr/produit/set-licol-multifonctionnel-qhp-2/,https://www.sellerie-lacabrade.be/be/store
https://la-cabrade.be/nl/product/multifunctionele-halsterset-qhp-2/,https://www.sellerie-lacabrade.be/be/store
https://la-cabrade.be/fr/produit/veste-impermeable-stella-horze/,https://www.sellerie-lacabrade.be/be/store
https://la-cabrade.be/nl/product/stella-horze-waterdichte-jas/,https://www.sellerie-lacabrade.be/be/store
https://la-cabrade.be/fr/produit/licol-faux-fur-go-star-imperial-riding/,https://www.sellerie-lacabrade.be/be/store
https://la-cabrade.be/nl/product/halster-van-imitatiebont-go-star-keizerlijk-paardrijden/,https://www.sellerie-lacabrade.be/be/store
https://la-cabrade.be/fr/produit/chaussettes-a-pois-jordis-horze/,https://www.sellerie-lacabrade.be/be/store
https://la-cabrade.be/nl/product/jordis-horze-sokken-met-stippen/,https://www.sellerie-lacabrade.be/be/store
https://la-cabrade.be/fr/produit/veste-de-pluie-alexis-horze/,https://www.sellerie-lacabrade.be/be/products/veste-de-pluie-pikeur-selection-odoo-21925
https://la-cabrade.be/nl/product/alexis-horze-regenjas/,https://www.sellerie-lacabrade.be/be/store
https://la-cabrade.be/fr/produit/t-shirt-mae-hv-polo/,https://www.sellerie-lacabrade.be/be/store
https://la-cabrade.be/nl/product/t-shirt-mae-hv-polo-2/,https://www.sellerie-lacabrade.be/be/store
https://la-cabrade.be/fr/produit/ceinture-chamois-ct/,https://www.sellerie-lacabrade.be/be/products/ceinture-anky-odoo-22042
https://la-cabrade.be/nl/product/zeemriem-ct/,https://www.sellerie-lacabrade.be/be/store
https://la-cabrade.be/fr/produit/ceinture-elastique-avec-boucle-ct-team__trashed/,https://www.sellerie-lacabrade.be/be/store
https://la-cabrade.be/nl/product/elastische-riem-met-gesp-ct-team__trashed/,https://www.sellerie-lacabrade.be/be/store
https://la-cabrade.be/fr/produit/ceinture-elastique-ct-pour-femme-bicolore__trashed/,https://www.sellerie-lacabrade.be/be/store
https://la-cabrade.be/nl/product/ct-elastische-riem-voor-dames-two-tone__trashed/,https://www.sellerie-lacabrade.be/be/store
https://la-cabrade.be/fr/produit/ceinture-elastique-ct-pour-homme__trashed/,https://www.sellerie-lacabrade.be/be/store
https://la-cabrade.be/nl/product/ct-elastische-riem-voor-mannen__trashed/,https://www.sellerie-lacabrade.be/be/store
https://la-cabrade.be/fr/produit/ceinture-hv-polo-camila__trashed/,https://www.sellerie-lacabrade.be/be/store
https://la-cabrade.be/nl/product/riem-hv-polo-camila__trashed/,https://www.sellerie-lacabrade.be/be/store
https://la-cabrade.be/fr/produit/ceinture-hv-polo-camila-cognac__trashed/,https://www.sellerie-lacabrade.be/be/store
https://la-cabrade.be/nl/product/riem-hv-polo-camila-cognac__trashed/,https://www.sellerie-lacabrade.be/be/store
https://la-cabrade.be/fr/produit/pantalon-br-marcus-homme-avec-fond-silicone/,https://www.sellerie-lacabrade.be/be/store
https://la-cabrade.be/nl/product/herenbroek-br-marcus-met-siliconen-onderzijde/,https://www.sellerie-lacabrade.be/be/store
https://la-cabrade.be/fr/produit/tapis-de-selle-cotton-classic-sports-ss25-eskadron/,https://www.sellerie-lacabrade.be/be/products/tapis-de-selle-cotton-glitter-classic-sports-eskadron-odoo-23309
https://la-cabrade.be/nl/product/katoen-classic-sports-ss25-eskadron-zadeldek/,https://www.sellerie-lacabrade.be/be/products/cloches-softslate-classic-sports-ss25-eskadron-odoo-21904
https://la-cabrade.be/fr/produit/t-shirt-cis-kids-br/,https://www.sellerie-lacabrade.be/be/store
https://la-cabrade.be/nl/product/t-shirt-cis-kinderen-br/,https://www.sellerie-lacabrade.be/be/store
https://la-cabrade.be/fr/produit/sac-pour-couverture-et-tapis-pro-kentucky/,https://www.sellerie-lacabrade.be/be/store
https://la-cabrade.be/nl/product/hoes-en-mattenzak-pro-kentucky/,https://www.sellerie-lacabrade.be/be/store
https://la-cabrade.be/fr/produit/veste-a-capuche-softshell-academy-cavalleria-toscana-dame/,https://www.sellerie-lacabrade.be/be/products/pantalon-jersey-grip-academy-dame-cavalleria-toscana-odoo-18301
https://la-cabrade.be/nl/product/dames-softshell-academy-cavalleria-toscana-jas-met-capuchon/,https://www.sellerie-lacabrade.be/be/store
https://la-cabrade.be/fr/produit/t-shirt-classic-sports-ss25-eskadron/,https://www.sellerie-lacabrade.be/be/products/shirt-hood-classic-sports-eskadron-odoo-23324
https://la-cabrade.be/nl/product/t-shirt-classic-sports-ss25-eskadron/,https://www.sellerie-lacabrade.be/be/products/shirt-hood-classic-sports-eskadron-odoo-23324
https://la-cabrade.be/fr/produit/veste-de-concours-victorine-flower-jewellery-black-ton-sur-ton/,https://www.sellerie-lacabrade.be/be/store
https://la-cabrade.be/nl/product/victorine-flower-jewellery-zwart-ton-sur-ton-wedstrijdjasje/,https://www.sellerie-lacabrade.be/be/store
https://la-cabrade.be/fr/produit/licol-velvet-br/,https://www.sellerie-lacabrade.be/be/products/licol-velvet-kentucky-odoo-16841
https://la-cabrade.be/nl/product/fluwelen-br-halster-2/,https://www.sellerie-lacabrade.be/be/store
https://la-cabrade.be/fr/produit/tapis-de-selle-obstacle-pied-de-poule-kentucky/,https://www.sellerie-lacabrade.be/be/products/tapis-de-selle-basic-velvet-kentucky-odoo-12976
https://la-cabrade.be/nl/product/houndstooth-obstakel-zadeldek-kentucky-2/,https://www.sellerie-lacabrade.be/be/store
https://la-cabrade.be/fr/produit/tapis-de-selle-obstacle-melange-kentucky/,https://www.sellerie-lacabrade.be/be/products/tapis-de-selle-basic-velvet-kentucky-odoo-12976
https://la-cabrade.be/nl/product/obstakel-zadeldek-kentucky-melange-2/,https://www.sellerie-lacabrade.be/be/store
https://la-cabrade.be/fr/produit/tapis-de-selle-wave-3d-kentucky/,https://www.sellerie-lacabrade.be/be/products/tapis-de-selle-velvet-kentucky-odoo-15199
https://la-cabrade.be/nl/product/wave-3d-kentucky-zadeldek/,https://www.sellerie-lacabrade.be/be/store
https://la-cabrade.be/fr/produit/tapis-de-selle-dr-classique-kentucky/,https://www.sellerie-lacabrade.be/be/products/tapis-de-selle-velvet-kentucky-odoo-15199
https://la-cabrade.be/nl/product/dr-classic-zadeldek-kentucky/,https://www.sellerie-lacabrade.be/be/store
https://la-cabrade.be/fr/produit/tapis-de-selle-classique-kentucky/,https://www.sellerie-lacabrade.be/be/products/tapis-de-selle-velvet-kentucky-odoo-15199
https://la-cabrade.be/nl/product/kentucky-classic-zadeldek/,https://www.sellerie-lacabrade.be/be/store
https://la-cabrade.be/fr/produit/tapis-de-selle-diamond-rope-kentucky/,https://www.sellerie-lacabrade.be/be/products/tapis-de-selle-basic-velvet-kentucky-odoo-12976
https://la-cabrade.be/nl/product/diamond-rope-kentucky-zadeldek/,https://www.sellerie-lacabrade.be/be/store
https://la-cabrade.be/fr/produit/tapis-de-selle-avec-cordon-tresse-kentucky/,https://www.sellerie-lacabrade.be/be/products/tapis-de-selle-basic-velvet-kentucky-odoo-12976
https://la-cabrade.be/nl/product/zadeldek-met-kentucky-gevlochten-koord/,https://www.sellerie-lacabrade.be/be/store
https://la-cabrade.be/fr/produit/tapis-de-selle-3d-logo-kentucky/,https://www.sellerie-lacabrade.be/be/products/tapis-de-selle-velvet-kentucky-odoo-15199
https://la-cabrade.be/nl/product/3d-logo-zadeldek-kentucky/,https://www.sellerie-lacabrade.be/be/store
https://la-cabrade.be/fr/produit/tapis-de-selle-velvet-cob-kentucky/,https://www.sellerie-lacabrade.be/be/products/tapis-de-selle-basic-velvet-kentucky-odoo-12976
https://la-cabrade.be/nl/product/fluwelen-cob-kentucky-zadeldek-2/,https://www.sellerie-lacabrade.be/be/store
https://la-cabrade.be/fr/produit/tapis-de-selle-velvet-kentucky/,https://www.sellerie-lacabrade.be/be/products/tapis-de-selle-velvet-kentucky-odoo-15199
https://la-cabrade.be/nl/product/kentucky-fluwelen-zadeldek-2/,https://www.sellerie-lacabrade.be/be/store
https://la-cabrade.be/fr/produit/tapis-de-selle-velvet-dressage-kentucky/,https://www.sellerie-lacabrade.be/be/products/tapis-de-selle-basic-velvet-kentucky-odoo-12976
https://la-cabrade.be/nl/product/fluwelen-dressuur-zadeldek-kentucky/,https://www.sellerie-lacabrade.be/be/store
https://la-cabrade.be/fr/produit/tapis-de-selle-velvet-pearls-kentucky/,https://www.sellerie-lacabrade.be/be/products/tapis-de-selle-basic-velvet-kentucky-odoo-12976
https://la-cabrade.be/nl/product/fluwelen-parels-kentucky-zadeldek/,https://www.sellerie-lacabrade.be/be/store
https://la-cabrade.be/fr/produit/tapis-de-selle-basic-velvet-kentucky/,https://www.sellerie-lacabrade.be/be/products/tapis-de-selle-basic-velvet-kentucky-odoo-12976
https://la-cabrade.be/nl/product/basic-fluwelen-kentucky-zadeldek/,https://www.sellerie-lacabrade.be/be/products/longe-basic-color-kentucky-odoo-16840
https://la-cabrade.be/fr/produit/tondeuse-xtra-230v-320w-heiniger/,https://www.sellerie-lacabrade.be/be/products/60348-tondeuse-xtra-230v-320w-heiniger-s-r-odoo-20452
https://la-cabrade.be/nl/product/xtra-maaier-230v-320w-heiniger-2/,https://www.sellerie-lacabrade.be/be/products/60348-tondeuse-xtra-230v-320w-heiniger-s-r-odoo-20452
https://la-cabrade.be/fr/produit/top-interchangeable-romy-fade-qhp/,https://www.sellerie-lacabrade.be/be/products/top-interchangeable-romy-fade-qhp-odoo-11382
https://la-cabrade.be/nl/product/romy-fade-qhp-verwisselbare-top/,https://www.sellerie-lacabrade.be/be/products/top-interchangeable-romy-fade-qhp-odoo-11382
https://la-cabrade.be/fr/produit/top-interchangeable-romy-sparkle-qhp/,https://www.sellerie-lacabrade.be/be/products/top-interchangeable-romy-sparkle-qhp-odoo-15540
https://la-cabrade.be/nl/product/romy-sparkle-qhp-verwisselbare-top/,https://www.sellerie-lacabrade.be/be/products/top-interchangeable-romy-sparkle-qhp-odoo-15540
https://la-cabrade.be/fr/produit/top-interchangeable-sasha-croco-mat-qhp/,https://www.sellerie-lacabrade.be/be/products/34783-top-interchangeable-sasha-croco-mat-qhp-odoo-15543
https://la-cabrade.be/nl/product/verwisselbare-top-sasha-croco-mat-qhp/,https://www.sellerie-lacabrade.be/be/products/34783-top-interchangeable-sasha-croco-mat-qhp-odoo-15543
https://la-cabrade.be/fr/produit/top-interchangeable-sasha-croco-qhp/,https://www.sellerie-lacabrade.be/be/products/34784-top-interchangeable-sasha-croco-qhp-odoo-14390
https://la-cabrade.be/nl/product/verwisselbare-top-sasha-croco-qhp/,https://www.sellerie-lacabrade.be/be/products/34784-top-interchangeable-sasha-croco-qhp-odoo-14390
https://la-cabrade.be/fr/produit/tregging-br-4-eh-rifka-kids/,https://www.sellerie-lacabrade.be/be/store
https://la-cabrade.be/nl/product/tregging-br-4-eh-rifka-kinderen/,https://www.sellerie-lacabrade.be/be/store
https://la-cabrade.be/fr/produit/t-shirt-coton-orbit-cavalleria-toscana/,https://www.sellerie-lacabrade.be/be/products/t-shirt-coton-orbit-cavalleria-toscana-odoo-19548
https://la-cabrade.be/nl/product/katoenen-t-shirt-van-orbit-cavalleria-toscana-2/,https://www.sellerie-lacabrade.be/be/products/t-shirt-coton-orbit-cavalleria-toscana-odoo-19548
https://la-cabrade.be/fr/produit/t-shirt-cotton-multicolor-embroidery-logo-cavalleria-toscana/,https://www.sellerie-lacabrade.be/be/store
https://la-cabrade.be/nl/product/t-shirt-katoen-veelkleurig-geborduurd-logo-cavalleria-toscana/,https://www.sellerie-lacabrade.be/be/store
https://la-cabrade.be/fr/produit/t-shirt-cotton-w-3d-stamp-logo-cavalleria-toscana/,https://www.sellerie-lacabrade.be/be/products/t-shirt-coton-orbit-cavalleria-toscana-odoo-19548
https://la-cabrade.be/nl/product/t-shirt-katoen-met-3d-logo-stempel-cavalleria-toscana-2/,https://www.sellerie-lacabrade.be/be/store
https://la-cabrade.be/fr/produit/t-shirt-eevolv-ishaura-br/,https://www.sellerie-lacabrade.be/be/store
https://la-cabrade.be/nl/product/t-shirt-eevolv-ishaura-br/,https://www.sellerie-lacabrade.be/be/store
https://la-cabrade.be/fr/produit/veste-a-capuche-hybrid-classic-kingsland/,https://www.sellerie-lacabrade.be/be/products/veste-hybrid-classic-sports-eskadron-odoo-23326
https://la-cabrade.be/nl/product/hybride-klassieke-kingsland-hoodie/,https://www.sellerie-lacabrade.be/be/store
https://la-cabrade.be/fr/produit/veste-bjorn-br/,https://www.sellerie-lacabrade.be/be/store
https://la-cabrade.be/nl/product/bjorn-br-jas/,https://www.sellerie-lacabrade.be/be/store
https://la-cabrade.be/fr/produit/veste-bomber-edgar-s24-homme-samshield/,https://www.sellerie-lacabrade.be/be/store
https://la-cabrade.be/nl/product/edgar-s24-heren-bomberjack-samshield/,https://www.sellerie-lacabrade.be/be/store
https://la-cabrade.be/fr/produit/veste-chauffante-kl-valero-homme-kinglsand/,https://www.sellerie-lacabrade.be/be/store
https://la-cabrade.be/nl/product/kl-valero-heren-verwarmingsjack-kinglsand/,https://www.sellerie-lacabrade.be/be/store
https://la-cabrade.be/fr/produit/veste-coupe-vent-pikeur-athleisure/,https://www.sellerie-lacabrade.be/be/products/veste-fine-function-pikeur-athleisure-odoo-23202
https://la-cabrade.be/nl/product/pikeur-athleisure-windjack/,https://www.sellerie-lacabrade.be/be/products/chaussettes-pikeur-athleisure-odoo-21939
https://la-cabrade.be/fr/produit/veste-de-concours-airbag-integre-la-jktech-animo/,https://www.sellerie-lacabrade.be/be/store
https://la-cabrade.be/nl/product/jktech-animo-geintegreerde-airbag-wedstrijdjas/,https://www.sellerie-lacabrade.be/be/store
https://la-cabrade.be/fr/produit/veste-de-concours-dame-tech-knit-zip/,https://www.sellerie-lacabrade.be/be/products/veste-de-concours-lightweight-jersey-zip-dame-cavalleria-toscana-odoo-15653
https://la-cabrade.be/nl/product/dame-tech-gebreid-wedstrijdjack-met-rits/,https://www.sellerie-lacabrade.be/be/store
https://la-cabrade.be/fr/produit/veste-de-concours-houston-homme-br/,https://www.sellerie-lacabrade.be/be/store
https://la-cabrade.be/nl/product/wedstrijdjas-houston-man-br-2/,https://www.sellerie-lacabrade.be/be/store
https://la-cabrade.be/fr/produit/veste-de-concours-junior-phoenix-br/,https://www.sellerie-lacabrade.be/be/store
https://la-cabrade.be/nl/product/fenix-br-junior-wedstrijdjas/,https://www.sellerie-lacabrade.be/be/store
https://la-cabrade.be/fr/produit/veste-de-concours-lightweight-jersey-zip-dame-cavalleria-toscana/,https://www.sellerie-lacabrade.be/be/products/veste-de-concours-lightweight-jersey-zip-dame-cavalleria-toscana-odoo-15653
https://la-cabrade.be/nl/product/damesjack-cavalleria-toscana-lichtgewicht-jersey-met-ritssluiting-2/,https://www.sellerie-lacabrade.be/be/store
https://la-cabrade.be/fr/produit/veste-de-concours-r-evo-light-tech-knit-zip-cavalleria-toscana/,https://www.sellerie-lacabrade.be/be/products/veste-de-concours-lightweight-jersey-zip-dame-cavalleria-toscana-odoo-15653
https://la-cabrade.be/nl/product/wedstrijdjas-r-evo-light-tech-knit-ritssluiting-cavalleria-toscana-2/,https://www.sellerie-lacabrade.be/be/store
https://la-cabrade.be/fr/produit/veste-de-concours-rg-jersey-and-mesh-dame/,https://www.sellerie-lacabrade.be/be/products/veste-de-concours-lightweight-jersey-zip-dame-cavalleria-toscana-odoo-15653
https://la-cabrade.be/nl/product/dames-rg-jersey-en-mesh-wedstrijdjack/,https://www.sellerie-lacabrade.be/be/store
https://la-cabrade.be/fr/produit/warm-gel-500gr-hotw/,https://www.sellerie-lacabrade.be/be/store
https://la-cabrade.be/nl/product/warme-gel-500gr-hotw-2/,https://www.sellerie-lacabrade.be/be/store
https://la-cabrade.be/fr/produit/veste-de-concours-victorine-flower-jewellery-forest-green-ton-sur-ton/,https://www.sellerie-lacabrade.be/be/store
https://la-cabrade.be/nl/product/victorine-bloemenjuwelen-bosgroen-toon-op-toon-wedstrijdjasje/,https://www.sellerie-lacabrade.be/be/store
https://la-cabrade.be/fr/produit/veste-de-concours-victorine-premium-dame-s24-samshield/,https://www.sellerie-lacabrade.be/be/store
https://la-cabrade.be/nl/product/victorine-premium-dames-s24-samshield-wedstrijdjas/,https://www.sellerie-lacabrade.be/be/store
https://la-cabrade.be/fr/produit/veste-de-concours-victory-sculpt-dame-s24-samshield/,https://www.sellerie-lacabrade.be/be/store
https://la-cabrade.be/nl/product/victory-sculpt-dames-s24-samshield-wedstrijdjas/,https://www.sellerie-lacabrade.be/be/store
https://la-cabrade.be/fr/produit/veste-dentrainement-kl-ceanna/,https://www.sellerie-lacabrade.be/be/store
https://la-cabrade.be/nl/product/kl-ceanna-trainingsjack/,https://www.sellerie-lacabrade.be/be/store
https://la-cabrade.be/fr/produit/veste-de-pluie-elise-dame-s24-samshield/,https://www.sellerie-lacabrade.be/be/store
https://la-cabrade.be/nl/product/elise-dame-s24-samshield-regenjack/,https://www.sellerie-lacabrade.be/be/store
https://la-cabrade.be/fr/produit/veste-de-pluie-pikeur-athleisure-2/,https://www.sellerie-lacabrade.be/be/products/veste-de-pluie-pikeur-selection-odoo-21925
https://la-cabrade.be/nl/product/pikeur-athleisure-2-regenjack/,https://www.sellerie-lacabrade.be/be/products/chaussettes-pikeur-athleisure-odoo-21939
https://la-cabrade.be/fr/produit/veste-de-pluie-unisexe-classic-kingsland-2/,https://www.sellerie-lacabrade.be/be/store
https://la-cabrade.be/nl/product/classic-kingsland-2-unisex-regenjack/,https://www.sellerie-lacabrade.be/be/products/chaussettes-classic-3-pack-kingsland-odoo-17960
https://la-cabrade.be/fr/produit/veste-essentials-club-br-2/,https://www.sellerie-lacabrade.be/be/store
https://la-cabrade.be/nl/product/essentials-club-br-2-jas/,https://www.sellerie-lacabrade.be/be/store
https://la-cabrade.be/fr/produit/veste-gilet-quilt-waistcoat-classic-sports-ss25-eskadron/,https://www.sellerie-lacabrade.be/be/products/corde-duralastic-swivel-hook-classic-sports-ss25-eskadron-odoo-22097
https://la-cabrade.be/nl/product/jasje-quilt-gilet-classic-sport-ss25-eskadron-2/,https://www.sellerie-lacabrade.be/be/store
https://la-cabrade.be/fr/produit/veste-hiver-matelassee-claire-hv-polo/,https://www.sellerie-lacabrade.be/be/products/veste-hiver-matelassee-claire-hv-polo-odoo-18889
https://la-cabrade.be/nl/product/hv-polo-claire-gewatteerd-winterjack/,https://www.sellerie-lacabrade.be/be/store
https://la-cabrade.be/fr/produit/veste-impermeable-fehmarn-e%c2%b7l%c2%b7t/,https://www.sellerie-lacabrade.be/be/store
https://la-cabrade.be/nl/product/fehmarn-waterdicht-jack-e·l·t/,https://www.sellerie-lacabrade.be/be/store
https://la-cabrade.be/fr/produit/veste-impermeable-homme-heritage-24-25-eskadron/,https://www.sellerie-lacabrade.be/be/store
https://la-cabrade.be/nl/product/waterdicht-herenjack-heritage-24-25-eskadron/,https://www.sellerie-lacabrade.be/be/products/cloches-softslate-heritage-25-26-eskadron-odoo-23049
https://la-cabrade.be/fr/produit/veste-nylon-impermeable-rg-unisexe/,https://www.sellerie-lacabrade.be/be/store
https://la-cabrade.be/nl/product/uniseks-rg-waterdichte-nylon-jas/,https://www.sellerie-lacabrade.be/be/store
https://la-cabrade.be/fr/produit/veste-softshell-a-capuche-ivo-homme-br/,https://www.sellerie-lacabrade.be/be/store
https://la-cabrade.be/nl/product/ivo-heren-softshell-jas-met-capuchon-br/,https://www.sellerie-lacabrade.be/be/store
https://la-cabrade.be/fr/produit/vitaderm-vital-herbs-s-r/,https://www.sellerie-lacabrade.be/be/products/circul-vital-herbs-s-r-odoo-15011
https://la-cabrade.be/nl/product/vitaderm-vitale-kruiden-s-r/,https://www.sellerie-lacabrade.be/be/store
https://la-cabrade.be/fr/produit/whis-coach-stepped-jacket/,https://www.sellerie-lacabrade.be/be/store
https://la-cabrade.be/nl/product/fluwelen-coach-stepped-jas-2/,https://www.sellerie-lacabrade.be/be/store
https://la-cabrade.be/fr/produit/young-jump-absolute-carbon-gel-veredus/,https://www.sellerie-lacabrade.be/be/products/young-jump-absolute-carbon-gel-veredus-odoo-17914
https://la-cabrade.be/nl/product/jonge-sprong-absolute-carbon-gel-veredus/,https://www.sellerie-lacabrade.be/be/products/carbon-gel-absolute-front-veredus-odoo-16931
https://la-cabrade.be/fr/produit/young-jump-absolute-olympus-mx-veredus/,https://www.sellerie-lacabrade.be/be/products/young-jump-absolute-olympus-veredus-odoo-17915
https://la-cabrade.be/nl/product/jonge-sprong-absolute-olympus-mx-veredus/,https://www.sellerie-lacabrade.be/be/products/olympus-absolute-front-veredus-odoo-15971
https://la-cabrade.be/fr/produit/young-jump-absolute-olympus-veredus/,https://www.sellerie-lacabrade.be/be/products/young-jump-absolute-olympus-veredus-odoo-17915
https://la-cabrade.be/nl/product/jonge-sprong-absolute-olympus-veredus-2/,https://www.sellerie-lacabrade.be/be/products/olympus-absolute-front-veredus-odoo-15971
https://la-cabrade.be/fr/produit/zinc-systeme-immunitaire-sabots-robe-et-crins-waldhausen/,https://www.sellerie-lacabrade.be/be/products/62112-zinc-syst-me-immunitaire-sabots-robe-et-crins-waldhausen-odoo-20870
https://la-cabrade.be/nl/product/zink-immuunsysteem-verstopt-vacht-en-manen-waldhausen/,https://www.sellerie-lacabrade.be/be/store
https://la-cabrade.be/fr/produit/uvlite-vital-harbs-s-r/,https://www.sellerie-lacabrade.be/be/store
https://la-cabrade.be/nl/product/uvlite-vitaal-harbs-s-r/,https://www.sellerie-lacabrade.be/be/store
https://la-cabrade.be/fr/produit/tete-de-coupe-standard-g-animal-wahl/,https://www.sellerie-lacabrade.be/be/store
https://la-cabrade.be/nl/product/standaard-snijkop-g-dier-wahl/,https://www.sellerie-lacabrade.be/be/store
https://la-cabrade.be/fr/produit/tick-tornado-zenp5940/,https://www.sellerie-lacabrade.be/be/store
https://la-cabrade.be/nl/product/teken-tornado-zenp5940/,https://www.sellerie-lacabrade.be/be/store
https://la-cabrade.be/fr/produit/tik-less-vital-herbs-s-r/,https://www.sellerie-lacabrade.be/be/products/tik-less-vital-herbs-s-r-odoo-14512
https://la-cabrade.be/nl/product/tik-minder-vitale-kruiden-s-r/,https://www.sellerie-lacabrade.be/be/store
https://la-cabrade.be/fr/produit/veste-de-pluie-transparente-junior-qhp/,https://www.sellerie-lacabrade.be/be/products/veste-de-pluie-transparente-junior-qhp-odoo-15087
https://la-cabrade.be/nl/product/qhp-junior-transparant-regenjack/,https://www.sellerie-lacabrade.be/be/products/bottes-romy-junior-qhp-odoo-14523
https://la-cabrade.be/fr/produit/polo-de-concours-manches-courtes-textural-anky/,https://www.sellerie-lacabrade.be/be/products/polo-manches-courtes-pamoly-harcour-odoo-22256
https://la-cabrade.be/nl/product/anky-getextureerde-wedstrijdpolo-met-korte-mouwen-2/,https://www.sellerie-lacabrade.be/be/store
https://la-cabrade.be/fr/produit/tapis-dyon-corduroy/,https://www.sellerie-lacabrade.be/be/store
https://la-cabrade.be/nl/product/dyon-ribfluwelen-tapijt/,https://www.sellerie-lacabrade.be/be/store
https://la-cabrade.be/fr/produit/tenture-de-box-dyon/,https://www.sellerie-lacabrade.be/be/store
https://la-cabrade.be/nl/product/pashokje-ophangen-dyon/,https://www.sellerie-lacabrade.be/be/store
https://la-cabrade.be/fr/produit/veste-chauffante-longue-whis-coach/,https://www.sellerie-lacabrade.be/be/store
https://la-cabrade.be/nl/product/lange-verwarmende-jas/,https://www.sellerie-lacabrade.be/be/store
https://la-cabrade.be/fr/produit/thermaflex-liniment-gel-farnam/,https://www.sellerie-lacabrade.be/be/store
https://la-cabrade.be/nl/product/thermaflex-inwrijfgel-farnam/,https://www.sellerie-lacabrade.be/be/store
https://la-cabrade.be/fr/produit/tapis-massant-standard-equilibrium/,https://www.sellerie-lacabrade.be/be/store
https://la-cabrade.be/nl/product/standaard-evenwichtsmassagemat/,https://www.sellerie-lacabrade.be/be/store
https://la-cabrade.be/fr/produit/veste-de-concours-victorine-crystal-fabric-black-ton-sur-ton/,https://www.sellerie-lacabrade.be/be/store
https://la-cabrade.be/nl/product/victorine-kristal-stof-zwart-toon-op-toon-wedstrijdjasje-2/,https://www.sellerie-lacabrade.be/be/store
https://la-cabrade.be/fr/produit/veste-softshell-a-capuche-inge-br/,https://www.sellerie-lacabrade.be/be/products/veste-softshell-pikeur-athleisure-odoo-23189
https://la-cabrade.be/nl/product/inge-br-softshell-jas-met-capuchon/,https://www.sellerie-lacabrade.be/be/store
https://la-cabrade.be/fr/produit/veste-gilet-hybrid-pikeur-sports/,https://www.sellerie-lacabrade.be/be/products/veste-gilet-hybrid-pikeur-sports-odoo-21922
https://la-cabrade.be/nl/product/hybride-pikeur-sport-vest-2/,https://www.sellerie-lacabrade.be/be/store
https://la-cabrade.be/fr/produit/tondeuse-10w-li-ion-condor-premiere/,https://www.sellerie-lacabrade.be/be/products/58754-tondeuse-10w-li-ion-condor-premiere-odoo-20065
https://la-cabrade.be/nl/product/maaier-10w-li-ion-condor-premiere/,https://www.sellerie-lacabrade.be/be/products/58754-tondeuse-10w-li-ion-condor-premiere-odoo-20065
https://la-cabrade.be/fr/produit/tondeuse-premiere-eagle-expert-200w/,https://www.sellerie-lacabrade.be/be/store
https://la-cabrade.be/nl/product/premiere-eagle-expert-200w-maaier/,https://www.sellerie-lacabrade.be/be/store
https://la-cabrade.be/fr/produit/veste-zippee-a-capuche-jersey-mesh-ct/,https://www.sellerie-lacabrade.be/be/store
https://la-cabrade.be/nl/product/ct-jersey-mesh-jas-met-capuchon-en-ritssluiting/,https://www.sellerie-lacabrade.be/be/store
https://la-cabrade.be/fr/produit/veste-impermeable-elise-horze/,https://www.sellerie-lacabrade.be/be/store
https://la-cabrade.be/nl/product/elise-horze-waterdichte-jas-2/,https://www.sellerie-lacabrade.be/be/store
https://la-cabrade.be/fr/produit/t-shirt-chemise-zippee-manches-longues-clx-br/,https://www.sellerie-lacabrade.be/be/store
https://la-cabrade.be/nl/product/t-shirt-lange-mouw-rits-clx-br/,https://www.sellerie-lacabrade.be/be/store
https://la-cabrade.be/fr/produit/top-interchangeable-qhp-romy-croco-2/,https://www.sellerie-lacabrade.be/be/products/top-interchangeable-romy-croco-qhp-odoo-16533
https://la-cabrade.be/nl/product/verwisselbare-top-qhp-romy-croco-2/,https://www.sellerie-lacabrade.be/be/products/top-interchangeable-romy-croco-qhp-odoo-16533
https://la-cabrade.be/fr/produit/veste-de-concours-zip-lightweight-jersey-homme-cavalleria-toscana/,https://www.sellerie-lacabrade.be/be/products/veste-de-concours-lightweight-jersey-zip-dame-cavalleria-toscana-odoo-15653
https://la-cabrade.be/nl/product/cavalleria-toscana-heren-lichtgewicht-jersey-wedstrijdjas-met-rits/,https://www.sellerie-lacabrade.be/be/store
https://la-cabrade.be/fr/produit/veste-3-en-1-revolution-homme-cavalleria-toscana/,https://www.sellerie-lacabrade.be/be/products/ceinture-lastique-homme-cavalleria-toscana-odoo-17360
https://la-cabrade.be/nl/product/cavalleria-toscana-heren-3-in-1-revolution-jas/,https://www.sellerie-lacabrade.be/be/store
https://la-cabrade.be/fr/produit/veste-ineke-br/,https://www.sellerie-lacabrade.be/be/store
https://la-cabrade.be/nl/product/ineke-br-jas/,https://www.sellerie-lacabrade.be/be/store
https://la-cabrade.be/fr/produit/veste-sans-manche-nylon-puffer-dame-cavalleria-toscana/,https://www.sellerie-lacabrade.be/be/products/veste-de-concours-lightweight-jersey-zip-dame-cavalleria-toscana-odoo-15653
https://la-cabrade.be/nl/product/nylon-pufferjack-cavalleria-toscana-voor-dames/,https://www.sellerie-lacabrade.be/be/store
https://la-cabrade.be/fr/produit/veste-impermeable-heritage-24-25-eskadron/,https://www.sellerie-lacabrade.be/be/products/cloches-softslate-heritage-25-26-eskadron-odoo-23049
https://la-cabrade.be/nl/product/heritage-24-25-eskadron-waterdicht-jack-2/,https://www.sellerie-lacabrade.be/be/products/cloches-softslate-heritage-25-26-eskadron-odoo-23049
https://la-cabrade.be/fr/produit/tondeuse-kite-li-ion-premiere-sans-fil/,https://www.sellerie-lacabrade.be/be/products/30788-tondeuse-sans-fil-kite-li-ion-premiere-odoo-16781
https://la-cabrade.be/nl/product/kite-li-ion-premiere-accu-maaier-2/,https://www.sellerie-lacabrade.be/be/store
https://la-cabrade.be/fr/produit/t-shirt-logo-cotton-enfant-cavalleria-toscana/,https://www.sellerie-lacabrade.be/be/products/ceinture-lastique-enfant-cavalleria-toscana-odoo-21038
https://la-cabrade.be/nl/product/t-shirt-logo-katoen-kinderen-cavalleria-toscana/,https://www.sellerie-lacabrade.be/be/products/t-shirt-coton-orbit-cavalleria-toscana-odoo-19548
https://la-cabrade.be/fr/produit/t-shirt-longue-manche-demi-zip-platinum-s24-eskadron/,https://www.sellerie-lacabrade.be/be/store
https://la-cabrade.be/nl/product/t-shirt-met-lange-mouwen-en-halve-rits-platinum-s24-eskadron/,https://www.sellerie-lacabrade.be/be/store
https://la-cabrade.be/fr/produit/t-shirt-iefke-br/,https://www.sellerie-lacabrade.be/be/store
https://la-cabrade.be/nl/product/t-shirt-iefke-br/,https://www.sellerie-lacabrade.be/be/store
https://la-cabrade.be/fr/produit/t-shirt-iris-junior-qhp/,https://www.sellerie-lacabrade.be/be/products/t-shirt-iris-junior-qhp-odoo-16233
https://la-cabrade.be/nl/product/iris-junior-t-shirt-qhp-2/,https://www.sellerie-lacabrade.be/be/products/t-shirt-iris-junior-qhp-odoo-16233
https://la-cabrade.be/fr/produit/veste-de-pluie-transparente-qhp/,https://www.sellerie-lacabrade.be/be/products/veste-de-pluie-transparente-qhp-odoo-17108
https://la-cabrade.be/nl/product/qhp-transparant-regenjack/,https://www.sellerie-lacabrade.be/be/store
https://la-cabrade.be/fr/produit/tondeuse-premiere-falco-200w/,https://www.sellerie-lacabrade.be/be/products/54068-peignes-de-tondeuse-falco-kite-premiere-odoo-19066
https://la-cabrade.be/nl/product/premiere-falco-200w-maaier/,https://www.sellerie-lacabrade.be/be/store
https://la-cabrade.be/fr/produit/veste-hybrid-pikeur-athleisure/,https://www.sellerie-lacabrade.be/be/products/veste-hybrid-pikeur-athleisure-odoo-21921
https://la-cabrade.be/nl/product/hybride-pikeur-athleisure-jas-2/,https://www.sellerie-lacabrade.be/be/products/pull-fleece-pikeur-athleisure-odoo-23191
https://la-cabrade.be/fr/produit/whis-coach-jacket-parka-2/,https://www.sellerie-lacabrade.be/be/store
https://la-cabrade.be/nl/product/fluister-coach-jas-parka-2/,https://www.sellerie-lacabrade.be/be/store
https://la-cabrade.be/fr/produit/bridon-astrid-proline-kavalkade/,https://www.sellerie-lacabrade.be/be/store
https://la-cabrade.be/nl/product/hoofdstel-astrid-proline-kavalkade/,https://www.sellerie-lacabrade.be/be/store
https://la-cabrade.be/fr/produit/bridon-kavalkade-charlotte/,https://www.sellerie-lacabrade.be/be/store
https://la-cabrade.be/nl/product/bridon-kavalkade-charlotte-2/,https://www.sellerie-lacabrade.be/be/store
https://la-cabrade.be/fr/produit/tapis-de-selle-white-line-edition-equestro/,https://www.sellerie-lacabrade.be/be/store
https://la-cabrade.be/nl/product/white-line-edition-equestro-zadeldek/,https://www.sellerie-lacabrade.be/be/store
https://la-cabrade.be/fr/produit/tapis-de-selle-velvet-cavalleria-toscana/,https://www.sellerie-lacabrade.be/be/products/tapis-de-selle-basic-velvet-kentucky-odoo-12976
https://la-cabrade.be/nl/product/cavalleria-toscana-fluwelen-zadeldek/,https://www.sellerie-lacabrade.be/be/products/ceinture-lastique-cavalleria-toscana-odoo-19544
https://la-cabrade.be/fr/produit/tapis-de-selle-velvet-pearl-kentucky/,https://www.sellerie-lacabrade.be/be/products/tapis-de-selle-basic-velvet-kentucky-odoo-12976
https://la-cabrade.be/nl/product/fluwelen-parel-kentucky-zadeldek-2/,https://www.sellerie-lacabrade.be/be/store
https://la-cabrade.be/fr/produit/veste-de-concours-birmington/,https://www.sellerie-lacabrade.be/be/store
https://la-cabrade.be/nl/product/birmington-show-jas/,https://www.sellerie-lacabrade.be/be/store
https://la-cabrade.be/fr/produit/guetres-professional-choice-smb-ii/,https://www.sellerie-lacabrade.be/be/store
https://la-cabrade.be/nl/product/beroepskeuze-smb-ii/,https://www.sellerie-lacabrade.be/be/store
https://la-cabrade.be/fr/produit/guetres-protege-tendons-clx-o2-br/,https://www.sellerie-lacabrade.be/be/store
https://la-cabrade.be/nl/product/peesbeschermers-clx-o2-br-2/,https://www.sellerie-lacabrade.be/be/products/licol-clx-br-odoo-20570
https://la-cabrade.be/fr/produit/guetres-protege-tendons-xo2-br/,https://www.sellerie-lacabrade.be/be/store
https://la-cabrade.be/nl/product/xo2-br-peesbeschermers-2/,https://www.sellerie-lacabrade.be/be/store
https://la-cabrade.be/fr/produit/guetres-softshell-classic-sports-s24-eskadron/,https://www.sellerie-lacabrade.be/be/products/gu-tres-softshell-jewel-classic-sports-eskadron-odoo-23321
https://la-cabrade.be/nl/product/softshell-handschoenen-classic-sports-s24-eskadron-2/,https://www.sellerie-lacabrade.be/be/products/gu-tres-softshell-jewel-classic-sports-eskadron-odoo-23321
https://la-cabrade.be/fr/produit/protege-tendons-softslate-evowool-heritage/,https://www.sellerie-lacabrade.be/be/products/gu-tres-softslate-evowool-heritage-eskadron-odoo-16968
https://la-cabrade.be/nl/product/softslate-evowool-heritage-peesbeschermer/,https://www.sellerie-lacabrade.be/be/products/gu-tres-softslate-evowool-heritage-eskadron-odoo-16968
https://la-cabrade.be/fr/produit/guetres-softslate-evo-wool-reflexx-eskadron-s23/,https://www.sellerie-lacabrade.be/be/products/gu-tres-softslate-evowool-reflexx-s23-eskadron-odoo-18086
https://la-cabrade.be/nl/product/softslate-evo-wol-reflexx-eskadron-s23-horloges/,https://www.sellerie-lacabrade.be/be/products/gu-tres-softslate-evowool-reflexx-s23-eskadron-odoo-18086
https://la-cabrade.be/fr/produit/guetres-souple-3d-mesh-mouton-back-on-track/,https://www.sellerie-lacabrade.be/be/store
https://la-cabrade.be/nl/product/back-on-track-zachte-3d-mesh-schapenvacht-guetres/,https://www.sellerie-lacabrade.be/be/store
https://la-cabrade.be/fr/produit/guetres-trpro-h5-veredus/,https://www.sellerie-lacabrade.be/be/products/gu-tres-trpro-h5-veredus-odoo-20355
https://la-cabrade.be/nl/product/trpro-h5-horloges-veredus/,https://www.sellerie-lacabrade.be/be/products/gu-tres-trpro-h5-veredus-odoo-20355
https://la-cabrade.be/fr/produit/vegan-sheepskin-tendon-boots-velcro/,https://www.sellerie-lacabrade.be/be/store
https://la-cabrade.be/nl/product/veganistische-schapenvacht-peeslaarzen-klittenband-2/,https://www.sellerie-lacabrade.be/be/store
https://la-cabrade.be/fr/produit/guetres-norton-xtr-mouton-synthetique/,https://www.sellerie-lacabrade.be/be/store
https://la-cabrade.be/nl/product/norton-xtr-handschoenen-synthetisch-schapenleer/,https://www.sellerie-lacabrade.be/be/store
https://la-cabrade.be/fr/produit/haze-collection-horse-rug/,https://www.sellerie-lacabrade.be/be/store
https://la-cabrade.be/nl/product/haze-collectie-paardendeken/,https://www.sellerie-lacabrade.be/be/store
https://la-cabrade.be/fr/produit/heritage-iv-zip-paddock-mens/,https://www.sellerie-lacabrade.be/be/store
https://la-cabrade.be/nl/product/heritage-iv-rits-paddock-heren/,https://www.sellerie-lacabrade.be/be/store
https://la-cabrade.be/fr/produit/hoof-sock-tubbease-holland-animal-care/,https://www.sellerie-lacabrade.be/be/products/hoof-sock-chaussette-m-dicale-tubbease-odoo-15093
https://la-cabrade.be/nl/product/hoefsok-tubbease-holland-dierverzorging/,https://www.sellerie-lacabrade.be/be/store
https://la-cabrade.be/fr/produit/horse-bib-protection-garrot-mouton-kentucky/,https://www.sellerie-lacabrade.be/be/store
https://la-cabrade.be/nl/product/paarden-slabbetje-bescherming-garrot-mouton-kentucky/,https://www.sellerie-lacabrade.be/be/store
https://la-cabrade.be/fr/produit/cravache-obstacle-carbon-b-vertigo/,https://www.sellerie-lacabrade.be/be/products/cravache-obstacle-carbon-fleck-odoo-17004
https://la-cabrade.be/nl/product/hindernis-zweep-carbon-b-vertigo/,https://www.sellerie-lacabrade.be/be/store
https://la-cabrade.be/fr/produit/cravache-obstacle-nicolet-horze/,https://www.sellerie-lacabrade.be/be/products/cravache-obstacle-holiday-lc-equestrian-odoo-22537
https://la-cabrade.be/nl/product/hindernis-zweep-nicolet-horze/,https://www.sellerie-lacabrade.be/be/store
https://la-cabrade.be/fr/produit/cravache-obstacle-shine-qhp/,https://www.sellerie-lacabrade.be/be/products/cravache-obstacle-holiday-lc-equestrian-odoo-22537
https://la-cabrade.be/nl/product/obstakel-zweep-shine-qhp-2/,https://www.sellerie-lacabrade.be/be/products/courroies-d-perons-shine-qhp-odoo-22328
https://la-cabrade.be/fr/produit/crochet-porte-seau-amovible-hippotonic/,https://www.sellerie-lacabrade.be/be/store
https://la-cabrade.be/nl/product/hippotone-verwijderbare-emmerhaak-2/,https://www.sellerie-lacabrade.be/be/store
https://la-cabrade.be/fr/produit/durcisseur-pour-sabot-br/,https://www.sellerie-lacabrade.be/be/store
https://la-cabrade.be/nl/product/verharder-voor-br-2/,https://www.sellerie-lacabrade.be/be/store
https://la-cabrade.be/fr/produit/cravache-de-dressage-carbon-fleck/,https://www.sellerie-lacabrade.be/be/products/cravache-obstacle-carbon-fleck-odoo-17004
https://la-cabrade.be/nl/product/dressuurzweep-met-carbonvlek-2/,https://www.sellerie-lacabrade.be/be/store
https://la-cabrade.be/fr/produit/cravache-halloween-diable-qhp/,https://www.sellerie-lacabrade.be/be/store
https://la-cabrade.be/nl/product/halloween-zweep-duivel-qhp-2/,https://www.sellerie-lacabrade.be/be/store
https://la-cabrade.be/fr/produit/cravache-obstacle-bello-qhp/,https://www.sellerie-lacabrade.be/be/products/cravache-obstacle-holiday-lc-equestrian-odoo-22537
https://la-cabrade.be/nl/product/obstakel-zweep-bello-qhp-2/,https://www.sellerie-lacabrade.be/be/store
https://la-cabrade.be/fr/produit/cravache-fleck-951090-claquette-vernis/,https://www.sellerie-lacabrade.be/be/store
https://la-cabrade.be/nl/product/fleck-zweep-951090-gelakte-teenslipper/,https://www.sellerie-lacabrade.be/be/store
https://la-cabrade.be/fr/produit/cravache-whip-go-soft/,https://www.sellerie-lacabrade.be/be/products/cravache-soft-grip-whip-go-odoo-15969
https://la-cabrade.be/nl/product/zweep-gaan-zachte-zweep-2/,https://www.sellerie-lacabrade.be/be/store
https://la-cabrade.be/fr/produit/derma-wash-cavalor-s-r-2/,https://www.sellerie-lacabrade.be/be/store
https://la-cabrade.be/nl/product/derma-wash-cavalor-s-r-2/,https://www.sellerie-lacabrade.be/be/store
https://la-cabrade.be/fr/produit/elastiques-a-natter-premiere-2/,https://www.sellerie-lacabrade.be/be/products/17909-aiguille-natter-premiere-odoo-14951
https://la-cabrade.be/nl/product/premiere-2-vlechtelastieken/,https://www.sellerie-lacabrade.be/be/products/longe-8m-premiere-odoo-21891
https://la-cabrade.be/fr/produit/eperons-metalab-marteaux-15mm-dame/,https://www.sellerie-lacabrade.be/be/store
https://la-cabrade.be/nl/product/metalab-hamer-sporen-15mm-dame/,https://www.sellerie-lacabrade.be/be/store
https://la-cabrade.be/fr/produit/eponge-rectangle-hippo-tonic/,https://www.sellerie-lacabrade.be/be/store
https://la-cabrade.be/nl/product/hippo-tonic-rechthoekige-spons-2/,https://www.sellerie-lacabrade.be/be/store
https://la-cabrade.be/fr/produit/etriers-alu-staf11-equipe/,https://www.sellerie-lacabrade.be/be/store
https://la-cabrade.be/nl/product/aluminium-stijgbeugels-staf11-team-2/,https://www.sellerie-lacabrade.be/be/store
https://la-cabrade.be/fr/produit/etriers-de-securite-lavello-br/,https://www.sellerie-lacabrade.be/be/store
https://la-cabrade.be/nl/product/lavello-br-veiligheidsbeugels/,https://www.sellerie-lacabrade.be/be/store
https://la-cabrade.be/fr/produit/etriers-de-securite-x-cel-equiline-grip/,https://www.sellerie-lacabrade.be/be/store
https://la-cabrade.be/nl/product/x-cel-equiline-grip-veiligheidsbeugels/,https://www.sellerie-lacabrade.be/be/store
https://la-cabrade.be/fr/produit/etriers-green-composite-end-noir-flex-on/,https://www.sellerie-lacabrade.be/be/products/triers-green-composite-iug-noir-flex-on-odoo-20614
https://la-cabrade.be/nl/product/groen-composiet-uiteinde-zwart-flex-op-remklauwen/,https://www.sellerie-lacabrade.be/be/store
https://la-cabrade.be/fr/produit/etriers-green-composite-iug-gris-flex-on-2/,https://www.sellerie-lacabrade.be/be/products/triers-green-composite-iug-noir-flex-on-odoo-20614
https://la-cabrade.be/nl/product/groen-composiet-iug-grijs-flex-op-2-remklauwen/,https://www.sellerie-lacabrade.be/be/store
https://la-cabrade.be/fr/produit/etriers-green-composite-iug-rouge-flex-on/,https://www.sellerie-lacabrade.be/be/products/triers-green-composite-iug-noir-flex-on-odoo-20614
https://la-cabrade.be/nl/product/groen-composiet-iug-rood-flex-op-remklauwen/,https://www.sellerie-lacabrade.be/be/store
https://la-cabrade.be/fr/produit/etriers-safe-on-junior-branches-noires-ig-noir-flex-on/,https://www.sellerie-lacabrade.be/be/products/triers-safe-on-branches-noires-iug-noir-flex-on-odoo-20615
https://la-cabrade.be/nl/product/safe-on-junior-remklauwen-zwarte-takken-ig-zwart-flex-on-2/,https://www.sellerie-lacabrade.be/be/store
https://la-cabrade.be/fr/produit/etrille-eponge-integree-hippotonic/,https://www.sellerie-lacabrade.be/be/store
https://la-cabrade.be/nl/product/hippotone-geintegreerde-spons-etrille/,https://www.sellerie-lacabrade.be/be/store
https://la-cabrade.be/fr/produit/etrivieres-cuir-souple-lj/,https://www.sellerie-lacabrade.be/be/store
https://la-cabrade.be/nl/product/lj-zacht-lederen-bekleding/,https://www.sellerie-lacabrade.be/be/store
https://la-cabrade.be/fr/produit/extension-de-poitrail-classique-qhp/,https://www.sellerie-lacabrade.be/be/store
https://la-cabrade.be/nl/product/klassieke-borstverlenging-qhp/,https://www.sellerie-lacabrade.be/be/store
https://la-cabrade.be/fr/produit/filet-a-foin-carre-imperial-riding/,https://www.sellerie-lacabrade.be/be/store
https://la-cabrade.be/nl/product/keizerlijk-vierkant-hooinet/,https://www.sellerie-lacabrade.be/be/store
https://la-cabrade.be/fr/produit/filet-a-foin-coton-hippotonic-avec-anneaux/,https://www.sellerie-lacabrade.be/be/store
https://la-cabrade.be/nl/product/hippotoon-katoen-hooinet-met-ringen/,https://www.sellerie-lacabrade.be/be/store
https://la-cabrade.be/fr/produit/filet-a-foin-grand-modele-norton/,https://www.sellerie-lacabrade.be/be/store
https://la-cabrade.be/nl/product/norton-groot-model-hooinet/,https://www.sellerie-lacabrade.be/be/store
https://la-cabrade.be/fr/produit/filet-aiguille-2-en-1-stubben/,https://www.sellerie-lacabrade.be/be/store
https://la-cabrade.be/nl/product/netnaald-2-in-1-stubben/,https://www.sellerie-lacabrade.be/be/store
https://la-cabrade.be/fr/produit/filet-chantilly-double-brisure-stubben/,https://www.sellerie-lacabrade.be/be/products/baby-pelham-double-brisure-stubben-odoo-16027
https://la-cabrade.be/nl/product/filet-chantilly-dubbele-brisure-stubben/,https://www.sellerie-lacabrade.be/be/store
https://la-cabrade.be/fr/produit/filet-de-bride-olive-sweet-stubben/,https://www.sellerie-lacabrade.be/be/products/mors-olive-sweet-cuivre-stubben-odoo-19005
https://la-cabrade.be/nl/product/filet-de-bride-olijf-zoete-stubben/,https://www.sellerie-lacabrade.be/be/store
https://la-cabrade.be/fr/produit/noeud-filet-pour-cheveux-chique-qhp/,https://www.sellerie-lacabrade.be/be/products/filet-pour-cheveux-qhp-odoo-20388
https://la-cabrade.be/nl/product/chique-qhp-haarnetknoop-2/,https://www.sellerie-lacabrade.be/be/store
https://la-cabrade.be/fr/produit/filets-a-foin-qhp/,https://www.sellerie-lacabrade.be/be/products/filet-foin-g-ant-qhp-odoo-19872
https://la-cabrade.be/nl/product/hooinetten-qhp-2/,https://www.sellerie-lacabrade.be/be/products/ponge-xl-qhp-odoo-21413
https://la-cabrade.be/fr/produit/fly-mask-absorbine-avec-oreilles/,https://www.sellerie-lacabrade.be/be/store
https://la-cabrade.be/nl/product/absorbine-vliegenmasker-met-oren/,https://www.sellerie-lacabrade.be/be/store
https://la-cabrade.be/fr/produit/fourche-de-martingale-a-mousqueton-eric-thomas-pro/,https://www.sellerie-lacabrade.be/be/store
https://la-cabrade.be/nl/product/eric-thomas-pro-karabijnhaak-martingaalvork-2/,https://www.sellerie-lacabrade.be/be/store
https://la-cabrade.be/fr/produit/fourche-de-martingale-simple-qhp/,https://www.sellerie-lacabrade.be/be/store
https://la-cabrade.be/nl/product/eenvoudige-martingaalvork-qhp-2/,https://www.sellerie-lacabrade.be/be/store
https://la-cabrade.be/fr/produit/framboise-excellent-horse-s-r/,https://www.sellerie-lacabrade.be/be/store
https://la-cabrade.be/nl/product/framboos-uitstekend-paard-s-r/,https://www.sellerie-lacabrade.be/be/store
https://la-cabrade.be/fr/produit/gant-de-pansage-mattes/,https://www.sellerie-lacabrade.be/be/store
https://la-cabrade.be/nl/product/matte-verzorgingshandschoenen/,https://www.sellerie-lacabrade.be/be/store
https://la-cabrade.be/fr/produit/gants-de-travail-kl-blake-unisex/,https://www.sellerie-lacabrade.be/be/store
https://la-cabrade.be/nl/product/kl-blake-unisex-werkhandschoenen/,https://www.sellerie-lacabrade.be/be/store
https://la-cabrade.be/fr/produit/gants-hiver-rahel-b-vertigo/,https://www.sellerie-lacabrade.be/be/store
https://la-cabrade.be/nl/product/rahel-b-vertigo-winterhandschoenen-2/,https://www.sellerie-lacabrade.be/be/store
https://la-cabrade.be/fr/produit/gants-hvp-suzy-hv-polo/,https://www.sellerie-lacabrade.be/be/store
https://la-cabrade.be/nl/product/hvp-suzy-handschoenen-hv-polo-2/,https://www.sellerie-lacabrade.be/be/store
https://la-cabrade.be/fr/produit/gants-roeckl-lorraine/,https://www.sellerie-lacabrade.be/be/store
https://la-cabrade.be/nl/product/roeckl-lorraine-handschoenen/,https://www.sellerie-lacabrade.be/be/store
https://la-cabrade.be/fr/produit/gants-odina-b-vertigo/,https://www.sellerie-lacabrade.be/be/store
https://la-cabrade.be/nl/product/odina-b-vertigo-handschoenen-2/,https://www.sellerie-lacabrade.be/be/store
https://la-cabrade.be/fr/produit/gants-ruby-horze/,https://www.sellerie-lacabrade.be/be/store
https://la-cabrade.be/nl/product/robijn-horze-handschoenen-2/,https://www.sellerie-lacabrade.be/be/store
https://la-cabrade.be/fr/produit/gants-techniques-anky/,https://www.sellerie-lacabrade.be/be/store
https://la-cabrade.be/nl/product/anky-technische-handschoenen/,https://www.sellerie-lacabrade.be/be/store
https://la-cabrade.be/fr/produit/gants-samshield-swaros-bleu-v-skin/,https://www.sellerie-lacabrade.be/be/store
https://la-cabrade.be/nl/product/samshield-swaros-blue-v-skin-handschoenen/,https://www.sellerie-lacabrade.be/be/store
https://la-cabrade.be/fr/produit/gilet-quilt-waistcoat-heritage-24-25-eskadron/,https://www.sellerie-lacabrade.be/be/store
https://la-cabrade.be/nl/product/heritage-24-25-eskadron-quilt-gilet-2/,https://www.sellerie-lacabrade.be/be/products/cloches-softslate-heritage-25-26-eskadron-odoo-23049
https://la-cabrade.be/fr/produit/gilet-quilt-waistcoat-teddy-heritage-24-25-eskadron/,https://www.sellerie-lacabrade.be/be/store
https://la-cabrade.be/nl/product/gilet-quilt-gilet-teddy-heritage-24-25-eskadron/,https://www.sellerie-lacabrade.be/be/store
https://la-cabrade.be/fr/produit/guetres-air-tech-eventing-anterieure-kentucky-2/,https://www.sellerie-lacabrade.be/be/store
https://la-cabrade.be/nl/product/air-tech-eventing-voorhoede-kentucky-2-2/,https://www.sellerie-lacabrade.be/be/store
https://la-cabrade.be/fr/produit/guetres-air-tech-eventing-posterieures-kentucky-2/,https://www.sellerie-lacabrade.be/be/store
https://la-cabrade.be/nl/product/air-tech-eventing-posterior-kentucky-2-lookouts-2/,https://www.sellerie-lacabrade.be/be/store
https://la-cabrade.be/fr/produit/guetres-anti-mouches-horseware/,https://www.sellerie-lacabrade.be/be/products/gu-tres-anti-mouches-horseware-odoo-19907
https://la-cabrade.be/nl/product/guetres-anti-mouches-horseware/,https://www.sellerie-lacabrade.be/be/products/gu-tres-anti-mouches-horseware-odoo-19907
https://la-cabrade.be/fr/produit/guetres-de-cross-technical-anterieurs-qhp/,https://www.sellerie-lacabrade.be/be/products/gu-tres-de-cross-technical-ant-rieurs-qhp-odoo-17080
https://la-cabrade.be/nl/product/qhp-cross-technische-voorschermen-2/,https://www.sellerie-lacabrade.be/be/store
https://la-cabrade.be/fr/produit/guetres-de-repos-posterieurs-br/,https://www.sellerie-lacabrade.be/be/store
https://la-cabrade.be/nl/product/achtersteunbeschermers-br-2/,https://www.sellerie-lacabrade.be/be/store
https://la-cabrade.be/fr/produit/guetres-de-transport-anterieurs-br/,https://www.sellerie-lacabrade.be/be/store
https://la-cabrade.be/nl/product/voorste-transportbeschermers-br/,https://www.sellerie-lacabrade.be/be/store
https://la-cabrade.be/fr/produit/guetres-de-transport-posterieurs-br/,https://www.sellerie-lacabrade.be/be/store
https://la-cabrade.be/nl/product/transportbeschermers-achter-br-2/,https://www.sellerie-lacabrade.be/be/store
https://la-cabrade.be/fr/produit/guetre-de-travail-back-on-track-anterieurs/,https://www.sellerie-lacabrade.be/be/store
https://la-cabrade.be/nl/product/terug-op-schema-voor-werk-horloges/,https://www.sellerie-lacabrade.be/be/store
https://la-cabrade.be/fr/produit/guetres-de-travail-faux-fur-en-mesh-eskadron/,https://www.sellerie-lacabrade.be/be/products/gu-tres-de-travail-faux-fur-en-mesh-eskadron-odoo-15364
https://la-cabrade.be/nl/product/eskadron-werkhorloges-van-imitatiebont/,https://www.sellerie-lacabrade.be/be/store
https://la-cabrade.be/fr/produit/guetres-flexisoft-eskadron/,https://www.sellerie-lacabrade.be/be/store
https://la-cabrade.be/nl/product/eskadron-flexisoft-uitkijk-2/,https://www.sellerie-lacabrade.be/be/store
https://la-cabrade.be/fr/produit/hipposandales-cavallo-f-r-a-taille-1-regular-s-r/,https://www.sellerie-lacabrade.be/be/store
https://la-cabrade.be/nl/product/cavallo-f-r-a-hipposandalen-maat-1-normaal-s-r/,https://www.sellerie-lacabrade.be/be/store
https://la-cabrade.be/fr/produit/hipposandales-cavallo-f-r-a-taille-1-slim-s-r/,https://www.sellerie-lacabrade.be/be/store
https://la-cabrade.be/nl/product/cavallo-f-r-a-hipposandalen-maat-1-slank-s-r/,https://www.sellerie-lacabrade.be/be/store
https://la-cabrade.be/fr/produit/hipposandales-cavallo-f-r-a-taille-4-regular-s-r/,https://www.sellerie-lacabrade.be/be/store
https://la-cabrade.be/nl/product/cavallo-f-r-a-hipposandalen-maat-4-normaal-s-r/,https://www.sellerie-lacabrade.be/be/store
https://la-cabrade.be/fr/produit/hipposandales-cavallo-f-r-a-taille-5-regular-s-r/,https://www.sellerie-lacabrade.be/be/store
https://la-cabrade.be/nl/product/cavallo-f-r-a-hipposandalen-maat-5-normaal-s-r/,https://www.sellerie-lacabrade.be/be/store
https://la-cabrade.be/fr/produit/hipposandales-cavallo-f-r-a-taille-5-slim-s-r/,https://www.sellerie-lacabrade.be/be/store
https://la-cabrade.be/nl/product/cavallo-f-r-a-hipposandalen-maat-5-slank-s-r/,https://www.sellerie-lacabrade.be/be/store
https://la-cabrade.be/fr/produit/hoof-glitter-balm-br/,https://www.sellerie-lacabrade.be/be/store
https://la-cabrade.be/nl/product/hoefglitter-balsem-br/,https://www.sellerie-lacabrade.be/be/store
https://la-cabrade.be/fr/produit/housse-de-selle-dressage-br/,https://www.sellerie-lacabrade.be/be/store
https://la-cabrade.be/nl/product/dressuur-zadelhoes-br-2/,https://www.sellerie-lacabrade.be/be/store
https://la-cabrade.be/fr/produit/jeu-de-peignes-heiniger-31-15/,https://www.sellerie-lacabrade.be/be/store
https://la-cabrade.be/nl/product/set-heiniger-kammen-31-15/,https://www.sellerie-lacabrade.be/be/store
https://la-cabrade.be/fr/produit/jeu-de-peignes-premiere-1mm/,https://www.sellerie-lacabrade.be/be/store
https://la-cabrade.be/nl/product/set-van-premiere-1mm-kammen-2/,https://www.sellerie-lacabrade.be/be/store
https://la-cabrade.be/fr/produit/guetres-mini-horse-br/,https://www.sellerie-lacabrade.be/be/products/69777-chaussettes-mini-horse-br-odoo-22413
https://la-cabrade.be/nl/product/minipaard-br/,https://www.sellerie-lacabrade.be/be/store
https://la-cabrade.be/fr/produit/guetres-pro-dressage-anterieurs-platinum-25-eskadron/,https://www.sellerie-lacabrade.be/be/store
https://la-cabrade.be/nl/product/guetres-pro-dressage-anterieurs-platinum-25-eskadron/,https://www.sellerie-lacabrade.be/be/store
https://la-cabrade.be/fr/produit/housse-de-selle-br-ambiance/,https://www.sellerie-lacabrade.be/be/store
https://la-cabrade.be/nl/product/zadelhoes-br-ambiance/,https://www.sellerie-lacabrade.be/be/store
https://la-cabrade.be/fr/produit/housse-de-selle-collection-qhp-2/,https://www.sellerie-lacabrade.be/be/store
https://la-cabrade.be/nl/product/zadelhoes-collectie-qhp-2/,https://www.sellerie-lacabrade.be/be/store
https://la-cabrade.be/fr/produit/housse-de-selle-collection-qhp/,https://www.sellerie-lacabrade.be/be/store
https://la-cabrade.be/nl/product/zadelhoes-collectie-qhp/,https://www.sellerie-lacabrade.be/be/store
https://la-cabrade.be/fr/produit/housse-de-selle-de-dressage-br/,https://www.sellerie-lacabrade.be/be/store
https://la-cabrade.be/nl/product/dressuur-zadelhoes-br/,https://www.sellerie-lacabrade.be/be/store
https://la-cabrade.be/fr/produit/housse-de-selle-jumping-kentucky/,https://www.sellerie-lacabrade.be/be/products/tapis-de-selle-velvet-kentucky-odoo-15199
https://la-cabrade.be/nl/product/springen-kentucky-zadelhoes/,https://www.sellerie-lacabrade.be/be/store
https://la-cabrade.be/fr/produit/housse-pour-etriers-flex-on-he05/,https://www.sellerie-lacabrade.be/be/store
https://la-cabrade.be/nl/product/afdekking-voor-flex-op-he05-remklauwen/,https://www.sellerie-lacabrade.be/be/store
https://la-cabrade.be/fr/produit/housses-etriers-freejump/,https://www.sellerie-lacabrade.be/be/products/housses-triers-freejump-odoo-15925
https://la-cabrade.be/nl/product/freejump-beugelhoezen-2/,https://www.sellerie-lacabrade.be/be/store
https://la-cabrade.be/fr/produit/housses-etriers-en-neoprene-12-cm-br/,https://www.sellerie-lacabrade.be/be/store
https://la-cabrade.be/nl/product/neopreen-beugelbeschermers-12-cm-br/,https://www.sellerie-lacabrade.be/be/store
https://la-cabrade.be/fr/produit/huile-pour-sabot-hooflab-leovet/,https://www.sellerie-lacabrade.be/be/store
https://la-cabrade.be/nl/product/hoefolie-hoeflab-leovet/,https://www.sellerie-lacabrade.be/be/store
https://la-cabrade.be/fr/produit/huile-pour-sabot-stubben/,https://www.sellerie-lacabrade.be/be/store
https://la-cabrade.be/nl/product/stubben-hoefolie/,https://www.sellerie-lacabrade.be/be/store
https://la-cabrade.be/fr/produit/jacket-competition-lipis-animo/,https://www.sellerie-lacabrade.be/be/store
https://la-cabrade.be/nl/product/jas-wedstrijd-lipis-animo/,https://www.sellerie-lacabrade.be/be/store
https://la-cabrade.be/fr/produit/jeu-pour-chevaux-teckel-br/,https://www.sellerie-lacabrade.be/be/products/jouet-pour-chevaux-qhp-odoo-17824
https://la-cabrade.be/nl/product/set-voor-teckelpaarden-br/,https://www.sellerie-lacabrade.be/be/store
https://la-cabrade.be/fr/produit/jodhpur-winter-wexford-horze/,https://www.sellerie-lacabrade.be/be/products/boots-jodhpur-enfant-horze-odoo-18896
https://la-cabrade.be/nl/product/jodhpur-winter-wexford-horze/,https://www.sellerie-lacabrade.be/be/products/boots-jodhpur-enfant-horze-odoo-18896
https://la-cabrade.be/fr/produit/jouet-foodie-friends-cherry-holland-animal-care/,https://www.sellerie-lacabrade.be/be/products/jouet-slowfeeder-fun-flex-carotte-holland-animal-care-odoo-19198
https://la-cabrade.be/nl/product/foodie-friends-cherry-holland-dierverzorging-speelgoed/,https://www.sellerie-lacabrade.be/be/store
https://la-cabrade.be/fr/produit/jouet-foodie-friends-pineapple-holland-animal-care/,https://www.sellerie-lacabrade.be/be/products/jouet-slowfeeder-fun-flex-carotte-holland-animal-care-odoo-19198
https://la-cabrade.be/nl/product/foodie-friends-ananas-holland-dierverzorging-speelgoed/,https://www.sellerie-lacabrade.be/be/store
https://la-cabrade.be/fr/produit/jouet-foodie-friends-strawberry-holland-animal-care/,https://www.sellerie-lacabrade.be/be/products/jouet-slowfeeder-fun-flex-carotte-holland-animal-care-odoo-19198
https://la-cabrade.be/nl/product/foodie-friends-aardbei-holland-dierverzorging-speelgoed-2/,https://www.sellerie-lacabrade.be/be/store
https://la-cabrade.be/fr/produit/jouet-foodie-friends-watermelon-holland-animal-care/,https://www.sellerie-lacabrade.be/be/products/jouet-slowfeeder-fun-flex-carotte-holland-animal-care-odoo-19198
https://la-cabrade.be/nl/product/foodie-friends-watermeloen-holland-dierverzorging-speelgoed/,https://www.sellerie-lacabrade.be/be/store
https://la-cabrade.be/fr/produit/jouet-gonflable-renne-qhp/,https://www.sellerie-lacabrade.be/be/products/jouet-pour-chevaux-qhp-odoo-17824
https://la-cabrade.be/nl/product/opblaasbaar-rendier-speelgoed-qhp-2/,https://www.sellerie-lacabrade.be/be/store
https://la-cabrade.be/fr/produit/jouet-pour-chevaux-abeille-imperial-riding/,https://www.sellerie-lacabrade.be/be/products/58843-jouet-pour-chevaux-abeille-imperial-riding-odoo-20088
https://la-cabrade.be/nl/product/keizerlijk-bijenspeeltje-voor-paarden/,https://www.sellerie-lacabrade.be/be/store
https://la-cabrade.be/fr/produit/jouet-pour-chevaux-fers-a-cheval-imperial-riding/,https://www.sellerie-lacabrade.be/be/products/58843-jouet-pour-chevaux-abeille-imperial-riding-odoo-20088
https://la-cabrade.be/nl/product/keizerlijke-hoefijzers-paard-speelgoed/,https://www.sellerie-lacabrade.be/be/store
https://la-cabrade.be/fr/produit/jouet-pour-chevaux-horst-waldhausen/,https://www.sellerie-lacabrade.be/be/products/jouet-pour-chevaux-ball-qhp-odoo-18653
https://la-cabrade.be/nl/product/horst-waldhausen-paard-speelgoed-2/,https://www.sellerie-lacabrade.be/be/store
https://la-cabrade.be/fr/produit/jouet-pour-chevaux-jack-russel-hfi/,https://www.sellerie-lacabrade.be/be/products/57029-jouet-pour-chevaux-jack-russel-hfi-odoo-19748
https://la-cabrade.be/nl/product/jack-russel-hfi-paard-speelgoed-2/,https://www.sellerie-lacabrade.be/be/store
https://la-cabrade.be/fr/produit/jouet-pour-chevaux-jellyfish-classic-sports-ss25-eskadron/,https://www.sellerie-lacabrade.be/be/products/74579-jouet-pour-chevaux-dolphin-classic-sports-eskadron-odoo-23327
https://la-cabrade.be/nl/product/speelgoed-paard-kwal-klassieke-sporten-ss25-eskadron/,https://www.sellerie-lacabrade.be/be/store
https://la-cabrade.be/fr/produit/jouet-pour-chevaux-pegasus-imperial-riding/,https://www.sellerie-lacabrade.be/be/products/58843-jouet-pour-chevaux-abeille-imperial-riding-odoo-20088
https://la-cabrade.be/nl/product/pegasus-keizerlijk-rijspeelgoed-voor-paarden-2/,https://www.sellerie-lacabrade.be/be/store
https://la-cabrade.be/fr/produit/jouet-pour-chevaux-penelope/,https://www.sellerie-lacabrade.be/be/products/50668-jouet-pour-chevaux-penelope-odoo-18463
https://la-cabrade.be/nl/product/penelope-paard-speelgoed-2/,https://www.sellerie-lacabrade.be/be/store
https://la-cabrade.be/fr/produit/jeux-pour-chevaux-pomme/,https://www.sellerie-lacabrade.be/be/products/jouet-pour-chevaux-qhp-odoo-17824
https://la-cabrade.be/nl/product/appel-paard-spelletjes/,https://www.sellerie-lacabrade.be/be/store
https://la-cabrade.be/fr/produit/jouet-pour-chevaux-sunny-imperial-riding/,https://www.sellerie-lacabrade.be/be/products/58843-jouet-pour-chevaux-abeille-imperial-riding-odoo-20088
https://la-cabrade.be/nl/product/sunny-imperial-rijdend-speelgoed-2/,https://www.sellerie-lacabrade.be/be/store
https://la-cabrade.be/fr/produit/jouet-pour-chevaux-teddy-imperial-riding/,https://www.sellerie-lacabrade.be/be/products/58843-jouet-pour-chevaux-abeille-imperial-riding-odoo-20088
https://la-cabrade.be/nl/product/teddy-keizer-rijden-speelgoed-voor-paarden-2/,https://www.sellerie-lacabrade.be/be/store
https://la-cabrade.be/fr/produit/jouet-pour-chien-en-corde-kentucky/,https://www.sellerie-lacabrade.be/be/store
https://la-cabrade.be/nl/product/kentucky-touw-hondenspeeltje/,https://www.sellerie-lacabrade.be/be/store
https://la-cabrade.be/fr/produit/kit-de-patches-mouton-collier-de-chasse-ontario-qhp/,https://www.sellerie-lacabrade.be/be/products/collier-de-chasse-ontario-qhp-odoo-15579
https://la-cabrade.be/nl/product/schapen-patches-kit-jachthalsband-ontario-qhp/,https://www.sellerie-lacabrade.be/be/store
https://la-cabrade.be/fr/produit/laisse-de-chien-kentucky-velvet-orange/,https://www.sellerie-lacabrade.be/be/store
https://la-cabrade.be/nl/product/kentucky-fluweel-oranje-hondenriem/,https://www.sellerie-lacabrade.be/be/store
https://la-cabrade.be/fr/produit/laisse-pour-chien-hv-polo-camila-cognac/,https://www.sellerie-lacabrade.be/be/store
https://la-cabrade.be/nl/product/hv-polo-camila-hondenriem-cognac/,https://www.sellerie-lacabrade.be/be/store
https://la-cabrade.be/fr/produit/laisse-pour-chien-kentucky-reflechissante/,https://www.sellerie-lacabrade.be/be/store
https://la-cabrade.be/nl/product/kentucky-reflecterende-hondenriem/,https://www.sellerie-lacabrade.be/be/store
https://la-cabrade.be/fr/produit/leather-shine-cavalor-200-ml-s-r/,https://www.sellerie-lacabrade.be/be/store
https://la-cabrade.be/nl/product/leder-glans-cavalor-200-ml-s-r-2/,https://www.sellerie-lacabrade.be/be/store
https://la-cabrade.be/fr/produit/jolly-ball-grande/,https://www.sellerie-lacabrade.be/be/store
https://la-cabrade.be/nl/product/vrolijke-bal-grande/,https://www.sellerie-lacabrade.be/be/store
https://la-cabrade.be/fr/produit/jouet-et-balle-a-foin-kentucky/,https://www.sellerie-lacabrade.be/be/products/jouet-balle-carottes-waldhausen-odoo-23267
https://la-cabrade.be/nl/product/speelgoed-en-hooibaal-kentucky/,https://www.sellerie-lacabrade.be/be/store
https://la-cabrade.be/fr/produit/jouet-pour-chevaux-thunderbolt-qhp/,https://www.sellerie-lacabrade.be/be/products/jouet-pour-chevaux-ball-qhp-odoo-18653
https://la-cabrade.be/nl/product/bliksemschicht-paard-speelgoed-qhp/,https://www.sellerie-lacabrade.be/be/store
https://la-cabrade.be/fr/produit/jouets-licorne-irhmagic/,https://www.sellerie-lacabrade.be/be/store
https://la-cabrade.be/nl/product/irhmagic-eenhoorn-speelgoed-2/,https://www.sellerie-lacabrade.be/be/store
https://la-cabrade.be/fr/produit/jouet-slowfeeder-fun-flex-balle-holland-animal-care/,https://www.sellerie-lacabrade.be/be/products/jouet-slowfeeder-fun-flex-carotte-holland-animal-care-odoo-19198
https://la-cabrade.be/nl/product/slowfeeder-fun-flex-ball-speeltje-holland-animal-care-2/,https://www.sellerie-lacabrade.be/be/products/jouet-slowfeeder-fun-flex-carotte-holland-animal-care-odoo-19198
https://la-cabrade.be/fr/produit/kerabol-biotin-equistro-s-r/,https://www.sellerie-lacabrade.be/be/store
https://la-cabrade.be/nl/product/kerabol-biotine-equistro-s-r-2/,https://www.sellerie-lacabrade.be/be/store
https://la-cabrade.be/fr/produit/kerabol-liquide-equistro-s-r/,https://www.sellerie-lacabrade.be/be/store
https://la-cabrade.be/nl/product/kerabol-vloeistof-equistro-s-r/,https://www.sellerie-lacabrade.be/be/store
https://la-cabrade.be/fr/produit/laisse-pour-chien-kentucky-laine-2m/,https://www.sellerie-lacabrade.be/be/store
https://la-cabrade.be/nl/product/hondenriem-kentucky-wol-2m/,https://www.sellerie-lacabrade.be/be/store
https://la-cabrade.be/fr/produit/laisse-pour-chien-pied-de-poule-2m-kentucky/,https://www.sellerie-lacabrade.be/be/store
https://la-cabrade.be/nl/product/2m-hondenriem-kentucky/,https://www.sellerie-lacabrade.be/be/products/longe-8m-kentucky-odoo-22262
https://la-cabrade.be/fr/produit/laisse-pour-kentucky-corduroy-120-cm/,https://www.sellerie-lacabrade.be/be/store
https://la-cabrade.be/nl/product/kentucky-ribfluwelen-lood-120-cm/,https://www.sellerie-lacabrade.be/be/store
https://la-cabrade.be/fr/produit/laniere-deperon-nylon/,https://www.sellerie-lacabrade.be/be/store
https://la-cabrade.be/nl/product/deperon-nylon-riem/,https://www.sellerie-lacabrade.be/be/store
https://la-cabrade.be/fr/produit/leather-soap-spray-how/,https://www.sellerie-lacabrade.be/be/store
https://la-cabrade.be/nl/product/leer-zeep-spray-hoe/,https://www.sellerie-lacabrade.be/be/store
https://la-cabrade.be/fr/produit/licol-corde-br/,https://www.sellerie-lacabrade.be/be/products/licol-clx-br-odoo-20570
https://la-cabrade.be/nl/product/touwhalster-br/,https://www.sellerie-lacabrade.be/be/store
https://la-cabrade.be/fr/produit/licol-double-qhp/,https://www.sellerie-lacabrade.be/be/store
https://la-cabrade.be/nl/product/dubbel-halster-qhp-2/,https://www.sellerie-lacabrade.be/be/store
https://la-cabrade.be/fr/produit/likit-pasteque-250gr-s-r/,https://www.sellerie-lacabrade.be/be/store
https://la-cabrade.be/nl/product/likitpasta-250gr-s-r-2/,https://www.sellerie-lacabrade.be/be/store
https://la-cabrade.be/fr/produit/longe-2-m-la-cense-mousqueton-amov/,https://www.sellerie-lacabrade.be/be/store
https://la-cabrade.be/nl/product/2-m-sleutelkoord-la-cense-verwijderbare-karabijnhaak/,https://www.sellerie-lacabrade.be/be/store
https://la-cabrade.be/fr/produit/longe-elastique-holland-animal-care/,https://www.sellerie-lacabrade.be/be/products/baume-cuir-holland-animal-care-odoo-16127
https://la-cabrade.be/nl/product/holland-dierverzorging-elastisch-koord/,https://www.sellerie-lacabrade.be/be/store
https://la-cabrade.be/fr/produit/licol-en-cuir-tresse/,https://www.sellerie-lacabrade.be/be/products/licol-en-cuir-hfi-odoo-23211
https://la-cabrade.be/nl/product/gevlochten-leren-halster/,https://www.sellerie-lacabrade.be/be/store
https://la-cabrade.be/fr/produit/licol-faux-leather-double-pin-platinum-25-eskadron/,https://www.sellerie-lacabrade.be/be/products/licol-faux-leather-double-pin-heritage-25-26-eskadron-odoo-23043
https://la-cabrade.be/nl/product/licol-faux-leather-double-pin-platinum-25-eskadron/,https://www.sellerie-lacabrade.be/be/products/licol-faux-leather-double-pin-heritage-25-26-eskadron-odoo-23043
https://la-cabrade.be/fr/produit/licol-glamour-s-line-en-cuir-waldhausen/,https://www.sellerie-lacabrade.be/be/products/licol-anatomic-s-line-waldhausen-odoo-23271
https://la-cabrade.be/nl/product/glamour-s-line-halster-in-waldhausen-leer/,https://www.sellerie-lacabrade.be/be/store
https://la-cabrade.be/fr/produit/licol-halter-bo-neoprene-br/,https://www.sellerie-lacabrade.be/be/products/licol-neoprene-inge-br-odoo-22043
https://la-cabrade.be/nl/product/halter-bo-neopreen-br/,https://www.sellerie-lacabrade.be/be/store
https://la-cabrade.be/fr/produit/licol-irh-classic-sport-imperial-riding/,https://www.sellerie-lacabrade.be/be/store
https://la-cabrade.be/nl/product/irh-classic-sport-imperial-rijhalster/,https://www.sellerie-lacabrade.be/be/store
https://la-cabrade.be/fr/produit/licol-irh-sparkle-imperial-riding/,https://www.sellerie-lacabrade.be/be/store
https://la-cabrade.be/nl/product/irh-sparkle-imperial-rijhalster-2/,https://www.sellerie-lacabrade.be/be/store
https://la-cabrade.be/fr/produit/licol-mouton-synthetique-ilja-br/,https://www.sellerie-lacabrade.be/be/products/licol-de-transport-mouton-kentucky-odoo-15127
https://la-cabrade.be/nl/product/ilja-br-synthetisch-schapenvacht-halster/,https://www.sellerie-lacabrade.be/be/store
https://la-cabrade.be/fr/produit/licol-nylon-equestro/,https://www.sellerie-lacabrade.be/be/store
https://la-cabrade.be/nl/product/equestro-nylon-halster/,https://www.sellerie-lacabrade.be/be/store
https://la-cabrade.be/fr/produit/licol-kentucky-en-nylon-tresse/,https://www.sellerie-lacabrade.be/be/products/licol-nylon-mouton-soft-kentucky-odoo-20312
https://la-cabrade.be/nl/product/kentucky-nylon-gevlochten-halster/,https://www.sellerie-lacabrade.be/be/store
https://la-cabrade.be/fr/produit/licol-pearls-kentucky/,https://www.sellerie-lacabrade.be/be/products/licol-velvet-kentucky-odoo-16841
https://la-cabrade.be/nl/product/halter-parels-kentucky/,https://www.sellerie-lacabrade.be/be/store
https://la-cabrade.be/fr/produit/licol-unicorn-glitter-kentucky/,https://www.sellerie-lacabrade.be/be/products/licol-velvet-kentucky-odoo-16841
https://la-cabrade.be/nl/product/eenhoorn-halster-glitter-kentucky/,https://www.sellerie-lacabrade.be/be/store
https://la-cabrade.be/fr/produit/longe-chaine-norton-gainee-de-plastique-transparent/,https://www.sellerie-lacabrade.be/be/store
https://la-cabrade.be/nl/product/norton-kettingsnoer-omhuld-met-transparant-plastic/,https://www.sellerie-lacabrade.be/be/store
https://la-cabrade.be/fr/produit/longe-dattache-elastique-40cm-irh-imperial-riding/,https://www.sellerie-lacabrade.be/be/store
https://la-cabrade.be/nl/product/40cm-elastisch-koord-irh-keizerlijk-rijden/,https://www.sellerie-lacabrade.be/be/store
https://la-cabrade.be/fr/produit/longe-de-randonnee-norton/,https://www.sellerie-lacabrade.be/be/products/longe-am-ricaine-8m-norton-odoo-20642
https://la-cabrade.be/nl/product/norton-wandelkoord/,https://www.sellerie-lacabrade.be/be/store
https://la-cabrade.be/fr/produit/longe-irh-deluxe-imperial-riding/,https://www.sellerie-lacabrade.be/be/store
https://la-cabrade.be/nl/product/lang-irh-luxe-keizerlijk-rijden-2/,https://www.sellerie-lacabrade.be/be/store
https://la-cabrade.be/fr/produit/mangeoire-en-caoutchouc-horze/,https://www.sellerie-lacabrade.be/be/store
https://la-cabrade.be/nl/product/rubberen-voederbak-horze/,https://www.sellerie-lacabrade.be/be/store
https://la-cabrade.be/fr/produit/manteau-chien-impermeable-160g-kentucky-teckel/,https://www.sellerie-lacabrade.be/be/store
https://la-cabrade.be/nl/product/waterdichte-hondenjas-160g-kentucky-teckel/,https://www.sellerie-lacabrade.be/be/store
https://la-cabrade.be/fr/produit/manteau-chien-kentucky-fausse-fourrure/,https://www.sellerie-lacabrade.be/be/store
https://la-cabrade.be/nl/product/kentucky-hondenjas-van-imitatiebont/,https://www.sellerie-lacabrade.be/be/store
https://la-cabrade.be/fr/produit/manteau-de-pluie-pour-chien-kentucky/,https://www.sellerie-lacabrade.be/be/store
https://la-cabrade.be/nl/product/kentucky-regenjas-voor-honden/,https://www.sellerie-lacabrade.be/be/store
https://la-cabrade.be/fr/produit/manteau-pour-chien-original-kentucky-teckel/,https://www.sellerie-lacabrade.be/be/store
https://la-cabrade.be/nl/product/originele-kentucky-teckel-hondenjas/,https://www.sellerie-lacabrade.be/be/store
https://la-cabrade.be/fr/produit/manteau-pour-chienreflechissant-hydrofuge-kentucky/,https://www.sellerie-lacabrade.be/be/store
https://la-cabrade.be/nl/product/kentucky-waterafstotende-reflecterende-hondenjas/,https://www.sellerie-lacabrade.be/be/store
https://la-cabrade.be/fr/produit/masque-anti-mouche-complet-gladiator/,https://www.sellerie-lacabrade.be/be/products/licol-masque-anti-mouche-int-gr-br-odoo-20054
https://la-cabrade.be/nl/product/gladiator-vliegenmasker-voor-het-hele-gezicht-2/,https://www.sellerie-lacabrade.be/be/store
https://la-cabrade.be/fr/produit/masque-anti-mouche-horze-avec-arceau/,https://www.sellerie-lacabrade.be/be/products/licol-masque-anti-mouche-int-gr-br-odoo-20054
https://la-cabrade.be/nl/product/horze-vliegenmasker-met-hoofdband/,https://www.sellerie-lacabrade.be/be/store
https://la-cabrade.be/fr/produit/mini-chaps-shimmer-qhp-junior/,https://www.sellerie-lacabrade.be/be/store
https://la-cabrade.be/nl/product/mini-chaps-shimmer-qhp-junior/,https://www.sellerie-lacabrade.be/be/store
https://la-cabrade.be/fr/produit/moonboots-air-kentucky/,https://www.sellerie-lacabrade.be/be/store
https://la-cabrade.be/nl/product/moonboots-air-kentucky/,https://www.sellerie-lacabrade.be/be/store
https://la-cabrade.be/fr/produit/mors-sensitive-793-980000/,https://www.sellerie-lacabrade.be/be/store
https://la-cabrade.be/nl/product/gevoelig-bit-793-980000/,https://www.sellerie-lacabrade.be/be/store
https://la-cabrade.be/fr/produit/mousse-active-pour-cuir-br/,https://www.sellerie-lacabrade.be/be/products/graisse-pour-cuir-sapo-odoo-12611
https://la-cabrade.be/nl/product/actief-schuim-voor-br/,https://www.sellerie-lacabrade.be/be/store
https://la-cabrade.be/fr/produit/mousse-combo-active-pour-cuir-br/,https://www.sellerie-lacabrade.be/be/store
https://la-cabrade.be/nl/product/combo-actief-schuim-voor-br-2/,https://www.sellerie-lacabrade.be/be/store
https://la-cabrade.be/fr/produit/mousse-conditionner-active-pour-cuir-br/,https://www.sellerie-lacabrade.be/be/store
https://la-cabrade.be/nl/product/actief-verzorgend-schuim-voor-bruin-leer/,https://www.sellerie-lacabrade.be/be/store
https://la-cabrade.be/fr/produit/numero-de-depart-rond-9cm-par-paire/,https://www.sellerie-lacabrade.be/be/store
https://la-cabrade.be/nl/product/rond-startnummer-9cm-per-paar/,https://www.sellerie-lacabrade.be/be/store
https://la-cabrade.be/fr/produit/mors-602-047-verdun-caoutchouc-droit-feeling/,https://www.sellerie-lacabrade.be/be/products/mors-aiguilles-caoutchouc-droit-feeling-odoo-14412
https://la-cabrade.be/nl/product/bit-602-047-verdun-recht-rubber-gevoel/,https://www.sellerie-lacabrade.be/be/store
https://la-cabrade.be/fr/produit/mors-a-olive-br-soft-contact-252057/,https://www.sellerie-lacabrade.be/be/products/mors-olive-soft-contact-br-odoo-15176
https://la-cabrade.be/nl/product/br-zacht-contact-olijf-bit-252057-2/,https://www.sellerie-lacabrade.be/be/store
https://la-cabrade.be/fr/produit/mors-olive-feeling-gaine-cuir/,https://www.sellerie-lacabrade.be/be/products/mors-olive-anatomique-cyprium-feeling-odoo-12192
https://la-cabrade.be/nl/product/schede-van-olijfkleurig-bitleer/,https://www.sellerie-lacabrade.be/be/store
https://la-cabrade.be/fr/produit/mors-sensitive-792-900000-2/,https://www.sellerie-lacabrade.be/be/store
https://la-cabrade.be/nl/product/gevoelige-kaak-792-900000-2/,https://www.sellerie-lacabrade.be/be/store
https://la-cabrade.be/fr/produit/mors-stubben-releveur-silver-wings-2466/,https://www.sellerie-lacabrade.be/be/store
https://la-cabrade.be/nl/product/stubben-silver-wings-lifter-bit-2466/,https://www.sellerie-lacabrade.be/be/store
https://la-cabrade.be/fr/produit/pantalon-concours-grip-genoux-adele-boreal-ss25-samshield/,https://www.sellerie-lacabrade.be/be/store
https://la-cabrade.be/nl/product/adele-boreal-ss25-samshield-knee-grip-wedstrijdbroek/,https://www.sellerie-lacabrade.be/be/store
https://la-cabrade.be/fr/produit/pantalon-full-grip-elena-hv-polo/,https://www.sellerie-lacabrade.be/be/store
https://la-cabrade.be/nl/product/elena-hv-full-grip-polo-broek/,https://www.sellerie-lacabrade.be/be/store
https://la-cabrade.be/fr/produit/pantalon-grip-genoux-cavalleria-toscana/,https://www.sellerie-lacabrade.be/be/products/pantalon-grip-genoux-laurena-lc-equestrian-odoo-23146
https://la-cabrade.be/nl/product/cavalleria-toscana-knie-broek/,https://www.sellerie-lacabrade.be/be/products/ceinture-lastique-cavalleria-toscana-odoo-19544
https://la-cabrade.be/fr/produit/peigne-a-criniere-avec-manche-en-bois/,https://www.sellerie-lacabrade.be/be/store
https://la-cabrade.be/nl/product/manenkam-met-houten-handvat/,https://www.sellerie-lacabrade.be/be/store
https://la-cabrade.be/fr/produit/pelle-a-grains-avec-balance-numerique-waldhausen/,https://www.sellerie-lacabrade.be/be/store
https://la-cabrade.be/nl/product/waldhausen-graanschep-met-digitale-weegschaal/,https://www.sellerie-lacabrade.be/be/store
https://la-cabrade.be/fr/produit/pierre-grooming-block/,https://www.sellerie-lacabrade.be/be/store
https://la-cabrade.be/nl/product/stenen-grooming-blok/,https://www.sellerie-lacabrade.be/be/store
https://la-cabrade.be/fr/produit/pelham-stubben-caoutchouc-droit-2/,https://www.sellerie-lacabrade.be/be/products/pelham-caoutchouc-droit-hard-feeling-odoo-12172
https://la-cabrade.be/nl/product/pelham-stubben-rubber-rechts-2/,https://www.sellerie-lacabrade.be/be/products/pelham-easy-control-stubben-odoo-13722
https://la-cabrade.be/fr/produit/pelle-a-grains-qhp-2/,https://www.sellerie-lacabrade.be/be/store
https://la-cabrade.be/nl/product/graanschop-qhp-2/,https://www.sellerie-lacabrade.be/be/products/ponge-xl-qhp-odoo-21413
https://la-cabrade.be/fr/produit/polo-biarritz-dame-animo/,https://www.sellerie-lacabrade.be/be/products/polo-amalfi-homme-animo-odoo-18944
https://la-cabrade.be/nl/product/polo-biarritz-dame-animo/,https://www.sellerie-lacabrade.be/be/products/polo-amalfi-homme-animo-odoo-18944
https://la-cabrade.be/fr/produit/polo-laura-dame-horze/,https://www.sellerie-lacabrade.be/be/store
https://la-cabrade.be/nl/product/polo-laura-dame-horze/,https://www.sellerie-lacabrade.be/be/store
https://la-cabrade.be/fr/produit/porte-brides-groomind-de-luxe/,https://www.sellerie-lacabrade.be/be/store
https://la-cabrade.be/nl/product/groomind-de-luxe-hoofdstelhouders-2/,https://www.sellerie-lacabrade.be/be/store
https://la-cabrade.be/fr/produit/tape-de-sabot-kentucky/,https://www.sellerie-lacabrade.be/be/store
https://la-cabrade.be/nl/product/kentucky-hoefslag/,https://www.sellerie-lacabrade.be/be/products/longe-8m-kentucky-odoo-22262
https://la-cabrade.be/fr/produit/polo-de-concours-jersey-tech-col-bouton-cavalleria-toscana/,https://www.sellerie-lacabrade.be/be/products/veste-de-concours-lightweight-jersey-zip-dame-cavalleria-toscana-odoo-15653
https://la-cabrade.be/nl/product/cavalleria-toscana-jersey-tech-button-down-polo/,https://www.sellerie-lacabrade.be/be/store
https://la-cabrade.be/fr/produit/polo-de-concours-manches-longues-bangkok-dame-animo/,https://www.sellerie-lacabrade.be/be/store
https://la-cabrade.be/nl/product/wedstrijdpolo-met-lange-mouwen-bangkok-lady-animo-2/,https://www.sellerie-lacabrade.be/be/store
https://la-cabrade.be/fr/produit/polo-de-concours-pleated-jersey-cavalleria-toscana/,https://www.sellerie-lacabrade.be/be/products/polo-laser-perforated-cad160-cavalleria-toscana-odoo-15337
https://la-cabrade.be/nl/product/cavalleria-toscana-geplooid-jersey-poloshirt/,https://www.sellerie-lacabrade.be/be/store
https://la-cabrade.be/fr/produit/polo-dentrainement-eevolv-iselin-br/,https://www.sellerie-lacabrade.be/be/store
https://la-cabrade.be/nl/product/eevolv-iselin-br-trainingspolo/,https://www.sellerie-lacabrade.be/be/store
https://la-cabrade.be/fr/produit/polo-dentrainement-inne-br/,https://www.sellerie-lacabrade.be/be/store
https://la-cabrade.be/nl/product/inne-br-trainingspolo/,https://www.sellerie-lacabrade.be/be/store
https://la-cabrade.be/fr/produit/polo-dentrainement-jersey-zip-dame-rg/,https://www.sellerie-lacabrade.be/be/store
https://la-cabrade.be/nl/product/dames-rg-jersey-rits-trainingspolo/,https://www.sellerie-lacabrade.be/be/store
https://la-cabrade.be/fr/produit/polo-entrainement-jersey-w-embroidered-script-logo-cavalleria-toscana/,https://www.sellerie-lacabrade.be/be/products/polo-d-entrainement-longues-manches-zip-cavalleria-toscana-odoo-19315
https://la-cabrade.be/nl/product/polo-trainingstrui-met-geborduurd-logo-cavalleria-toscana-2/,https://www.sellerie-lacabrade.be/be/store
https://la-cabrade.be/fr/produit/polo-entrainement-tech-wool-half-zip-cavalleria-toscana/,https://www.sellerie-lacabrade.be/be/products/polo-d-entrainement-longues-manches-zip-cavalleria-toscana-odoo-19315
https://la-cabrade.be/nl/product/tech-wollen-halve-rits-trainingspolo-cavalleria-toscana/,https://www.sellerie-lacabrade.be/be/store
https://la-cabrade.be/fr/produit/polo-square-perforated-zip-pod175je022-cavalleria-toscana/,https://www.sellerie-lacabrade.be/be/products/polo-laser-perforated-cad160-cavalleria-toscana-odoo-15337
https://la-cabrade.be/nl/product/polo-square-geperforeerde-ritssluiting-pod175je022-cavalleria-toscana/,https://www.sellerie-lacabrade.be/be/store
https://la-cabrade.be/fr/produit/protection-d-epaules-qhp/,https://www.sellerie-lacabrade.be/be/products/protection-filet-uv-nez-qhp-odoo-21977
https://la-cabrade.be/nl/product/schouderbescherming-qhp/,https://www.sellerie-lacabrade.be/be/products/ponge-xl-qhp-odoo-21413
https://la-cabrade.be/fr/produit/protection-naseaux-anti-mouche-horze/,https://www.sellerie-lacabrade.be/be/store
https://la-cabrade.be/nl/product/horze-anti-vlieg-neusbeschermer/,https://www.sellerie-lacabrade.be/be/store
https://la-cabrade.be/fr/produit/prot-paturon-mouton-kentucky-42203/,https://www.sellerie-lacabrade.be/be/store
https://la-cabrade.be/nl/product/prot-paturon-mouton-kentucky-42203/,https://www.sellerie-lacabrade.be/be/store
https://la-cabrade.be/fr/produit/recharge-diffuseur-anti-insectes-fly-control/,https://www.sellerie-lacabrade.be/be/products/59991-recharge-diffuseur-anti-insectes-fly-control-odoo-20374
https://la-cabrade.be/nl/product/navulling-insectenwerend-middel-voor-vliegenbestrijding/,https://www.sellerie-lacabrade.be/be/store
https://la-cabrade.be/fr/produit/protege-poitrail-kentucky/,https://www.sellerie-lacabrade.be/be/store
https://la-cabrade.be/nl/product/kentucky-borstbeschermer-2/,https://www.sellerie-lacabrade.be/be/products/longe-8m-kentucky-odoo-22262
https://la-cabrade.be/fr/produit/protege-queue-sac-kentucky/,https://www.sellerie-lacabrade.be/be/products/sac-bottes-chestnut-kentucky-odoo-16239
https://la-cabrade.be/nl/product/kentucky-tas-staartbeschermer/,https://www.sellerie-lacabrade.be/be/store
https://la-cabrade.be/fr/produit/proteges-boulet-deep-kentucky/,https://www.sellerie-lacabrade.be/be/store
https://la-cabrade.be/nl/product/proteges-boulet-deep-kentucky-2/,https://www.sellerie-lacabrade.be/be/store
https://la-cabrade.be/fr/produit/proteges-boulet-sheepskin-elastic-kentucky/,https://www.sellerie-lacabrade.be/be/store
https://la-cabrade.be/nl/product/schapenvacht-elastische-kentucky-kogelbeschermers/,https://www.sellerie-lacabrade.be/be/store
https://la-cabrade.be/fr/produit/pull-col-roule-oversize-cavalleria-toscana/,https://www.sellerie-lacabrade.be/be/products/pull-en-maille-demi-zip-cavalleria-toscana-odoo-19633
https://la-cabrade.be/nl/product/cavalleria-toscana-oversized-trui-met-rolhals/,https://www.sellerie-lacabrade.be/be/store
https://la-cabrade.be/fr/produit/pull-pour-chien-teddy-fleece-kentucky/,https://www.sellerie-lacabrade.be/be/store
https://la-cabrade.be/nl/product/teddy-fleece-kentucky-hondentrui/,https://www.sellerie-lacabrade.be/be/store
https://la-cabrade.be/fr/produit/pull-sweatshirt-a-capuche-classic-sports-ss25-eskadron/,https://www.sellerie-lacabrade.be/be/products/cloches-softslate-classic-sports-ss25-eskadron-odoo-21904
https://la-cabrade.be/nl/product/classic-sports-ss25-eskadron-sweatshirt-met-capuchon-2/,https://www.sellerie-lacabrade.be/be/products/cloches-softslate-classic-sports-ss25-eskadron-odoo-21904
https://la-cabrade.be/fr/produit/pull-sweatshirt-oversized-platinum-s24-eskadron/,https://www.sellerie-lacabrade.be/be/products/cloches-faux-leather-platinum-s24-eskadron-odoo-20827
https://la-cabrade.be/nl/product/oversized-sweatshirt-platinum-s24-eskadron/,https://www.sellerie-lacabrade.be/be/products/cloches-faux-leather-platinum-s24-eskadron-odoo-20827
https://la-cabrade.be/fr/produit/pull-sweat-zippe-emilton-homme-animo/,https://www.sellerie-lacabrade.be/be/store
https://la-cabrade.be/nl/product/pull-sweat-zippe-emilton-homme-animo/,https://www.sellerie-lacabrade.be/be/store
https://la-cabrade.be/fr/produit/pull-zip-billy-br/,https://www.sellerie-lacabrade.be/be/store
https://la-cabrade.be/nl/product/billy-br-ritstrui/,https://www.sellerie-lacabrade.be/be/store
https://la-cabrade.be/fr/produit/pull-zippe-pachana-harcour/,https://www.sellerie-lacabrade.be/be/products/pull-zipp-pachana-harcour-odoo-21019
https://la-cabrade.be/nl/product/pull-zippe-pachana-harcour/,https://www.sellerie-lacabrade.be/be/products/pull-zipp-pachana-harcour-odoo-21019
https://la-cabrade.be/fr/produit/recharge-eperon-couleur/,https://www.sellerie-lacabrade.be/be/store
https://la-cabrade.be/nl/product/navulling-kleurspoor/,https://www.sellerie-lacabrade.be/be/store
https://la-cabrade.be/fr/produit/red-cell-farnam-s-r/,https://www.sellerie-lacabrade.be/be/store
https://la-cabrade.be/nl/product/rode-cel-farnam-s-r-2/,https://www.sellerie-lacabrade.be/be/store
https://la-cabrade.be/fr/produit/refuel-liquide-foran-s-r/,https://www.sellerie-lacabrade.be/be/store
https://la-cabrade.be/nl/product/bijvulvloeistof-voor-een-s-r-2/,https://www.sellerie-lacabrade.be/be/store
https://la-cabrade.be/fr/produit/renes-a-anneaux-thiedeman-hfi/,https://www.sellerie-lacabrade.be/be/products/r-nes-anneaux-thiedeman-hfi-odoo-14621
https://la-cabrade.be/nl/product/thiedeman-hfi-ringstrikken/,https://www.sellerie-lacabrade.be/be/products/r-nes-anneaux-thiedeman-hfi-odoo-14621
https://la-cabrade.be/fr/produit/renes-allemandes-horze/,https://www.sellerie-lacabrade.be/be/store
https://la-cabrade.be/nl/product/horze-duitse-renes/,https://www.sellerie-lacabrade.be/be/store
https://la-cabrade.be/fr/produit/renes-allemandes-ikonic-boucles-dorees/,https://www.sellerie-lacabrade.be/be/store
https://la-cabrade.be/nl/product/ikonisch-duits-omgekeerd-lam-met-gouden-gespen/,https://www.sellerie-lacabrade.be/be/store
https://la-cabrade.be/fr/produit/renes-biothane-cinderford-br/,https://www.sellerie-lacabrade.be/be/store
https://la-cabrade.be/nl/product/renes-biothane-cinderford-br/,https://www.sellerie-lacabrade.be/be/store
https://la-cabrade.be/fr/produit/renes-caoutchouc-1-2-new-english-dyon/,https://www.sellerie-lacabrade.be/be/store
https://la-cabrade.be/nl/product/renes-caoutchouc-1-2-new-english-dyon-2/,https://www.sellerie-lacabrade.be/be/store
https://la-cabrade.be/fr/produit/renes-de-bride-cuir-dyon-working/,https://www.sellerie-lacabrade.be/be/products/licol-cuir-working-by-dyon-odoo-12017
https://la-cabrade.be/nl/product/dyon-teugels-met-lederen-riem-2/,https://www.sellerie-lacabrade.be/be/store
https://la-cabrade.be/fr/produit/renes-en-caoutchouc-equipe/,https://www.sellerie-lacabrade.be/be/store
https://la-cabrade.be/nl/product/rubberen-nieren-2/,https://www.sellerie-lacabrade.be/be/store
https://la-cabrade.be/fr/produit/renes-en-toiles-19-mm-br/,https://www.sellerie-lacabrade.be/be/store
https://la-cabrade.be/nl/product/19-mm-br-canvas-teugels/,https://www.sellerie-lacabrade.be/be/store
https://la-cabrade.be/fr/produit/renes-en-toiles-19-mm-premiere-2/,https://www.sellerie-lacabrade.be/be/store
https://la-cabrade.be/nl/product/19-mm-premiere-2-canvas-teugels/,https://www.sellerie-lacabrade.be/be/store
https://la-cabrade.be/fr/produit/renes-fixes-premiere/,https://www.sellerie-lacabrade.be/be/products/r-nes-fixes-premiere-odoo-19411
https://la-cabrade.be/nl/product/renes-herstelt-premiere/,https://www.sellerie-lacabrade.be/be/store
https://la-cabrade.be/fr/produit/renes-gogue-commande-caoutchouc-1-2-working-dyon/,https://www.sellerie-lacabrade.be/be/products/r-nes-gogue-caoutchouc-1-2-working-by-dyon-odoo-17155
https://la-cabrade.be/nl/product/renes-gogue-rubber-controle-1-2-werken-dyon/,https://www.sellerie-lacabrade.be/be/store
https://la-cabrade.be/fr/produit/renes-thiedeman-norton/,https://www.sellerie-lacabrade.be/be/products/r-nes-thiedeman-norton-odoo-21573
https://la-cabrade.be/nl/product/renes-thiedeman-norton/,https://www.sellerie-lacabrade.be/be/products/r-nes-thiedeman-norton-odoo-21573
https://la-cabrade.be/fr/produit/renes-tissu-5-8-avec-9-arretoirs-new-english-dyon/,https://www.sellerie-lacabrade.be/be/products/r-nes-tissu-5-8-9-arr-toirs-new-english-dyon-odoo-20253
https://la-cabrade.be/nl/product/5-8-stoffen-teugels-met-9-stops-new-english-dyon/,https://www.sellerie-lacabrade.be/be/store
https://la-cabrade.be/fr/produit/renes-dyon-working-tissu-avec-arrets/,https://www.sellerie-lacabrade.be/be/products/r-nes-tissu-5-8-9-arr-toirs-working-by-dyon-odoo-11305
https://la-cabrade.be/nl/product/renes-dyon-werkdoek-met-arrets/,https://www.sellerie-lacabrade.be/be/store
https://la-cabrade.be/fr/produit/resille-pour-cheveux-avec-pince-br/,https://www.sellerie-lacabrade.be/be/store
https://la-cabrade.be/nl/product/haarnet-met-clip-br/,https://www.sellerie-lacabrade.be/be/store
https://la-cabrade.be/fr/produit/rondelles-de-mors-en-gel-beris/,https://www.sellerie-lacabrade.be/be/store
https://la-cabrade.be/nl/product/beris-gel-bit-sluitringen/,https://www.sellerie-lacabrade.be/be/store
https://la-cabrade.be/fr/produit/sac-a-accessoires-highgloss-heritage-24-25-eskadron/,https://www.sellerie-lacabrade.be/be/products/sac-accessoires-boucl-heritage-25-26-eskadron-odoo-23051
https://la-cabrade.be/nl/product/hoogglans-heritage-24-25-eskadron-accessoiretas-2/,https://www.sellerie-lacabrade.be/be/products/cloches-softslate-heritage-25-26-eskadron-odoo-23049
https://la-cabrade.be/fr/produit/sac-a-dos-en-coton-organique-sellerie-la-cabrade/,https://www.sellerie-lacabrade.be/be/store
https://la-cabrade.be/nl/product/biologisch-katoenen-rugzak-zadelmakerij-la-cabrade-2/,https://www.sellerie-lacabrade.be/be/store
https://la-cabrade.be/fr/produit/sac-a-dos-tabouret-irh-take-a-seat-imperial-riding/,https://www.sellerie-lacabrade.be/be/store
https://la-cabrade.be/nl/product/rugzak-kruk-irh-neem-plaats-keizerlijk-rijden/,https://www.sellerie-lacabrade.be/be/store
https://la-cabrade.be/fr/produit/sac-de-pansage-maison-laffite-penelope/,https://www.sellerie-lacabrade.be/be/products/54257-sac-de-pansage-maison-laffite-penelope-odoo-19100
https://la-cabrade.be/nl/product/verzorgingstas-maison-laffite-penelope/,https://www.sellerie-lacabrade.be/be/products/54257-sac-de-pansage-maison-laffite-penelope-odoo-19100
https://la-cabrade.be/fr/produit/sac-isotherme-kl-chelle/,https://www.sellerie-lacabrade.be/be/store
https://la-cabrade.be/nl/product/kl-chelle-geisoleerde-tas-2/,https://www.sellerie-lacabrade.be/be/store
https://la-cabrade.be/fr/produit/sac-maelys-penelope/,https://www.sellerie-lacabrade.be/be/products/sac-etretat-pm-penelope-odoo-16694
https://la-cabrade.be/nl/product/maelys-penelope-tas/,https://www.sellerie-lacabrade.be/be/store
https://la-cabrade.be/fr/produit/savon-ilsa-mini-hyssani/,https://www.sellerie-lacabrade.be/be/store
https://la-cabrade.be/nl/product/ilsa-mini-hyssani-zeep/,https://www.sellerie-lacabrade.be/be/store
https://la-cabrade.be/fr/produit/savon-lanci-mini-hyssani/,https://www.sellerie-lacabrade.be/be/store
https://la-cabrade.be/nl/product/lanci-mini-hyssani-zeep/,https://www.sellerie-lacabrade.be/be/store
https://la-cabrade.be/fr/produit/savon-nesca-mini-hyssani/,https://www.sellerie-lacabrade.be/be/store
https://la-cabrade.be/nl/product/nesca-mini-hyssani-zeep/,https://www.sellerie-lacabrade.be/be/store
https://la-cabrade.be/fr/produit/savon-topsy-mini-hyssani/,https://www.sellerie-lacabrade.be/be/store
https://la-cabrade.be/nl/product/topsy-mini-hyssani-zeep/,https://www.sellerie-lacabrade.be/be/store
https://la-cabrade.be/fr/produit/seau-plastique-20l-premiere/,https://www.sellerie-lacabrade.be/be/products/36801-seau-plastique-20l-premiere-odoo-17588
https://la-cabrade.be/nl/product/20l-premiere-plastic-emmer/,https://www.sellerie-lacabrade.be/be/store
https://la-cabrade.be/fr/produit/set-boite-de-pansage-show-grooming-deluxe/,https://www.sellerie-lacabrade.be/be/store
https://la-cabrade.be/nl/product/set-boite-de-pansage-show-grooming-deluxe/,https://www.sellerie-lacabrade.be/be/store
https://la-cabrade.be/fr/produit/shampoing-protecteur-emouchine-500-ml-ravene/,https://www.sellerie-lacabrade.be/be/products/57373-shampoing-protecteur-emouchine-500ml-ravene-odoo-19824
https://la-cabrade.be/nl/product/emouchine-beschermende-shampoo-500-ml-ravene-2/,https://www.sellerie-lacabrade.be/be/store
https://la-cabrade.be/fr/produit/sac-a-bottes-equitheme/,https://www.sellerie-lacabrade.be/be/products/bottes-my-primera-l-equitheme-odoo-15761
https://la-cabrade.be/nl/product/equitheme-laarzentas/,https://www.sellerie-lacabrade.be/be/store
https://la-cabrade.be/fr/produit/sac-a-bottes-et-casque-combo-br/,https://www.sellerie-lacabrade.be/be/products/58713-sac-bottes-casque-combo-br-odoo-20057
https://la-cabrade.be/nl/product/combo-br-laars-en-helmtas/,https://www.sellerie-lacabrade.be/be/store
https://la-cabrade.be/fr/produit/sac-a-bottes-irh-olania-imperial-riding/,https://www.sellerie-lacabrade.be/be/store
https://la-cabrade.be/nl/product/irh-olania-imperial-rijlaars-tas/,https://www.sellerie-lacabrade.be/be/store
https://la-cabrade.be/fr/produit/sac-a-bridon-dyon-en-canvas/,https://www.sellerie-lacabrade.be/be/products/bridon-hackamore-us-collection-dyon-odoo-21542
https://la-cabrade.be/nl/product/dyon-canvas-hoofdstel-tas/,https://www.sellerie-lacabrade.be/be/store
https://la-cabrade.be/fr/produit/sac-a-brosses-classic-imperial-riding-gd-modele/,https://www.sellerie-lacabrade.be/be/store
https://la-cabrade.be/nl/product/borstelzak-classic-imperial-rijden-gd-modele/,https://www.sellerie-lacabrade.be/be/store
https://la-cabrade.be/fr/produit/sac-a-brosses-classic-imperial-riding/,https://www.sellerie-lacabrade.be/be/store
https://la-cabrade.be/nl/product/klassieke-imperiale-borstelzak/,https://www.sellerie-lacabrade.be/be/store
https://la-cabrade.be/fr/produit/sac-a-brosses-faux-leather-platinum-25-eskadron/,https://www.sellerie-lacabrade.be/be/products/sac-brosses-faux-leather-platinum-25-eskadron-odoo-22510
https://la-cabrade.be/nl/product/sac-a-brosses-faux-leather-platinum-25-eskadron/,https://www.sellerie-lacabrade.be/be/products/sac-brosses-faux-leather-platinum-25-eskadron-odoo-22510
https://la-cabrade.be/fr/produit/sac-a-casque-br-2/,https://www.sellerie-lacabrade.be/be/products/75012-sac-casque-br-odoo-23396
https://la-cabrade.be/nl/product/br-2-helmtas/,https://www.sellerie-lacabrade.be/be/store
https://la-cabrade.be/fr/produit/sac-a-crottes-carre-velvet-kentucky/,https://www.sellerie-lacabrade.be/be/store
https://la-cabrade.be/nl/product/kentucky-fluwelen-vierkante-poepzak/,https://www.sellerie-lacabrade.be/be/store
https://la-cabrade.be/fr/produit/sac-a-dos-grooms-26l-kask/,https://www.sellerie-lacabrade.be/be/store
https://la-cabrade.be/nl/product/bruidegoms-rugzak-26l-kask/,https://www.sellerie-lacabrade.be/be/store
https://la-cabrade.be/fr/produit/sac-a-dos-jonie-hv-polo/,https://www.sellerie-lacabrade.be/be/products/29388-sac-dos-jonie-hv-polo-odoo-16597
https://la-cabrade.be/nl/product/jonie-hv-polo-rugzak/,https://www.sellerie-lacabrade.be/be/store
https://la-cabrade.be/fr/produit/sac-de-pansage-glossy-classic-sports-ss25-eskadron/,https://www.sellerie-lacabrade.be/be/products/cloches-softslate-classic-sports-ss25-eskadron-odoo-21904
https://la-cabrade.be/nl/product/glanzende-verzorgingstas-classic-sports-ss25-eskadron-2/,https://www.sellerie-lacabrade.be/be/products/cloches-softslate-classic-sports-ss25-eskadron-odoo-21904
https://la-cabrade.be/fr/produit/sac-de-pansage-lauren-hvp/,https://www.sellerie-lacabrade.be/be/store
https://la-cabrade.be/nl/product/lauren-hvp-verzorgingstas/,https://www.sellerie-lacabrade.be/be/store
https://la-cabrade.be/fr/produit/sac-de-rangement-hvp-dacy/,https://www.sellerie-lacabrade.be/be/store
https://la-cabrade.be/nl/product/hvp-dacy-opbergtas/,https://www.sellerie-lacabrade.be/be/store
https://la-cabrade.be/fr/produit/sac-penelope-etretat-petit-modele-cognac/,https://www.sellerie-lacabrade.be/be/products/62280-sac-banane-smile-cognac-penelope-odoo-20898
https://la-cabrade.be/nl/product/penelope-etretat-kleine-cognac-tas/,https://www.sellerie-lacabrade.be/be/store
https://la-cabrade.be/fr/produit/sac-penelope-flavie/,https://www.sellerie-lacabrade.be/be/products/31972-sac-flavie-penelope-odoo-16914
https://la-cabrade.be/nl/product/penelope-flavie-tas/,https://www.sellerie-lacabrade.be/be/products/31972-sac-flavie-penelope-odoo-16914
https://la-cabrade.be/fr/produit/sandex-fedvet-s-r/,https://www.sellerie-lacabrade.be/be/store
https://la-cabrade.be/nl/product/sandex-fedvet-s-r/,https://www.sellerie-lacabrade.be/be/store
https://la-cabrade.be/fr/produit/sangle-anatomique-sheepskin-kentucky/,https://www.sellerie-lacabrade.be/be/products/sangle-anatomique-mouton-kentucky-odoo-11462
https://la-cabrade.be/nl/product/kentucky-schapenvacht-riem/,https://www.sellerie-lacabrade.be/be/store
https://la-cabrade.be/fr/produit/sangle-courte-kavalkade-memory-comfort/,https://www.sellerie-lacabrade.be/be/store
https://la-cabrade.be/nl/product/kavalkade-memory-comfort-korte-riem/,https://www.sellerie-lacabrade.be/be/store
https://la-cabrade.be/fr/produit/sangle-cuir-equipe-emporio/,https://www.sellerie-lacabrade.be/be/products/sangle-gh02-equipe-odoo-13586
https://la-cabrade.be/nl/product/emporio-team-leren-riem/,https://www.sellerie-lacabrade.be/be/store
https://la-cabrade.be/fr/produit/sangle-dressage-rose-elastic-equipe/,https://www.sellerie-lacabrade.be/be/store
https://la-cabrade.be/nl/product/elastische-roze-dressuurriem-team/,https://www.sellerie-lacabrade.be/be/store
https://la-cabrade.be/fr/produit/sangle-de-dressage-durham-br/,https://www.sellerie-lacabrade.be/be/products/sangle-de-dressage-durham-br-odoo-13578
https://la-cabrade.be/nl/product/durham-br-dressuursingel/,https://www.sellerie-lacabrade.be/be/store
https://la-cabrade.be/fr/produit/sangle-quimper-premiere/,https://www.sellerie-lacabrade.be/be/products/sangle-quimper-premiere-odoo-16260
https://la-cabrade.be/nl/product/webbing-quimper-premiere/,https://www.sellerie-lacabrade.be/be/products/sangle-quimper-premiere-odoo-16260
https://la-cabrade.be/fr/produit/savon-ilsa-hyssani-200gr/,https://www.sellerie-lacabrade.be/be/store
https://la-cabrade.be/nl/product/ilsa-hyssani-zeep-200gr/,https://www.sellerie-lacabrade.be/be/store
https://la-cabrade.be/fr/produit/savon-topsy-hyssani-100gr/,https://www.sellerie-lacabrade.be/be/store
https://la-cabrade.be/nl/product/topsy-hyssani-zeep-100gr/,https://www.sellerie-lacabrade.be/be/store
https://la-cabrade.be/fr/produit/seau-bord-plat-horze/,https://www.sellerie-lacabrade.be/be/store
https://la-cabrade.be/nl/product/horze-emmer-met-platte-rand/,https://www.sellerie-lacabrade.be/be/store
https://la-cabrade.be/fr/produit/selle-dobstacles-eric-thomas-fitter-doublee-2/,https://www.sellerie-lacabrade.be/be/store
https://la-cabrade.be/nl/product/eric-thomas-fitter-doublee-2-springzadel/,https://www.sellerie-lacabrade.be/be/store
https://la-cabrade.be/fr/produit/selle-obstacle-letek-s-line-quick-change-tekna/,https://www.sellerie-lacabrade.be/be/store
https://la-cabrade.be/nl/product/obstakel-zadel-letek-s-line-snelwissel-tekna/,https://www.sellerie-lacabrade.be/be/store
https://la-cabrade.be/fr/produit/selle-dobstacle-poney-s-line-tekna/,https://www.sellerie-lacabrade.be/be/store
https://la-cabrade.be/nl/product/s-lijn-pony-springzadel-tekna/,https://www.sellerie-lacabrade.be/be/store
https://la-cabrade.be/fr/produit/selle-mixte-tekna-club-quik-change-2/,https://www.sellerie-lacabrade.be/be/store
https://la-cabrade.be/nl/product/tekna-club-quik-change-2-gemengd-zadel/,https://www.sellerie-lacabrade.be/be/store
https://la-cabrade.be/fr/produit/semelle-a-memoire-de-forme-qhp/,https://www.sellerie-lacabrade.be/be/products/amortisseur-m-moire-de-forme-qhp-odoo-14269
https://la-cabrade.be/nl/product/geheugen-inlegzool-qhp/,https://www.sellerie-lacabrade.be/be/store
https://la-cabrade.be/fr/produit/semelle-anti-odeur-qhp/,https://www.sellerie-lacabrade.be/be/store
https://la-cabrade.be/nl/product/anti-geur-inlegzool-qhp/,https://www.sellerie-lacabrade.be/be/store
https://la-cabrade.be/fr/produit/set-licol-premiere-2/,https://www.sellerie-lacabrade.be/be/store
https://la-cabrade.be/nl/product/premiere-2-halsterset/,https://www.sellerie-lacabrade.be/be/products/longe-8m-premiere-odoo-21891
https://la-cabrade.be/fr/produit/shampoing-apple-pearl-1l-hotw/,https://www.sellerie-lacabrade.be/be/products/21080-shampoing-apple-pearl-1l-hotw-odoo-15591
https://la-cabrade.be/nl/product/appel-parel-shampoo-1l-hotw/,https://www.sellerie-lacabrade.be/be/store
https://la-cabrade.be/fr/produit/shampoing-coconut-pearl-how/,https://www.sellerie-lacabrade.be/be/products/21081-shampoing-coconut-pearl-1l-hotw-odoo-15592
https://la-cabrade.be/nl/product/kokosnoot-parel-hoe-shampoo/,https://www.sellerie-lacabrade.be/be/store
https://la-cabrade.be/fr/produit/shampoing-conditioner-pearl-amande-douce-hotw/,https://www.sellerie-lacabrade.be/be/products/shampoing-conditioner-pearl-amande-douce-hotw-odoo-15857
https://la-cabrade.be/nl/product/conditioner-shampoo-parel-zoete-amandel-hotw-2/,https://www.sellerie-lacabrade.be/be/store
https://la-cabrade.be/fr/produit/shampoing-sensitive-pearl-1l-hotw/,https://www.sellerie-lacabrade.be/be/products/12187-shampoing-sensitive-pearl-1l-hotw-odoo-12693
https://la-cabrade.be/nl/product/sensitive-parel-shampoo-1l-hotw/,https://www.sellerie-lacabrade.be/be/store
https://la-cabrade.be/fr/produit/shampoing-stop-pearl-hotw/,https://www.sellerie-lacabrade.be/be/products/shampoing-summer-pearl-hotw-odoo-12695
https://la-cabrade.be/nl/product/stop-parel-hotw-shampoo/,https://www.sellerie-lacabrade.be/be/store
https://la-cabrade.be/fr/produit/soft-balm-creme-cuir-charlees-leather/,https://www.sellerie-lacabrade.be/be/store
https://la-cabrade.be/nl/product/zachte-balsem-creme-cuir-charlees-leer-2/,https://www.sellerie-lacabrade.be/be/store
https://la-cabrade.be/fr/produit/sos-corne-molle-280ml-ungula-naturalis/,https://www.sellerie-lacabrade.be/be/products/21897-sos-corne-molle-280ml-ungula-naturalis-odoo-15713
https://la-cabrade.be/nl/product/sos-zachte-hoorn-280ml-ungula-naturalis/,https://www.sellerie-lacabrade.be/be/products/14990-sos-crevasse-280ml-ungula-naturalis-odoo-13918
https://la-cabrade.be/fr/produit/sos-crevasse-280ml-ungula-naturalis/,https://www.sellerie-lacabrade.be/be/products/14990-sos-crevasse-280ml-ungula-naturalis-odoo-13918
https://la-cabrade.be/nl/product/sos-scheuren-280ml-ungula-naturalis/,https://www.sellerie-lacabrade.be/be/products/14990-sos-crevasse-280ml-ungula-naturalis-odoo-13918
https://la-cabrade.be/fr/produit/sos-demangeaison-280ml-ungula-naturalis/,https://www.sellerie-lacabrade.be/be/products/14990-sos-crevasse-280ml-ungula-naturalis-odoo-13918
https://la-cabrade.be/nl/product/sos-jeuk-280ml-ungula-naturalis/,https://www.sellerie-lacabrade.be/be/products/14990-sos-crevasse-280ml-ungula-naturalis-odoo-13918
https://la-cabrade.be/fr/produit/sos-dermite-estivale-280ml-ungula-naturalis/,https://www.sellerie-lacabrade.be/be/products/26832-sos-dermite-estivale-280ml-ungula-naturalis-odoo-15597
https://la-cabrade.be/nl/product/sos-zomer-dermatitis-280ml-ungula-naturalis-2/,https://www.sellerie-lacabrade.be/be/products/14990-sos-crevasse-280ml-ungula-naturalis-odoo-13918
https://la-cabrade.be/fr/produit/sos-sabot-380ml-ungula-naturalis/,https://www.sellerie-lacabrade.be/be/products/66416-sos-sabot-380ml-ungula-naturalis-odoo-21773
https://la-cabrade.be/nl/product/sos-hoef-380ml-ungula-naturalis-2/,https://www.sellerie-lacabrade.be/be/products/66416-sos-sabot-380ml-ungula-naturalis-odoo-21773
https://la-cabrade.be/fr/produit/spiruline-vermicelle-1kg-ungula-naturalis/,https://www.sellerie-lacabrade.be/be/products/68086-spiruline-vermicelle-1kg-ungula-naturalis-odoo-22050
https://la-cabrade.be/nl/product/spirulina-vermicelli-1kg-ungula-naturalis-2/,https://www.sellerie-lacabrade.be/be/products/68086-spiruline-vermicelle-1kg-ungula-naturalis-odoo-22050
https://la-cabrade.be/fr/produit/spray-impermeabilisant-br/,https://www.sellerie-lacabrade.be/be/store
https://la-cabrade.be/nl/product/spuitbus-waterdicht-maken-br/,https://www.sellerie-lacabrade.be/be/store
https://la-cabrade.be/fr/produit/step-2-conditioning-bar-250gr-belvoir/,https://www.sellerie-lacabrade.be/be/store
https://la-cabrade.be/nl/product/stap-2-verzorgende-zeep-250gr-belvoir-2/,https://www.sellerie-lacabrade.be/be/store
https://la-cabrade.be/fr/produit/stomach-protek-speed-action-6-seringues-kevin-bacons/,https://www.sellerie-lacabrade.be/be/products/65632-stomach-protek-speed-action-6-seringues-kevin-bacon-s-s-r-odoo-21603
https://la-cabrade.be/nl/product/stomach-protek-speed-action-6-spuiten-kevin-bacons/,https://www.sellerie-lacabrade.be/be/products/65632-stomach-protek-speed-action-6-seringues-kevin-bacon-s-s-r-odoo-21603
https://la-cabrade.be/fr/produit/sun-protec-ravene/,https://www.sellerie-lacabrade.be/be/store
https://la-cabrade.be/nl/product/zonwering-raaf/,https://www.sellerie-lacabrade.be/be/store
https://la-cabrade.be/fr/produit/support-pour-ancre/,https://www.sellerie-lacabrade.be/be/store
https://la-cabrade.be/nl/product/ankersteun/,https://www.sellerie-lacabrade.be/be/store
https://la-cabrade.be/fr/produit/shampoing-tahiti-5l-hotw/,https://www.sellerie-lacabrade.be/be/products/13839-shampoing-tahiti-1l-hotw-odoo-12694
https://la-cabrade.be/nl/product/shampoo-tahiti-5l-heetw/,https://www.sellerie-lacabrade.be/be/store
https://la-cabrade.be/fr/produit/short-frac-flower-jewellery-black-ton-sur-ton/,https://www.sellerie-lacabrade.be/be/store
https://la-cabrade.be/nl/product/korte-frac-bloem-sieraden-zwart-ton-sur-ton/,https://www.sellerie-lacabrade.be/be/store
https://la-cabrade.be/fr/produit/singlet-classic-hv-polo/,https://www.sellerie-lacabrade.be/be/products/singlet-classic-hv-polo-odoo-18143
https://la-cabrade.be/nl/product/hemd-classic-hv-polo/,https://www.sellerie-lacabrade.be/be/products/singlet-classic-hv-polo-odoo-18143
https://la-cabrade.be/fr/produit/sos-dermite-xanthus/,https://www.sellerie-lacabrade.be/be/products/30256-sos-dermite-xanthus-odoo-16252
https://la-cabrade.be/nl/product/sos-dermatitis-xanthus/,https://www.sellerie-lacabrade.be/be/products/30257-sos-5-en-1-xanthus-odoo-16253
https://la-cabrade.be/fr/produit/sous-bandages-americains-equiline/,https://www.sellerie-lacabrade.be/be/products/sous-bandages-4pack-hfi-odoo-18177
https://la-cabrade.be/nl/product/equiline-amerikaanse-onderdoeken/,https://www.sellerie-lacabrade.be/be/store
https://la-cabrade.be/fr/produit/sous-bandages-par-4-hfi/,https://www.sellerie-lacabrade.be/be/products/sous-bandages-4pack-hfi-odoo-18177
https://la-cabrade.be/nl/product/onder-verband-per-4-hfi/,https://www.sellerie-lacabrade.be/be/store
https://la-cabrade.be/fr/produit/sous-barbe-1-2-new-english-coll-dyon/,https://www.sellerie-lacabrade.be/be/store
https://la-cabrade.be/nl/product/onder-baard-1-2-new-english-coll-dyon/,https://www.sellerie-lacabrade.be/be/store
https://la-cabrade.be/fr/produit/sous-barbe-3-8-d-collection-dyon/,https://www.sellerie-lacabrade.be/be/products/bridon-hackamore-us-collection-dyon-odoo-21542
https://la-cabrade.be/nl/product/onderbaard-3-8-d-collectie-dyon/,https://www.sellerie-lacabrade.be/be/store
https://la-cabrade.be/fr/produit/sous-couverture-back-on-track-felix-200g/,https://www.sellerie-lacabrade.be/be/store
https://la-cabrade.be/nl/product/undercover-back-on-track-felix-200g/,https://www.sellerie-lacabrade.be/be/store
https://la-cabrade.be/fr/produit/sous-couverture-classic-kentucky-200-g/,https://www.sellerie-lacabrade.be/be/store
https://la-cabrade.be/nl/product/undercover-klassiek-kentucky-200-g/,https://www.sellerie-lacabrade.be/be/store
https://la-cabrade.be/fr/produit/sous-couverture-cou-skin-friendly-150g-kentucky/,https://www.sellerie-lacabrade.be/be/store
https://la-cabrade.be/nl/product/huidvriendelijke-nekbedekking-150g-kentucky/,https://www.sellerie-lacabrade.be/be/store
https://la-cabrade.be/fr/produit/sous-couverture-dyon-250g/,https://www.sellerie-lacabrade.be/be/products/sous-couverture-rambo-horseware-odoo-11707
https://la-cabrade.be/nl/product/undercover-dyon-250g/,https://www.sellerie-lacabrade.be/be/store
https://la-cabrade.be/fr/produit/sous-couverture-kentucky-300gr/,https://www.sellerie-lacabrade.be/be/products/sous-couverture-rambo-horseware-odoo-11707
https://la-cabrade.be/nl/product/undercover-kentucky-300gr/,https://www.sellerie-lacabrade.be/be/store
https://la-cabrade.be/fr/produit/sous-couverture-kentucky-skin-friendly-300g/,https://www.sellerie-lacabrade.be/be/store
https://la-cabrade.be/nl/product/undercover-kentucky-huidvriendelijk-300g/,https://www.sellerie-lacabrade.be/be/store
https://la-cabrade.be/fr/produit/special-poulain-vital-herbs-s-r/,https://www.sellerie-lacabrade.be/be/products/16623-sp-cial-poulain-vital-herbs-s-r-odoo-14544
https://la-cabrade.be/nl/product/speciale-veulen-vitale-kruiden-s-r-2/,https://www.sellerie-lacabrade.be/be/store
https://la-cabrade.be/fr/produit/spray-anti-bite-repulsif-550ml-leovet/,https://www.sellerie-lacabrade.be/be/store
https://la-cabrade.be/nl/product/anti-lik-afstotende-spray-550ml-leovet/,https://www.sellerie-lacabrade.be/be/store
https://la-cabrade.be/fr/produit/spray-howfresh-anti-poussiere-hotw/,https://www.sellerie-lacabrade.be/be/store
https://la-cabrade.be/nl/product/howfresh-anti-stof-spray-hotw/,https://www.sellerie-lacabrade.be/be/store
https://la-cabrade.be/fr/produit/spray-nettoyant-et-soignant-vulnos-blue-excellent/,https://www.sellerie-lacabrade.be/be/store
https://la-cabrade.be/nl/product/spray-voor-reiniging-en-verzorging-vulnos-blue-excellent/,https://www.sellerie-lacabrade.be/be/store
https://la-cabrade.be/fr/produit/soin-pour-fourchette-stubben/,https://www.sellerie-lacabrade.be/be/store
https://la-cabrade.be/nl/product/verzorging-stubbenvork/,https://www.sellerie-lacabrade.be/be/store
https://la-cabrade.be/fr/produit/stable-boots-royal-back-on-track/,https://www.sellerie-lacabrade.be/be/store
https://la-cabrade.be/nl/product/stalaarzen-royal-weer-op-de-rails/,https://www.sellerie-lacabrade.be/be/store
https://la-cabrade.be/fr/produit/sticker-armet-gradient-flex-on/,https://www.sellerie-lacabrade.be/be/store
https://la-cabrade.be/nl/product/sticker-armet-gradient-flex-on/,https://www.sellerie-lacabrade.be/be/store
https://la-cabrade.be/fr/produit/sticker-armet-silver-flex-on/,https://www.sellerie-lacabrade.be/be/store
https://la-cabrade.be/nl/product/sticker-armet-zilver-flex-op/,https://www.sellerie-lacabrade.be/be/store
https://la-cabrade.be/fr/produit/suitable-bag-anky/,https://www.sellerie-lacabrade.be/be/store
https://la-cabrade.be/nl/product/geschikte-tas-anky/,https://www.sellerie-lacabrade.be/be/store
https://la-cabrade.be/fr/produit/summer-gel-hotw/,https://www.sellerie-lacabrade.be/be/products/shampoing-summer-pearl-hotw-odoo-12695
https://la-cabrade.be/nl/product/zomer-gel-hotw/,https://www.sellerie-lacabrade.be/be/store
https://la-cabrade.be/fr/produit/summer-sheet-denim-classic-sports-ss25-eskadron/,https://www.sellerie-lacabrade.be/be/products/cloches-softslate-classic-sports-ss25-eskadron-odoo-21904
https://la-cabrade.be/nl/product/zomervel-denim-classic-sports-ss25-eskadron/,https://www.sellerie-lacabrade.be/be/products/cloches-softslate-classic-sports-ss25-eskadron-odoo-21904
https://la-cabrade.be/fr/produit/sur-bottes-norton-en-caoutchouc/,https://www.sellerie-lacabrade.be/be/store
https://la-cabrade.be/nl/product/op-norton-rubberlaarzen/,https://www.sellerie-lacabrade.be/be/store
https://la-cabrade.be/fr/produit/surmors-demi-torsade/,https://www.sellerie-lacabrade.be/be/store
https://la-cabrade.be/nl/product/halfgedraaide-ruggengraat/,https://www.sellerie-lacabrade.be/be/store
https://la-cabrade.be/fr/produit/sweet-blocks-banane-sellerie-la-cabrade/,https://www.sellerie-lacabrade.be/be/store
https://la-cabrade.be/nl/product/zoete-blokken-banane-zadelmakerij-la-cabrade/,https://www.sellerie-lacabrade.be/be/store
https://la-cabrade.be/fr/produit/sweet-blocks-vanille-sellerie-la-cabrade/,https://www.sellerie-lacabrade.be/be/store
https://la-cabrade.be/nl/product/zoete-blokken-vanille-zadeltuig-la-cabrade-2/,https://www.sellerie-lacabrade.be/be/store
https://la-cabrade.be/fr/produit/tack-cleaner-kentucky/,https://www.sellerie-lacabrade.be/be/store
https://la-cabrade.be/nl/product/zadelreiniger-kentucky-2/,https://www.sellerie-lacabrade.be/be/products/longe-8m-kentucky-odoo-22262
https://la-cabrade.be/fr/produit/sur-pantalon-impermeable-cavalleria-toscana/,https://www.sellerie-lacabrade.be/be/store
https://la-cabrade.be/nl/product/sur-pantalon-impermeable-cavalleria-toscana/,https://www.sellerie-lacabrade.be/be/store
https://la-cabrade.be/fr/produit/sweat-a-capuche-cassandra-kids-br/,https://www.sellerie-lacabrade.be/be/store
https://la-cabrade.be/nl/product/cassandra-kinderen-br-hoodie/,https://www.sellerie-lacabrade.be/be/store
https://la-cabrade.be/fr/produit/sweat-a-capuche-homme-cavalleria-toscana/,https://www.sellerie-lacabrade.be/be/products/ceinture-lastique-homme-cavalleria-toscana-odoo-17360
https://la-cabrade.be/nl/product/cavalleria-toscana-hoodie-man/,https://www.sellerie-lacabrade.be/be/products/ceinture-lastique-cavalleria-toscana-odoo-19544
https://la-cabrade.be/fr/produit/sweatshirt-a-tirette-classic-sports-ss25-homme-eskadron/,https://www.sellerie-lacabrade.be/be/products/cloches-softslate-classic-sports-ss25-eskadron-odoo-21904
https://la-cabrade.be/nl/product/classic-sports-ss25-heren-pullover-sweatshirt-eskadron-2/,https://www.sellerie-lacabrade.be/be/products/cloches-softslate-classic-sports-ss25-eskadron-odoo-21904
https://la-cabrade.be/fr/produit/sweat-zip-bonito-homme-samshield/,https://www.sellerie-lacabrade.be/be/store
https://la-cabrade.be/nl/product/bonito-rits-sweatshirt-man-samshield/,https://www.sellerie-lacabrade.be/be/store
https://la-cabrade.be/fr/produit/sweat-zippe-a-capuche-classic-kingsland/,https://www.sellerie-lacabrade.be/be/store
https://la-cabrade.be/nl/product/kingsland-classic-hoodie-met-rits-2/,https://www.sellerie-lacabrade.be/be/store
https://la-cabrade.be/fr/produit/tack-cleaning-bag-5987/,https://www.sellerie-lacabrade.be/be/store
https://la-cabrade.be/nl/product/zadelpoetszak-5987/,https://www.sellerie-lacabrade.be/be/store
https://la-cabrade.be/fr/produit/tam-tam-vet-summer-spray-550-ml-leovet/,https://www.sellerie-lacabrade.be/be/products/59575-tam-tam-vet-summer-spray-550ml-leovet-odoo-20245
https://la-cabrade.be/nl/product/tam-tam-vet-zomerspray-550-ml-leovet-2/,https://www.sellerie-lacabrade.be/be/store
https://la-cabrade.be/fr/produit/tapis-a-lecher-graze-maze-likit/,https://www.sellerie-lacabrade.be/be/store
https://la-cabrade.be/nl/product/grazen-doolhof-likken-deken/,https://www.sellerie-lacabrade.be/be/store
https://la-cabrade.be/fr/produit/tapis-de-monte-a-cru-br/,https://www.sellerie-lacabrade.be/be/store
https://la-cabrade.be/nl/product/ruwe-klimmat-br/,https://www.sellerie-lacabrade.be/be/store
https://la-cabrade.be/fr/produit/tapis-de-selle-black-line-edition-equestro/,https://www.sellerie-lacabrade.be/be/store
https://la-cabrade.be/nl/product/black-line-edition-equestro-zadeldek/,https://www.sellerie-lacabrade.be/be/store
https://la-cabrade.be/fr/produit/tapis-de-selle-clx-br/,https://www.sellerie-lacabrade.be/be/products/tapis-de-selle-chanel-lc-equestrian-odoo-22539
https://la-cabrade.be/nl/product/clx-br-zadeldek/,https://www.sellerie-lacabrade.be/be/products/licol-clx-br-odoo-20570
https://la-cabrade.be/fr/produit/tapis-de-selle-djill-br/,https://www.sellerie-lacabrade.be/be/products/tapis-de-selle-chanel-lc-equestrian-odoo-22539
https://la-cabrade.be/nl/product/djill-br-zadeldek/,https://www.sellerie-lacabrade.be/be/store
https://la-cabrade.be/fr/produit/tapis-de-selle-presteq-ambition-first/,https://www.sellerie-lacabrade.be/be/store
https://la-cabrade.be/nl/product/presteq-ambition-first-zadeldek/,https://www.sellerie-lacabrade.be/be/store
https://la-cabrade.be/fr/produit/tapis-de-selle-dr-denim-classic-sports-ss25-eskadron/,https://www.sellerie-lacabrade.be/be/products/tapis-de-selle-boucl-crystal-classic-sports-eskadron-odoo-23311
https://la-cabrade.be/nl/product/dr-denim-classic-sports-ss25-eskadron-zadeldek-2/,https://www.sellerie-lacabrade.be/be/products/cloches-softslate-classic-sports-ss25-eskadron-odoo-21904
https://la-cabrade.be/fr/produit/tapis-de-selle-dr-new-circular-quilted-jersey-cavalleria-toscana/,https://www.sellerie-lacabrade.be/be/store
https://la-cabrade.be/nl/product/zadeldek-dr-nieuw-circulair-gewatteerd-tricot-cavalleria-toscana/,https://www.sellerie-lacabrade.be/be/store
https://la-cabrade.be/fr/produit/tapis-de-selle-dr-poly-nylon-anky/,https://www.sellerie-lacabrade.be/be/store
https://la-cabrade.be/nl/product/dr-poly-nylon-anky-zadeldek-2/,https://www.sellerie-lacabrade.be/be/store
https://la-cabrade.be/fr/produit/tapis-de-selle-dr-pro-soft-classic-sports-ss25-eskadron/,https://www.sellerie-lacabrade.be/be/products/tapis-de-selle-big-square-sparkle-classic-sports-eskadron-odoo-23310
https://la-cabrade.be/nl/product/dr-pro-soft-classic-sports-ss25-eskadron-zadeldek/,https://www.sellerie-lacabrade.be/be/products/cloches-softslate-classic-sports-ss25-eskadron-odoo-21904
https://la-cabrade.be/fr/produit/tapis-de-selle-dr-ravenna-lc-equestrian/,https://www.sellerie-lacabrade.be/be/products/tapis-de-selle-dr-ravenna-lc-equestrian-odoo-22538
https://la-cabrade.be/nl/product/tapis-de-selle-dr-ravenna-lc-equestrian/,https://www.sellerie-lacabrade.be/be/products/tapis-de-selle-dr-ravenna-lc-equestrian-odoo-22538
https://la-cabrade.be/fr/produit/tapis-de-selle-rhone-square-vintage/,https://www.sellerie-lacabrade.be/be/store
https://la-cabrade.be/nl/product/rhone-vierkant-vintage-zadeldek/,https://www.sellerie-lacabrade.be/be/store
https://la-cabrade.be/fr/produit/tapis-de-selle-dr-sandness-horze/,https://www.sellerie-lacabrade.be/be/products/tapis-de-selle-chanel-lc-equestrian-odoo-22539
https://la-cabrade.be/nl/product/zadeldek-dr-sandness-horze/,https://www.sellerie-lacabrade.be/be/store
https://la-cabrade.be/fr/produit/tapis-de-selle-br-event-revived-cob/,https://www.sellerie-lacabrade.be/be/store
https://la-cabrade.be/nl/product/br-event-revived-cob-zadeldek/,https://www.sellerie-lacabrade.be/be/store
https://la-cabrade.be/fr/produit/tapis-de-selle-irh-lenny-imperial-riding/,https://www.sellerie-lacabrade.be/be/store
https://la-cabrade.be/nl/product/irh-lenny-imperial-zadelonderlegger/,https://www.sellerie-lacabrade.be/be/store
https://la-cabrade.be/fr/produit/tapis-de-selle-leafs-anky/,https://www.sellerie-lacabrade.be/be/products/tapis-de-selle-chanel-lc-equestrian-odoo-22539
https://la-cabrade.be/nl/product/leafs-anky-zadeldek-2/,https://www.sellerie-lacabrade.be/be/store
https://la-cabrade.be/fr/produit/tapis-de-selle-merry-christmas-qhp/,https://www.sellerie-lacabrade.be/be/store
https://la-cabrade.be/nl/product/vrolijk-kerstfeest-zadeldek-qhp/,https://www.sellerie-lacabrade.be/be/store
https://la-cabrade.be/fr/produit/tapis-de-selle-nature-made-leisure-horze/,https://www.sellerie-lacabrade.be/be/store
https://la-cabrade.be/nl/product/natuur-zadeldek-made-leisure-horze/,https://www.sellerie-lacabrade.be/be/store
https://la-cabrade.be/fr/produit/tapis-de-selle-octogon-rio-equiline/,https://www.sellerie-lacabrade.be/be/store
https://la-cabrade.be/nl/product/rio-equiline-octogon-zadeldek/,https://www.sellerie-lacabrade.be/be/store
https://la-cabrade.be/fr/produit/tapis-de-selle-physical-sophistication-horze/,https://www.sellerie-lacabrade.be/be/store
https://la-cabrade.be/nl/product/horze-physical-sophistication-zadeldek/,https://www.sellerie-lacabrade.be/be/store
https://la-cabrade.be/fr/produit/tapis-de-selle-rhone-cc-square-vintage-lemieux/,https://www.sellerie-lacabrade.be/be/store
https://la-cabrade.be/nl/product/zadeldek-rhone-cc-vierkant-vintage-lemieux/,https://www.sellerie-lacabrade.be/be/store
https://la-cabrade.be/fr/produit/tapis-de-selle-rio-qhp-pony/,https://www.sellerie-lacabrade.be/be/store
https://la-cabrade.be/nl/product/rio-qhp-pony-zadeldek/,https://www.sellerie-lacabrade.be/be/store
https://la-cabrade.be/fr/produit/tapis-de-selle-softshell-onion-quilt-kentucky/,https://www.sellerie-lacabrade.be/be/products/tapis-de-selle-basic-velvet-kentucky-odoo-12976
https://la-cabrade.be/nl/product/tapis-de-selle-softshell-onion-quilt-kentucky/,https://www.sellerie-lacabrade.be/be/products/tapis-de-selle-basic-velvet-kentucky-odoo-12976
https://la-cabrade.be/fr/produit/tapis-de-selle-stepped-satin-anky/,https://www.sellerie-lacabrade.be/be/store
https://la-cabrade.be/nl/product/anky-satijnen-stapzadeldek/,https://www.sellerie-lacabrade.be/be/store
https://la-cabrade.be/fr/produit/tapis-de-selle-summer-qhp/,https://www.sellerie-lacabrade.be/be/products/tapis-de-selle-chanel-lc-equestrian-odoo-22539
https://la-cabrade.be/nl/product/zomer-qhp-zadeldek/,https://www.sellerie-lacabrade.be/be/store
https://la-cabrade.be/fr/produit/moonboot-max-kentucky/,https://www.sellerie-lacabrade.be/be/store
https://la-cabrade.be/nl/product/moonboot-max-kentucky/,https://www.sellerie-lacabrade.be/be/store
https://la-cabrade.be/fr/produit/tenture-de-box-kentucky/,https://www.sellerie-lacabrade.be/be/store
https://la-cabrade.be/nl/product/doos-ophangen-kentucky/,https://www.sellerie-lacabrade.be/be/store
https://la-cabrade.be/fr/produit/guetres-genou-velcro-kentucky/,https://www.sellerie-lacabrade.be/be/store
https://la-cabrade.be/nl/product/kentucky-klittenband-kniebeschermers-2/,https://www.sellerie-lacabrade.be/be/store
https://la-cabrade.be/fr/produit/veste-longue-impermeable-essentials-unisexe-br-2/,https://www.sellerie-lacabrade.be/be/store
https://la-cabrade.be/nl/product/essentials-unisex-waterdichte-lange-jas-br-2-2/,https://www.sellerie-lacabrade.be/be/store
https://la-cabrade.be/fr/produit/tapis-de-selle-noel-qhp/,https://www.sellerie-lacabrade.be/be/products/tapis-de-selle-chanel-lc-equestrian-odoo-22539
https://la-cabrade.be/nl/product/noel-zadeldek-qhp-2/,https://www.sellerie-lacabrade.be/be/store
https://la-cabrade.be/fr/produit/grooming-box-shiny-classic-small-imperial-riding/,https://www.sellerie-lacabrade.be/be/store
https://la-cabrade.be/nl/product/verzorgingsbox-shiny-classic-small-imperial-riding/,https://www.sellerie-lacabrade.be/be/store
https://la-cabrade.be/fr/produit/sos-fourchettes-100ml-ungula-naturalis/,https://www.sellerie-lacabrade.be/be/products/11266-sos-fourchettes-110ml-ungula-naturalis-odoo-12582
https://la-cabrade.be/nl/product/sos-vorken-100ml-ungula-naturalis-2/,https://www.sellerie-lacabrade.be/be/products/14990-sos-crevasse-280ml-ungula-naturalis-odoo-13918
https://la-cabrade.be/fr/produit/sac-a-dos-mini-horze-br/,https://www.sellerie-lacabrade.be/be/products/sac-dos-mini-horse-br-odoo-21011
https://la-cabrade.be/nl/product/mini-horze-br-rugzak/,https://www.sellerie-lacabrade.be/be/store
https://la-cabrade.be/fr/produit/eperons-soft-touch-vertical-20mm-stubben/,https://www.sellerie-lacabrade.be/be/store
https://la-cabrade.be/nl/product/soft-touch-verticale-sporen-20mm-stubben-2/,https://www.sellerie-lacabrade.be/be/store
https://la-cabrade.be/fr/produit/guetres-de-repos-br-aer-posterieurs/,https://www.sellerie-lacabrade.be/be/store
https://la-cabrade.be/nl/product/rustende-beschermers-br-aer-posteriors/,https://www.sellerie-lacabrade.be/be/store
https://la-cabrade.be/fr/produit/top-interchangeable-romy-carbon-qhp/,https://www.sellerie-lacabrade.be/be/products/34780-top-interchangeable-romy-carbon-qhp-odoo-15541
https://la-cabrade.be/nl/product/romy-carbon-qhp-verwisselbare-top/,https://www.sellerie-lacabrade.be/be/products/34780-top-interchangeable-romy-carbon-qhp-odoo-15541
https://la-cabrade.be/fr/produit/tapis-de-selle-obstacle-equipe/,https://www.sellerie-lacabrade.be/be/products/tapis-de-selle-chanel-lc-equestrian-odoo-22539
https://la-cabrade.be/nl/product/obstakel-zadeldek/,https://www.sellerie-lacabrade.be/be/store
https://la-cabrade.be/fr/produit/amortisseur-en-gel-arriere-transparent-norton/,https://www.sellerie-lacabrade.be/be/products/12659-amortisseur-soft-gel-arri-re-transparent-br-odoo-12869
https://la-cabrade.be/nl/product/norton-transparante-gel-schokdemper-achter-2/,https://www.sellerie-lacabrade.be/be/store
https://la-cabrade.be/fr/produit/amortisseur-feutrine-17-siaa-horsewear/,https://www.sellerie-lacabrade.be/be/store
https://la-cabrade.be/nl/product/vilten-schokdemper-17-siaa-horsewear-2/,https://www.sellerie-lacabrade.be/be/store
https://la-cabrade.be/fr/produit/amortisseur-pocket-a-memoire-de-forme-acavallo/,https://www.sellerie-lacabrade.be/be/store
https://la-cabrade.be/nl/product/acavallo-pocket-schokdemper-met-geheugen-2/,https://www.sellerie-lacabrade.be/be/store
https://la-cabrade.be/fr/produit/bandeau-meana-qhp/,https://www.sellerie-lacabrade.be/be/store
https://la-cabrade.be/nl/product/meana-qhp-hoofdband/,https://www.sellerie-lacabrade.be/be/store
https://la-cabrade.be/fr/produit/bandes-de-repos-4set-kentucky/,https://www.sellerie-lacabrade.be/be/store
https://la-cabrade.be/nl/product/4set-kentucky-rustbanden/,https://www.sellerie-lacabrade.be/be/store
https://la-cabrade.be/fr/produit/beris-mors-de-filet-prime-extra-doux/,https://www.sellerie-lacabrade.be/be/store
https://la-cabrade.be/nl/product/beris-extra-zacht-premium-snaffle-bit-2/,https://www.sellerie-lacabrade.be/be/store
https://la-cabrade.be/fr/produit/beris-pelham-long-canon-comfort-soft/,https://www.sellerie-lacabrade.be/be/products/mors-anneaux-canon-comfort-hard-beris-odoo-16625
https://la-cabrade.be/nl/product/beris-pelham-lange-canon-comfort-zacht/,https://www.sellerie-lacabrade.be/be/products/mors-anneaux-canon-comfort-hard-beris-odoo-16625
https://la-cabrade.be/fr/produit/blouson-luka-penelope/,https://www.sellerie-lacabrade.be/be/products/blouson-step-penelope-odoo-17496
https://la-cabrade.be/nl/product/penelope-luka-jas/,https://www.sellerie-lacabrade.be/be/store
https://la-cabrade.be/fr/produit/bombe-austyn-qhp/,https://www.sellerie-lacabrade.be/be/products/sac-bombe-qhp-odoo-19910
https://la-cabrade.be/nl/product/austyn-qhp-bom/,https://www.sellerie-lacabrade.be/be/store
https://la-cabrade.be/fr/produit/bombe-kep-cromo-2-0-tissu-polish-polo/,https://www.sellerie-lacabrade.be/be/store
https://la-cabrade.be/nl/product/spray-kep-cromo-2-0-poetsmiddel-polo/,https://www.sellerie-lacabrade.be/be/store
https://la-cabrade.be/fr/produit/bonnet-anti-bruit-long-ruben-equiline/,https://www.sellerie-lacabrade.be/be/store
https://la-cabrade.be/nl/product/ruben-equiline-lange-anti-ruis-kap/,https://www.sellerie-lacabrade.be/be/store
https://la-cabrade.be/fr/produit/bonnet-atb23-anky/,https://www.sellerie-lacabrade.be/be/store
https://la-cabrade.be/nl/product/motorkap-atb23-anky/,https://www.sellerie-lacabrade.be/be/store
https://la-cabrade.be/fr/produit/bonnet-atb251004-anky/,https://www.sellerie-lacabrade.be/be/store
https://la-cabrade.be/nl/product/muts-atb251004-anky-2/,https://www.sellerie-lacabrade.be/be/store
https://la-cabrade.be/fr/produit/bonnet-br-ivory-coast/,https://www.sellerie-lacabrade.be/be/store
https://la-cabrade.be/nl/product/motorkap-br-ivoorkust/,https://www.sellerie-lacabrade.be/be/store
https://la-cabrade.be/fr/produit/bonnet-dynair-mesh-sport-classic-sports-ss25-eskadron/,https://www.sellerie-lacabrade.be/be/products/corde-duralastic-swivel-hook-classic-sports-ss25-eskadron-odoo-22097
https://la-cabrade.be/nl/product/dynair-mesh-sport-classic-sports-ss25-eskadron-pet-2/,https://www.sellerie-lacabrade.be/be/products/corde-duralastic-swivel-hook-classic-sports-ss25-eskadron-odoo-22097
https://la-cabrade.be/fr/produit/bonnet-en-laine-ct/,https://www.sellerie-lacabrade.be/be/products/bonnet-pikeur-odoo-13025
https://la-cabrade.be/nl/product/wollen-muts-ct/,https://www.sellerie-lacabrade.be/be/store
https://la-cabrade.be/fr/produit/bonnet-light-weight-jersey-stripe-ct/,https://www.sellerie-lacabrade.be/be/store
https://la-cabrade.be/nl/product/lichte-jersey-streep-muts-ct/,https://www.sellerie-lacabrade.be/be/store
https://la-cabrade.be/fr/produit/bonnet-presteq-ambition-first/,https://www.sellerie-lacabrade.be/be/store
https://la-cabrade.be/nl/product/presteq-ambitie-eerste-kap/,https://www.sellerie-lacabrade.be/be/store
https://la-cabrade.be/fr/produit/boots-de-pluie-zea-animo/,https://www.sellerie-lacabrade.be/be/store
https://la-cabrade.be/nl/product/zea-animo-regenlaarzen/,https://www.sellerie-lacabrade.be/be/store
https://la-cabrade.be/fr/produit/boots-rainless-e%c2%b7l%c2%b7t/,https://www.sellerie-lacabrade.be/be/store
https://la-cabrade.be/nl/product/regenlaarzen-e·l·t-2/,https://www.sellerie-lacabrade.be/be/store
https://la-cabrade.be/fr/produit/boots-stockholm-horze/,https://www.sellerie-lacabrade.be/be/products/boots-jodhpur-enfant-horze-odoo-18896
https://la-cabrade.be/nl/product/laarzen-stockholm-horze-2/,https://www.sellerie-lacabrade.be/be/store
https://la-cabrade.be/fr/produit/bottes-country-br/,https://www.sellerie-lacabrade.be/be/store
https://la-cabrade.be/nl/product/laarzen-voor-buiten-br-2/,https://www.sellerie-lacabrade.be/be/store
https://la-cabrade.be/fr/produit/bottes-lyssa-adulte-qhp/,https://www.sellerie-lacabrade.be/be/products/bottes-lyssa-adulte-qhp-odoo-18692
https://la-cabrade.be/nl/product/lyssa-laarzen-volwassenen-qhp/,https://www.sellerie-lacabrade.be/be/products/bottes-lyssa-adulte-qhp-odoo-18692
https://la-cabrade.be/fr/produit/bride-muserolle-moyenne-avec-pull-back-dressage-ronde-dyon/,https://www.sellerie-lacabrade.be/be/store
https://la-cabrade.be/nl/product/medium-neusriemhoofdstel-met-pull-back-dressuur-ronde-dyon-2/,https://www.sellerie-lacabrade.be/be/store
https://la-cabrade.be/fr/produit/brosse-a-crins-en-metal-borstiq/,https://www.sellerie-lacabrade.be/be/products/56590-brosse-crins-hippotonic-odoo-19644
https://la-cabrade.be/nl/product/borstiq-metalen-paardenhaarborstel/,https://www.sellerie-lacabrade.be/be/store
https://la-cabrade.be/fr/produit/brosse-a-mortaise-crampons-feeling/,https://www.sellerie-lacabrade.be/be/store
https://la-cabrade.be/nl/product/pengat-borstel-stijgijzers-gevoel-2/,https://www.sellerie-lacabrade.be/be/store
https://la-cabrade.be/fr/produit/brosse-de-massage-en-hetre-borstiq/,https://www.sellerie-lacabrade.be/be/store
https://la-cabrade.be/nl/product/borstiq-beukenhouten-massageborstel/,https://www.sellerie-lacabrade.be/be/store
https://la-cabrade.be/fr/produit/brosse-douce-borstiq-goathair-gm/,https://www.sellerie-lacabrade.be/be/store
https://la-cabrade.be/nl/product/zachte-borstel-borstiq-geitenhaar-gm-2/,https://www.sellerie-lacabrade.be/be/store
https://la-cabrade.be/fr/produit/brosse-douce-borstiq-goathair-pm/,https://www.sellerie-lacabrade.be/be/store
https://la-cabrade.be/nl/product/borstiq-geitenhaar-pm-zachte-borstel/,https://www.sellerie-lacabrade.be/be/store
https://la-cabrade.be/fr/produit/brosse-dure-dos-en-bois-horze/,https://www.sellerie-lacabrade.be/be/store
https://la-cabrade.be/nl/product/harde-borstel-met-houten-achterkant/,https://www.sellerie-lacabrade.be/be/store
https://la-cabrade.be/fr/produit/brosse-en-caoutchouc-hippotonic-pour-tapis/,https://www.sellerie-lacabrade.be/be/store
https://la-cabrade.be/nl/product/hippotone-rubberen-borstel-voor-tapijten/,https://www.sellerie-lacabrade.be/be/store
https://la-cabrade.be/fr/produit/brosse-en-polypropylene-borstiq-banane-pm/,https://www.sellerie-lacabrade.be/be/store
https://la-cabrade.be/nl/product/polypropyleen-borstel-borstiq-banane-pm/,https://www.sellerie-lacabrade.be/be/store
https://la-cabrade.be/fr/produit/brosse-en-polypropylene-borstiq-infini/,https://www.sellerie-lacabrade.be/be/store
https://la-cabrade.be/nl/product/borstiq-infini-polypropyleen-borstel/,https://www.sellerie-lacabrade.be/be/store
https://la-cabrade.be/fr/produit/bubble-soap-gel-eponge-savon-cuir-charlies-leather/,https://www.sellerie-lacabrade.be/be/store
https://la-cabrade.be/nl/product/bubble-soap-gel-spons-leer-charlies-leer/,https://www.sellerie-lacabrade.be/be/store
https://la-cabrade.be/fr/produit/bridon-no-stress-bombe-muserolle-corde-equipe/,https://www.sellerie-lacabrade.be/be/store
https://la-cabrade.be/nl/product/geen-stress-hoofdstel-bombe-muserol-corde-equipe-2/,https://www.sellerie-lacabrade.be/be/store
https://la-cabrade.be/fr/produit/bridon-no-stress-frontal-rond-muserolle-large/,https://www.sellerie-lacabrade.be/be/store
https://la-cabrade.be/nl/product/no-stress-hoofdstel-met-brede-neusriem/,https://www.sellerie-lacabrade.be/be/store
https://la-cabrade.be/fr/produit/bridon-sans-mors-la-cense-dyon/,https://www.sellerie-lacabrade.be/be/products/bridon-sans-mors-freedom-hfi-odoo-20396
https://la-cabrade.be/nl/product/bitloos-hoofdstel-la-cense-dyon-2/,https://www.sellerie-lacabrade.be/be/store
https://la-cabrade.be/fr/produit/brushing-boots-3d-spacer-kentucky/,https://www.sellerie-lacabrade.be/be/store
https://la-cabrade.be/nl/product/poetslaarzen-3d-afstandhouder-kentucky/,https://www.sellerie-lacabrade.be/be/store
https://la-cabrade.be/fr/produit/carbon-gel-vento-save-the-sheep-front/,https://www.sellerie-lacabrade.be/be/products/carbon-gel-vento-front-veredus-odoo-15381
https://la-cabrade.be/nl/product/carbon-gel-vento-red-de-schapen-front/,https://www.sellerie-lacabrade.be/be/products/carbon-gel-vento-front-veredus-odoo-15381
https://la-cabrade.be/fr/produit/carbon-shield-veredus/,https://www.sellerie-lacabrade.be/be/store
https://la-cabrade.be/nl/product/koolstofschild-veredus/,https://www.sellerie-lacabrade.be/be/store
https://la-cabrade.be/fr/produit/casque-br-delta-crystal-2/,https://www.sellerie-lacabrade.be/be/store
https://la-cabrade.be/nl/product/br-delta-crystal-2-helm/,https://www.sellerie-lacabrade.be/be/store
https://la-cabrade.be/fr/produit/casque-br-volta-microfibre/,https://www.sellerie-lacabrade.be/be/products/casque-volta-painted-br-odoo-14790
https://la-cabrade.be/nl/product/volta-microvezel-br-helm/,https://www.sellerie-lacabrade.be/be/store
https://la-cabrade.be/fr/produit/casque-majoris-mips-b-vertigo-2/,https://www.sellerie-lacabrade.be/be/store
https://la-cabrade.be/nl/product/majoris-mips-b-vertigo-2-helm-2/,https://www.sellerie-lacabrade.be/be/store
https://la-cabrade.be/fr/produit/casquette-vaniz-animo/,https://www.sellerie-lacabrade.be/be/store
https://la-cabrade.be/nl/product/vaniz-animo-pet/,https://www.sellerie-lacabrade.be/be/store
https://la-cabrade.be/fr/produit/casque-pepit-rose-gold-equitheme/,https://www.sellerie-lacabrade.be/be/store
https://la-cabrade.be/nl/product/pepit-helm-roze-goud-equitheme-2/,https://www.sellerie-lacabrade.be/be/store
https://la-cabrade.be/fr/produit/casque-sigma-microfibre-glitter-br/,https://www.sellerie-lacabrade.be/be/products/casque-sigma-carbon-br-odoo-15837
https://la-cabrade.be/nl/product/sigma-microvezel-glitter-br-helm/,https://www.sellerie-lacabrade.be/be/store
https://la-cabrade.be/fr/produit/casquette-equipe-2/,https://www.sellerie-lacabrade.be/be/store
https://la-cabrade.be/nl/product/team-2-pet/,https://www.sellerie-lacabrade.be/be/store
https://la-cabrade.be/fr/produit/ceinture-bicolore-wool-ct-dame/,https://www.sellerie-lacabrade.be/be/store
https://la-cabrade.be/nl/product/tweekleurige-wollen-ceintuur-voor-dames/,https://www.sellerie-lacabrade.be/be/store
https://la-cabrade.be/fr/produit/ceinture-cuir-plat-dyon/,https://www.sellerie-lacabrade.be/be/products/ceinture-surpiqure-d-corative-dyon-odoo-14943
https://la-cabrade.be/nl/product/dyon-platte-leren-riem/,https://www.sellerie-lacabrade.be/be/store
https://la-cabrade.be/fr/produit/ceinture-elastique-avec-boucle-ct-team-2/,https://www.sellerie-lacabrade.be/be/store
https://la-cabrade.be/nl/product/elastische-riem-met-gesp-ct-team-2-2/,https://www.sellerie-lacabrade.be/be/store
https://la-cabrade.be/fr/produit/ceinture-elastique-ct-pour-femme-bicolore-2/,https://www.sellerie-lacabrade.be/be/store
https://la-cabrade.be/nl/product/ct-elastische-riem-voor-dames-tweekleurig-2-2/,https://www.sellerie-lacabrade.be/be/store
https://la-cabrade.be/fr/produit/ceinture-en-cuir-polo-gemma-e%c2%b7l%c2%b7t/,https://www.sellerie-lacabrade.be/be/store
https://la-cabrade.be/nl/product/polo-gemma-leren-riem-e·l·t/,https://www.sellerie-lacabrade.be/be/store
https://la-cabrade.be/fr/produit/ceinture-faux-leather-heritage-24-25-eskadron/,https://www.sellerie-lacabrade.be/be/products/licol-faux-leather-jewel-ff-heritage-25-26-eskadron-odoo-23044
https://la-cabrade.be/nl/product/erfgoed-riem-kunstleer-24-25-eskadron/,https://www.sellerie-lacabrade.be/be/store
https://la-cabrade.be/fr/produit/ceinture-hv-polo-camila-2/,https://www.sellerie-lacabrade.be/be/store
https://la-cabrade.be/nl/product/riem-hv-polo-camila-2-2/,https://www.sellerie-lacabrade.be/be/store
https://la-cabrade.be/fr/produit/ceinture-lupine-qhp-2/,https://www.sellerie-lacabrade.be/be/store
https://la-cabrade.be/nl/product/lupine-riem-qhp-2-2/,https://www.sellerie-lacabrade.be/be/store
https://la-cabrade.be/fr/produit/chaussettes-compressteq/,https://www.sellerie-lacabrade.be/be/products/chaussettes-argyle-e-l-t-odoo-23130
https://la-cabrade.be/nl/product/compressteq-sokken-2/,https://www.sellerie-lacabrade.be/be/store
https://la-cabrade.be/fr/produit/chaussettes-eevolv-imany-br/,https://www.sellerie-lacabrade.be/be/store
https://la-cabrade.be/nl/product/eevolv-imany-br-sokken/,https://www.sellerie-lacabrade.be/be/store
https://la-cabrade.be/fr/produit/chaussettes-ilara-br/,https://www.sellerie-lacabrade.be/be/products/chaussettes-argyle-e-l-t-odoo-23130
https://la-cabrade.be/nl/product/ilara-br-sokken/,https://www.sellerie-lacabrade.be/be/store
https://la-cabrade.be/fr/produit/chaussettes-kneesocks-classic-sports-ss25-eskadron/,https://www.sellerie-lacabrade.be/be/products/chaussettes-kneesocks-classic-sports-eskadron-odoo-23325
https://la-cabrade.be/nl/product/kniesokken-classic-sports-ss25-eskadron/,https://www.sellerie-lacabrade.be/be/products/cloches-softslate-classic-sports-ss25-eskadron-odoo-21904
https://la-cabrade.be/fr/produit/chaussettes-racing-stripe-academy-cavalleria-toscana/,https://www.sellerie-lacabrade.be/be/store
https://la-cabrade.be/nl/product/cavalleria-toscana-racing-stripe-academy-sokken/,https://www.sellerie-lacabrade.be/be/store
https://la-cabrade.be/fr/produit/chaussettes-unisex-coolmax-klpaxtyn/,https://www.sellerie-lacabrade.be/be/products/chaussettes-coolmax-kl-miko-kingsland-odoo-22745
https://la-cabrade.be/nl/product/coolmax-unisex-sokken-klpaxtyn/,https://www.sellerie-lacabrade.be/be/store
https://la-cabrade.be/fr/produit/chaussettes-unisex-rory-kl/,https://www.sellerie-lacabrade.be/be/store
https://la-cabrade.be/nl/product/rory-kl-unisex-sokken/,https://www.sellerie-lacabrade.be/be/store
https://la-cabrade.be/fr/produit/citro-gel-anti-mouches-500-ml-veredus/,https://www.sellerie-lacabrade.be/be/store
https://la-cabrade.be/nl/product/citro-anti-vliegen-gel-500-ml-veredus-2/,https://www.sellerie-lacabrade.be/be/store
https://la-cabrade.be/fr/produit/collier-anti-tiqueur-nylon/,https://www.sellerie-lacabrade.be/be/products/collier-anti-tiqueur-cuir-hfi-odoo-21985
https://la-cabrade.be/nl/product/nylon-halsband-tegen-teken-2/,https://www.sellerie-lacabrade.be/be/store
https://la-cabrade.be/fr/produit/chemise-de-competition-sangallo-cavalleria-tosana/,https://www.sellerie-lacabrade.be/be/store
https://la-cabrade.be/nl/product/sangallo-cavalleria-tosana-wedstrijdshirt-2/,https://www.sellerie-lacabrade.be/be/store
https://la-cabrade.be/fr/produit/chemise-half-zip-heritage-24-25-eskadron/,https://www.sellerie-lacabrade.be/be/store
https://la-cabrade.be/nl/product/heritage-24-25-eskadron-half-zip-shirt-2/,https://www.sellerie-lacabrade.be/be/store
https://la-cabrade.be/fr/produit/chestnut-sac-a-bottes-kentucky/,https://www.sellerie-lacabrade.be/be/products/sac-bottes-chestnut-kentucky-odoo-16239
https://la-cabrade.be/nl/product/kastanje-laarzentas-kentucky-2/,https://www.sellerie-lacabrade.be/be/store
https://la-cabrade.be/fr/produit/chronometre-optimum-time-s-r/,https://www.sellerie-lacabrade.be/be/store
https://la-cabrade.be/nl/product/chronometer-optimale-tijd-s-r/,https://www.sellerie-lacabrade.be/be/store
https://la-cabrade.be/fr/produit/cloches-2520d-norton/,https://www.sellerie-lacabrade.be/be/products/cloches-n-opr-ne-norton-odoo-20619
https://la-cabrade.be/nl/product/2520d-norton-klokken/,https://www.sellerie-lacabrade.be/be/store
https://la-cabrade.be/fr/produit/cloches-atb251003-anky/,https://www.sellerie-lacabrade.be/be/store
https://la-cabrade.be/nl/product/bellen-atb251003-anky-2/,https://www.sellerie-lacabrade.be/be/store
https://la-cabrade.be/fr/produit/cloches-clx-br/,https://www.sellerie-lacabrade.be/be/products/licol-clx-br-odoo-20570
https://la-cabrade.be/nl/product/klx-br-klokken/,https://www.sellerie-lacabrade.be/be/store
https://la-cabrade.be/fr/produit/cloches-softslate-faux-fur-platinum-s24-eskadron/,https://www.sellerie-lacabrade.be/be/products/cloches-faux-leather-platinum-s24-eskadron-odoo-20827
https://la-cabrade.be/nl/product/belletjes-softslate-imitatiebont-platinum-s24-eskadron-2/,https://www.sellerie-lacabrade.be/be/products/cloches-faux-leather-platinum-s24-eskadron-odoo-20827
https://la-cabrade.be/fr/produit/cloches-stingray-fauxfur-heritage-24-25-eskadron/,https://www.sellerie-lacabrade.be/be/products/cloches-softslate-heritage-25-26-eskadron-odoo-23049
https://la-cabrade.be/nl/product/bellen-rog-fauxfur-heritage-24-25-eskadron/,https://www.sellerie-lacabrade.be/be/store
https://la-cabrade.be/fr/produit/cloches-qhp-tecnical/,https://www.sellerie-lacabrade.be/be/store
https://la-cabrade.be/nl/product/bellen-qhp-tecnisch-2/,https://www.sellerie-lacabrade.be/be/store
https://la-cabrade.be/fr/produit/cloches-horze-toutes-disciplines/,https://www.sellerie-lacabrade.be/be/store
https://la-cabrade.be/nl/product/horze-klokken-alle-disciplines/,https://www.sellerie-lacabrade.be/be/store
https://la-cabrade.be/fr/produit/coffre-de-pansage-scooby-hippotonic/,https://www.sellerie-lacabrade.be/be/products/coffre-de-pansage-brosses-hippotonic-odoo-16289
https://la-cabrade.be/nl/product/scooby-hippotonic-verzorgingsbox/,https://www.sellerie-lacabrade.be/be/store
https://la-cabrade.be/fr/produit/cookie-crapau-halloween-candy-horse/,https://www.sellerie-lacabrade.be/be/store
https://la-cabrade.be/nl/product/koekje-pad-halloween-snoep-paard/,https://www.sellerie-lacabrade.be/be/store
https://la-cabrade.be/fr/produit/coque-de-telephone-double-orbit-cavalleria-toscana/,https://www.sellerie-lacabrade.be/be/products/t-shirt-coton-orbit-cavalleria-toscana-odoo-19548
https://la-cabrade.be/nl/product/cavalleria-toscana-dubbel-orbit-telefoonhoesje-2/,https://www.sellerie-lacabrade.be/be/products/t-shirt-coton-orbit-cavalleria-toscana-odoo-19548
https://la-cabrade.be/fr/produit/coton-gaze-anterieurs-foran/,https://www.sellerie-lacabrade.be/be/store
https://la-cabrade.be/nl/product/katoenen-gaas-voor/,https://www.sellerie-lacabrade.be/be/store
https://la-cabrade.be/fr/produit/couteau-a-oeufs-de-mouches-hippotonic/,https://www.sellerie-lacabrade.be/be/store
https://la-cabrade.be/nl/product/nijlpaarden-eiermes/,https://www.sellerie-lacabrade.be/be/store
https://la-cabrade.be/fr/produit/couteau-de-chaleur-hippotonic-inox-lame-lisse-dentelee/,https://www.sellerie-lacabrade.be/be/store
https://la-cabrade.be/nl/product/hippotonic-roestvrijstalen-hittemes-glad-gekarteld-lemmet/,https://www.sellerie-lacabrade.be/be/store
https://la-cabrade.be/fr/produit/collier-de-chien-kentucky-velvet-rose-tendre/,https://www.sellerie-lacabrade.be/be/store
https://la-cabrade.be/nl/product/kentucky-zacht-roze-fluwelen-hondenhalsband/,https://www.sellerie-lacabrade.be/be/store
https://la-cabrade.be/fr/produit/collier-de-chien-kentucky-velvet-vieux-rose/,https://www.sellerie-lacabrade.be/be/store
https://la-cabrade.be/nl/product/kentucky-fluwelen-oudroze-hondenhalsband-2/,https://www.sellerie-lacabrade.be/be/store
https://la-cabrade.be/fr/produit/cou-polar-kentucky/,https://www.sellerie-lacabrade.be/be/store
https://la-cabrade.be/nl/product/kentucky-poolhals/,https://www.sellerie-lacabrade.be/be/products/longe-8m-kentucky-odoo-22262
https://la-cabrade.be/fr/produit/coussin-pour-chien-teddyfleece-heritage-24-25-eskadron/,https://www.sellerie-lacabrade.be/be/store
https://la-cabrade.be/nl/product/teddyfleece-heritage-24-25-eskadron-hondenkussen-2/,https://www.sellerie-lacabrade.be/be/products/cloches-softslate-heritage-25-26-eskadron-odoo-23049
https://la-cabrade.be/fr/produit/couverture-chien-julestorm-velours-strass-animo/,https://www.sellerie-lacabrade.be/be/store
https://la-cabrade.be/nl/product/julestorm-fluwelen-strass-hondendeken-animo/,https://www.sellerie-lacabrade.be/be/store
https://la-cabrade.be/fr/produit/couverture-exterieur-arika-storm-tek-100gr/,https://www.sellerie-lacabrade.be/be/store
https://la-cabrade.be/nl/product/arika-storm-tek-100gr-outdoor-deken-2/,https://www.sellerie-lacabrade.be/be/store
https://la-cabrade.be/fr/produit/couverture-exterieur-arika-storm-tek-200gr/,https://www.sellerie-lacabrade.be/be/store
https://la-cabrade.be/nl/product/arika-storm-tek-200gr-outdoor-deken-2/,https://www.sellerie-lacabrade.be/be/store
https://la-cabrade.be/fr/produit/couverture-imper-0g-premiere/,https://www.sellerie-lacabrade.be/be/products/couverture-curie-coton-premiere-odoo-16560
https://la-cabrade.be/nl/product/imper-0g-premiere-hoes-2/,https://www.sellerie-lacabrade.be/be/store
https://la-cabrade.be/fr/produit/couvre-reins-carre-160g-kentucky/,https://www.sellerie-lacabrade.be/be/store
https://la-cabrade.be/nl/product/vierkant-nierdeksel-160g-kentucky-2/,https://www.sellerie-lacabrade.be/be/store
https://la-cabrade.be/fr/produit/couvre-reins-carre-all-weather-160g-kentucky/,https://www.sellerie-lacabrade.be/be/store
https://la-cabrade.be/nl/product/all-weather-160g-kentucky-vierkante-nierafdekking-2/,https://www.sellerie-lacabrade.be/be/store
https://la-cabrade.be/fr/produit/couvre-reins-reflective-kentucky/,https://www.sellerie-lacabrade.be/be/products/couvre-reins-newmarket-horseware-odoo-21995
https://la-cabrade.be/nl/product/reflecterende-kentucky-nier-hoes/,https://www.sellerie-lacabrade.be/be/store
https://la-cabrade.be/fr/produit/tondeuse-premiere-buzzard-zirconia-ni-mh/,https://www.sellerie-lacabrade.be/be/products/15258-tondeuse-buzzard-zirconia-ni-mh-premiere-odoo-14016
https://la-cabrade.be/nl/product/premiere-buzzard-zirconia-ni-mh-maaier/,https://www.sellerie-lacabrade.be/be/products/15258-tondeuse-buzzard-zirconia-ni-mh-premiere-odoo-14016
https://la-cabrade.be/fr/produit/jouet-christmas-qhp/,https://www.sellerie-lacabrade.be/be/products/jouet-pour-chevaux-qhp-odoo-17824
https://la-cabrade.be/nl/product/kerst-speelgoed-qhp-2/,https://www.sellerie-lacabrade.be/be/store
https://la-cabrade.be/fr/produit/etrille-metallique-ronde-hippotonic-poignee-soft/,https://www.sellerie-lacabrade.be/be/store
https://la-cabrade.be/nl/product/hippotone-ronde-metalen-etrille-met-zacht-handvat/,https://www.sellerie-lacabrade.be/be/store
https://la-cabrade.be/fr/produit/housse-pour-etriers-en-polar-feeling/,https://www.sellerie-lacabrade.be/be/store
https://la-cabrade.be/nl/product/housse-pour-etriers-en-polar-feeling/,https://www.sellerie-lacabrade.be/be/store
https://la-cabrade.be/fr/produit/set-guetres-ekiss/,https://www.sellerie-lacabrade.be/be/store
https://la-cabrade.be/nl/product/ekiss-horlogeset/,https://www.sellerie-lacabrade.be/be/store
https://la-cabrade.be/fr/produit/shampoing-pour-chevaux-irhequine-empire-imperial-riding/,https://www.sellerie-lacabrade.be/be/products/shampoing-pour-chevaux-irhequine-empire-imperial-riding-odoo-21513
https://la-cabrade.be/nl/product/irhequine-empire-imperial-rijpaard-shampoo/,https://www.sellerie-lacabrade.be/be/store
https://la-cabrade.be/fr/produit/housse-de-selle-universelle-br/,https://www.sellerie-lacabrade.be/be/store
https://la-cabrade.be/nl/product/universele-zadelhoes-br/,https://www.sellerie-lacabrade.be/be/store
https://la-cabrade.be/fr/produit/laniere-dattache-nylon-mousqueton-et-anneau-long-kentucky/,https://www.sellerie-lacabrade.be/be/store
https://la-cabrade.be/nl/product/laniere-dattache-nylon-mousqueton-et-anneau-long-kentucky/,https://www.sellerie-lacabrade.be/be/store
https://la-cabrade.be/fr/produit/proteges-boulet-air-kentucky/,https://www.sellerie-lacabrade.be/be/store
https://la-cabrade.be/nl/product/proteges-boulet-air-kentucky/,https://www.sellerie-lacabrade.be/be/store
https://la-cabrade.be/fr/produit/skin-care-creme-cicatrisante-bleu-roy/,https://www.sellerie-lacabrade.be/be/products/40778-skin-care-cr-me-cicatrisante-bleu-roy-odoo-11602
https://la-cabrade.be/nl/product/huidverzorging-helende-creme-koningsblauw/,https://www.sellerie-lacabrade.be/be/store
https://la-cabrade.be/fr/produit/sticker-armet-unis-flex-on-2/,https://www.sellerie-lacabrade.be/be/store
https://la-cabrade.be/nl/product/sticker-armet-unis-flex-on-2/,https://www.sellerie-lacabrade.be/be/store
https://la-cabrade.be/fr/produit/brosse-a-crins-ergonomique-borstiq/,https://www.sellerie-lacabrade.be/be/products/56590-brosse-crins-hippotonic-odoo-19644
https://la-cabrade.be/nl/product/borstiq-ergonomische-paardenhaarborstel/,https://www.sellerie-lacabrade.be/be/store
https://la-cabrade.be/fr/produit/horse-bib-protection-poitrail-mouton-kentucky/,https://www.sellerie-lacabrade.be/be/store
https://la-cabrade.be/nl/product/paarden-slab-borstbescherming-schapenvacht-kentucky-2/,https://www.sellerie-lacabrade.be/be/store
https://la-cabrade.be/fr/produit/veste-impermeable-pikeur-sports/,https://www.sellerie-lacabrade.be/be/products/veste-gilet-hybrid-pikeur-sports-odoo-21922
https://la-cabrade.be/nl/product/pikeur-sport-waterdicht-jack-2/,https://www.sellerie-lacabrade.be/be/store
https://la-cabrade.be/fr/produit/growth-spray-horse-of-the-world/,https://www.sellerie-lacabrade.be/be/store
https://la-cabrade.be/nl/product/groeispray-paard-van-de-wereld-2/,https://www.sellerie-lacabrade.be/be/store
https://la-cabrade.be/fr/produit/jouet-relaxant-pour-chevaux-modele-tobi-kentucky/,https://www.sellerie-lacabrade.be/be/store
https://la-cabrade.be/nl/product/ontspannend-speelgoed-voor-paarden-model-tobi-kentucky/,https://www.sellerie-lacabrade.be/be/store
https://la-cabrade.be/fr/produit/guetres-de-transport-premiere-all-year/,https://www.sellerie-lacabrade.be/be/products/couverture-polaire-xs-all-year-premiere-odoo-16617
https://la-cabrade.be/nl/product/premiere-transport-horloges-voor-het-hele-jaar/,https://www.sellerie-lacabrade.be/be/store
https://la-cabrade.be/fr/produit/licol-double-pin-faux-fur-platinum-25-eskadron/,https://www.sellerie-lacabrade.be/be/products/licol-faux-leather-double-pin-heritage-25-26-eskadron-odoo-23043
https://la-cabrade.be/nl/product/licol-double-pin-faux-fur-platinum-25-eskadron/,https://www.sellerie-lacabrade.be/be/products/licol-faux-leather-double-pin-heritage-25-26-eskadron-odoo-23043
https://la-cabrade.be/fr/produit/manteau-chien-kentucky-52144-waterproof-300g/,https://www.sellerie-lacabrade.be/be/store
https://la-cabrade.be/nl/product/kentucky-hondenjas-52144-waterproof-300g/,https://www.sellerie-lacabrade.be/be/store
https://la-cabrade.be/fr/produit/sac-a-bottes-bombe-br/,https://www.sellerie-lacabrade.be/be/products/sac-bombe-qhp-odoo-19910
https://la-cabrade.be/nl/product/bombe-br-laarzentas/,https://www.sellerie-lacabrade.be/be/store
https://la-cabrade.be/fr/produit/embauchoirs-norton/,https://www.sellerie-lacabrade.be/be/store
https://la-cabrade.be/nl/product/norton-schoenspanners/,https://www.sellerie-lacabrade.be/be/store
https://la-cabrade.be/fr/produit/helite-airnest-airvest-adulte/,https://www.sellerie-lacabrade.be/be/products/airbag-zip-in-2-adulte-helite-odoo-14757
https://la-cabrade.be/nl/product/helite-airnest-airvest-volwassene-2/,https://www.sellerie-lacabrade.be/be/store
https://la-cabrade.be/fr/produit/cravache-whip-go-concours/,https://www.sellerie-lacabrade.be/be/products/cravache-dressage-argent-whip-go-odoo-13718
https://la-cabrade.be/nl/product/zweep-go-wedstrijd/,https://www.sellerie-lacabrade.be/be/store
https://la-cabrade.be/fr/produit/guetres-country-br/,https://www.sellerie-lacabrade.be/be/store
https://la-cabrade.be/nl/product/land-br-2/,https://www.sellerie-lacabrade.be/be/store
https://la-cabrade.be/fr/produit/renes-allemandes-cuir-hunter-grip-working-by-dyon/,https://www.sellerie-lacabrade.be/be/products/r-nes-allemandes-cuir-hunter-grip-working-by-dyon-odoo-16464
https://la-cabrade.be/nl/product/hunter-grip-leren-teugels-werkend-door-dyon/,https://www.sellerie-lacabrade.be/be/store
https://la-cabrade.be/fr/produit/cure-pieds-brosse-kelcie/,https://www.sellerie-lacabrade.be/be/products/cure-pieds-brosse-m-tallique-3-en-1-hippotonic-odoo-20248
https://la-cabrade.be/nl/product/kelcie-borstel-voetkuur-2/,https://www.sellerie-lacabrade.be/be/store
https://la-cabrade.be/fr/produit/horse-bib-winter-kentucky/,https://www.sellerie-lacabrade.be/be/store
https://la-cabrade.be/nl/product/paarden-slabbetje-winter-kentucky/,https://www.sellerie-lacabrade.be/be/store
https://la-cabrade.be/fr/produit/housse-de-selle-jumping-kentucky-2/,https://www.sellerie-lacabrade.be/be/products/tapis-de-selle-velvet-kentucky-odoo-15199
https://la-cabrade.be/nl/product/springen-kentucky-2-zadelhoes/,https://www.sellerie-lacabrade.be/be/store
https://la-cabrade.be/fr/produit/carbon-gel-vento-rear-veredus/,https://www.sellerie-lacabrade.be/be/products/carbon-gel-absolute-rear-veredus-odoo-16932
https://la-cabrade.be/nl/product/carbon-gel-vento-achter-veredus-2/,https://www.sellerie-lacabrade.be/be/products/carbon-gel-vento-front-veredus-odoo-15381
https://la-cabrade.be/fr/produit/pantalon-animo-meos-homme/,https://www.sellerie-lacabrade.be/be/products/polo-amalfi-homme-animo-odoo-18944
https://la-cabrade.be/nl/product/heren-animo-meos-broek/,https://www.sellerie-lacabrade.be/be/store
https://la-cabrade.be/fr/produit/super-itch-creme-vital-herbs-s-r/,https://www.sellerie-lacabrade.be/be/products/14380-super-itch-cr-me-vital-herbs-s-r-odoo-13688
https://la-cabrade.be/nl/product/super-jeuk-creme-vitale-kruiden-s-r/,https://www.sellerie-lacabrade.be/be/store
https://la-cabrade.be/fr/produit/young-jump-vento-save-the-sheep-veredus/,https://www.sellerie-lacabrade.be/be/products/young-jump-vento-veredus-odoo-14100
https://la-cabrade.be/nl/product/jonge-sprong-vento-red-het-schaap-veredus/,https://www.sellerie-lacabrade.be/be/store
https://la-cabrade.be/fr/produit/vital-immune-vital-herbs-s-r/,https://www.sellerie-lacabrade.be/be/products/17240-vital-immune-vital-herbs-s-r-odoo-13933
https://la-cabrade.be/nl/product/vitaal-immuunsysteem-vitale-kruiden-s-r-2/,https://www.sellerie-lacabrade.be/be/store
https://la-cabrade.be/fr/produit/pro-jump-velcro-veredus/,https://www.sellerie-lacabrade.be/be/products/pro-jump-x-pro-veredus-odoo-20136
https://la-cabrade.be/nl/product/pro-jump-klittenband-veredus/,https://www.sellerie-lacabrade.be/be/products/pro-jump-x-pro-veredus-odoo-20136
https://la-cabrade.be/fr/produit/polo-ribbed-pou096-cavalleria-toscana/,https://www.sellerie-lacabrade.be/be/products/polo-laser-perforated-cad160-cavalleria-toscana-odoo-15337
https://la-cabrade.be/nl/product/polo-geribd-pou096-cavalleria-toscana/,https://www.sellerie-lacabrade.be/be/products/polo-laser-perforated-cad160-cavalleria-toscana-odoo-15337
https://la-cabrade.be/fr/produit/polo-de-concours-beves-s-s-dame-animo/,https://www.sellerie-lacabrade.be/be/store
https://la-cabrade.be/nl/product/wedstrijd-polo-beves-s-s-dame-animo/,https://www.sellerie-lacabrade.be/be/store
https://la-cabrade.be/fr/produit/pro-jump-elastic-veredus/,https://www.sellerie-lacabrade.be/be/products/pro-jump-x-pro-veredus-odoo-20136
https://la-cabrade.be/nl/product/pro-spring-elastiek-veredus/,https://www.sellerie-lacabrade.be/be/products/pro-jump-x-pro-veredus-odoo-20136
https://la-cabrade.be/fr/produit/couverture-decurie-200g-kentucky-2/,https://www.sellerie-lacabrade.be/be/store
https://la-cabrade.be/nl/product/decurie-deken-200g-kentucky-2-2/,https://www.sellerie-lacabrade.be/be/store
https://la-cabrade.be/fr/produit/couverture-decurie-classic-200g-kentucky/,https://www.sellerie-lacabrade.be/be/store
https://la-cabrade.be/nl/product/decurie-klassieke-deken-200g-kentucky/,https://www.sellerie-lacabrade.be/be/store
https://la-cabrade.be/fr/produit/pantalon-grip-genou-homme-marceau-matt-samshield/,https://www.sellerie-lacabrade.be/be/store
https://la-cabrade.be/nl/product/heren-kniebroek-marceau-mat-samshield/,https://www.sellerie-lacabrade.be/be/store
https://la-cabrade.be/fr/produit/polo-de-concours-jersey-mesh-s-s-button-up-ct-dame/,https://www.sellerie-lacabrade.be/be/store
https://la-cabrade.be/nl/product/poloshirt-jersey-mesh-s-s-button-up-ct-dame-2/,https://www.sellerie-lacabrade.be/be/store
https://la-cabrade.be/fr/produit/polo-de-concours-nina-ml-ego7/,https://www.sellerie-lacabrade.be/be/products/polo-de-concours-flo-lc-equestrian-odoo-22544
https://la-cabrade.be/nl/product/nina-ml-ego7-wedstrijdpolo/,https://www.sellerie-lacabrade.be/be/store
https://la-cabrade.be/fr/produit/veste-de-concours-emmeline-hv-polo/,https://www.sellerie-lacabrade.be/be/products/polo-de-concours-flo-lc-equestrian-odoo-22544
https://la-cabrade.be/nl/product/emmeline-hv-polo-wedstrijdjas/,https://www.sellerie-lacabrade.be/be/store
https://la-cabrade.be/fr/produit/couverture-ecurie-400gr-kentucky/,https://www.sellerie-lacabrade.be/be/store
https://la-cabrade.be/nl/product/staldeken-400gr-kentucky/,https://www.sellerie-lacabrade.be/be/store
https://la-cabrade.be/fr/produit/polo-de-competition-manches-crtes-basilea-animo/,https://www.sellerie-lacabrade.be/be/store
https://la-cabrade.be/nl/product/basilea-animo-polo-met-ronde-mouwen/,https://www.sellerie-lacabrade.be/be/store
https://la-cabrade.be/fr/produit/polo-concours-manches-crtes-homme-amburgo/,https://www.sellerie-lacabrade.be/be/store
https://la-cabrade.be/nl/product/amburgo-heren-racerback-polo-2/,https://www.sellerie-lacabrade.be/be/store
https://la-cabrade.be/fr/produit/polo-de-concours-perforated-jersey-dame-cavalleria-toscana/,https://www.sellerie-lacabrade.be/be/products/veste-de-concours-lightweight-jersey-zip-dame-cavalleria-toscana-odoo-15653
https://la-cabrade.be/nl/product/cavalleria-toscana-dames-geperforeerd-jersey-poloshirt/,https://www.sellerie-lacabrade.be/be/store
https://la-cabrade.be/fr/produit/polo-dentrainement-calvin-homme-s24-samshield/,https://www.sellerie-lacabrade.be/be/store
https://la-cabrade.be/nl/product/calvin-heren-trainingspolo-s24-samshield/,https://www.sellerie-lacabrade.be/be/store
https://la-cabrade.be/fr/produit/pull-sweat-a-col-rond-belinda-dame-s24-samshield/,https://www.sellerie-lacabrade.be/be/store
https://la-cabrade.be/nl/product/belinda-dames-sweatshirt-ronde-hals-s24-samshield-2/,https://www.sellerie-lacabrade.be/be/store
https://la-cabrade.be/fr/produit/veste-de-concours-platinum-anky/,https://www.sellerie-lacabrade.be/be/store
https://la-cabrade.be/nl/product/platina-anky-wedstrijdjas-2/,https://www.sellerie-lacabrade.be/be/store
https://la-cabrade.be/fr/produit/pantalon-de-concours-chiara-b-vertigo/,https://www.sellerie-lacabrade.be/be/products/pantalon-de-concours-am-lc-equestrian-odoo-22781
https://la-cabrade.be/nl/product/chiara-b-vertigo-wedstrijdbroek/,https://www.sellerie-lacabrade.be/be/store
https://la-cabrade.be/fr/produit/polo-de-concours-liv-b-vertigo/,https://www.sellerie-lacabrade.be/be/products/polo-de-concours-flo-lc-equestrian-odoo-22544
https://la-cabrade.be/nl/product/liv-b-vertigo-wedstrijdpolo-2/,https://www.sellerie-lacabrade.be/be/store
https://la-cabrade.be/fr/produit/veste-de-concours-lazula-ss25-animo/,https://www.sellerie-lacabrade.be/be/store
https://la-cabrade.be/nl/product/lazula-ss25-animo-wedstrijdjas/,https://www.sellerie-lacabrade.be/be/store
https://la-cabrade.be/fr/produit/veste-de-concours-jismy-harcour/,https://www.sellerie-lacabrade.be/be/products/veste-boreal-harcour-odoo-23220
https://la-cabrade.be/nl/product/veste-de-concours-jismy-harcour/,https://www.sellerie-lacabrade.be/be/products/veste-boreal-harcour-odoo-23220
https://la-cabrade.be/fr/produit/pantalon-de-concours-full-grip-core-platinum-25-eskadron/,https://www.sellerie-lacabrade.be/be/store
https://la-cabrade.be/nl/product/pantalon-de-concours-full-grip-core-platinum-25-eskadron/,https://www.sellerie-lacabrade.be/be/store
https://la-cabrade.be/fr/produit/huile-de-pied-de-boeuf-500ml-sapo/,https://www.sellerie-lacabrade.be/be/products/67688-huile-de-pied-de-b-uf-500ml-sapo-odoo-21984
https://la-cabrade.be/nl/product/sapo-runderpootolie-500ml-2/,https://www.sellerie-lacabrade.be/be/store
https://la-cabrade.be/fr/produit/guetres-de-repos-anterieurs-br/,https://www.sellerie-lacabrade.be/be/store
https://la-cabrade.be/nl/product/voorsteunkooien-br-2/,https://www.sellerie-lacabrade.be/be/store
https://la-cabrade.be/fr/produit/licol-longe-equitheme-tresse/,https://www.sellerie-lacabrade.be/be/store
https://la-cabrade.be/nl/product/gevlochten-halster/,https://www.sellerie-lacabrade.be/be/store
https://la-cabrade.be/fr/produit/sous-couverture-de-box-200g-glasglow-horze/,https://www.sellerie-lacabrade.be/be/store
https://la-cabrade.be/nl/product/doos-deksel-200g-glasglow-horze/,https://www.sellerie-lacabrade.be/be/store
https://la-cabrade.be/fr/produit/sos-sabot-125ml-ungula-naturalis/,https://www.sellerie-lacabrade.be/be/products/13919-sos-sabot-125ml-ungula-naturalis-odoo-12625
https://la-cabrade.be/nl/product/sos-hoef-125ml-ungula-naturalis/,https://www.sellerie-lacabrade.be/be/products/13919-sos-sabot-125ml-ungula-naturalis-odoo-12625
https://la-cabrade.be/fr/produit/huile-pour-cuir-amande-grooming-deluxe/,https://www.sellerie-lacabrade.be/be/store
https://la-cabrade.be/nl/product/huile-pour-cuir-amande-grooming-deluxe/,https://www.sellerie-lacabrade.be/be/store
https://la-cabrade.be/fr/produit/sarx-creme-vital-herbs/,https://www.sellerie-lacabrade.be/be/products/ail-semoulette-vital-herbs-s-r-odoo-13719
https://la-cabrade.be/nl/product/sarx-vitale-kruiden-creme-2/,https://www.sellerie-lacabrade.be/be/store
https://la-cabrade.be/fr/produit/seau-18l-one/,https://www.sellerie-lacabrade.be/be/products/34427-seau-18l-one-odoo-11411
https://la-cabrade.be/nl/product/18l-een-emmer/,https://www.sellerie-lacabrade.be/be/store
https://la-cabrade.be/fr/produit/refuel-seringue-foran-s-r/,https://www.sellerie-lacabrade.be/be/store
https://la-cabrade.be/nl/product/tankspuit-voor-een-s-r/,https://www.sellerie-lacabrade.be/be/store
https://la-cabrade.be/fr/produit/housse-de-selle-universelle-br-2/,https://www.sellerie-lacabrade.be/be/store
https://la-cabrade.be/nl/product/universele-zadelhoes-br-2/,https://www.sellerie-lacabrade.be/be/store
https://la-cabrade.be/fr/produit/bonnet-tricote-joleen-dame-horze/,https://www.sellerie-lacabrade.be/be/store
https://la-cabrade.be/nl/product/gebreide-muts-joleen-dame-horze/,https://www.sellerie-lacabrade.be/be/store
https://la-cabrade.be/fr/produit/maximus-fun-play-ball/,https://www.sellerie-lacabrade.be/be/store
https://la-cabrade.be/nl/product/maximus-fun-play-ball/,https://www.sellerie-lacabrade.be/be/store
https://la-cabrade.be/fr/produit/veste-a-capuche-softshell-academy-cavalleria-toscana-homme/,https://www.sellerie-lacabrade.be/be/store
https://la-cabrade.be/nl/product/academy-cavalleria-toscana-heren-softshell-jas-met-capuchon/,https://www.sellerie-lacabrade.be/be/store
https://la-cabrade.be/fr/produit/pantalon-taille-haute-full-grip-micah-qhp/,https://www.sellerie-lacabrade.be/be/products/pantalon-taille-haute-full-grip-cavalleria-toscana-odoo-17151
https://la-cabrade.be/nl/product/pantalon-taille-haute-full-grip-micah-qhp/,https://www.sellerie-lacabrade.be/be/products/pantalon-taille-haute-full-grip-cavalleria-toscana-odoo-17151
https://la-cabrade.be/fr/produit/tabouret-marchepied-hippotonic/,https://www.sellerie-lacabrade.be/be/store
https://la-cabrade.be/nl/product/hippotone-opstapkruk/,https://www.sellerie-lacabrade.be/be/store
https://la-cabrade.be/fr/produit/legging-full-grip-taille-haute-seamless-janine-horze/,https://www.sellerie-lacabrade.be/be/products/pantalon-taille-haute-full-grip-cavalleria-toscana-odoo-17151
https://la-cabrade.be/nl/product/full-grip-hoge-taille-naadloze-legging-janine-horze-2/,https://www.sellerie-lacabrade.be/be/store
https://la-cabrade.be/fr/produit/t-shirt-lges-manches-gillian-kingsland/,https://www.sellerie-lacabrade.be/be/store
https://la-cabrade.be/nl/product/t-shirt-lges-mouwen-gillian-kingsland/,https://www.sellerie-lacabrade.be/be/store
https://la-cabrade.be/fr/produit/jouet-slowfeeder-fun-flex-carotte-holland-animal-care/,https://www.sellerie-lacabrade.be/be/products/jouet-slowfeeder-fun-flex-carotte-holland-animal-care-odoo-19198
https://la-cabrade.be/nl/product/slowfeeder-fun-flex-wortel-speelgoed-holland-dierverzorging-2/,https://www.sellerie-lacabrade.be/be/products/jouet-slowfeeder-fun-flex-carotte-holland-animal-care-odoo-19198
https://la-cabrade.be/fr/produit/relaxmag-magnesium-1kg-vital-herbs/,https://www.sellerie-lacabrade.be/be/products/23080-friandises-1kg-vital-herbs-odoo-15875
https://la-cabrade.be/nl/product/relaxmag-magnesium-1kg-vital-herbs/,https://www.sellerie-lacabrade.be/be/products/23080-friandises-1kg-vital-herbs-odoo-15875
https://la-cabrade.be/fr/produit/brosse-cactus-borstiq-infini/,https://www.sellerie-lacabrade.be/be/store
https://la-cabrade.be/nl/product/cactusborstel-borstiq-infini-2/,https://www.sellerie-lacabrade.be/be/store
https://la-cabrade.be/fr/produit/top-interchangeable-sasha-glitter-qhp/,https://www.sellerie-lacabrade.be/be/products/34782-top-interchangeable-sasha-glitter-qhp-odoo-18548
https://la-cabrade.be/nl/product/verwisselbare-top-sasha-glitter-qhp/,https://www.sellerie-lacabrade.be/be/products/34782-top-interchangeable-sasha-glitter-qhp-odoo-18548
https://la-cabrade.be/fr/produit/suspensoir-etalon/,https://www.sellerie-lacabrade.be/be/store
https://la-cabrade.be/nl/product/etalon-hanger/,https://www.sellerie-lacabrade.be/be/store
https://la-cabrade.be/fr/produit/t-shirt-manches-courtes-clx-br/,https://www.sellerie-lacabrade.be/be/products/t-shirt-d-entrainement-manches-courtes-pia-lc-equestrian-odoo-23145
https://la-cabrade.be/nl/product/clx-br-t-shirt-met-korte-mouwen-2/,https://www.sellerie-lacabrade.be/be/store
https://la-cabrade.be/fr/produit/hobby-horse-br/,https://www.sellerie-lacabrade.be/be/products/hobby-horse-qhp-odoo-22425
https://la-cabrade.be/nl/product/hobby-horse-br/,https://www.sellerie-lacabrade.be/be/products/hobby-horse-qhp-odoo-22425
https://la-cabrade.be/fr/produit/licol-teddy-kentucky/,https://www.sellerie-lacabrade.be/be/products/licol-velvet-kentucky-odoo-16841
https://la-cabrade.be/nl/product/kentucky-teddy-halster/,https://www.sellerie-lacabrade.be/be/store
https://la-cabrade.be/fr/produit/honey-c-foran-s-r/,https://www.sellerie-lacabrade.be/be/store
https://la-cabrade.be/nl/product/honing-c-vooran-s-r-2/,https://www.sellerie-lacabrade.be/be/store
https://la-cabrade.be/fr/produit/mors-saumur-603100-feeling-a-pompe-inox-satin-2/,https://www.sellerie-lacabrade.be/be/products/mors-aiguilles-inox-satin-double-brisure-feeling-odoo-17120
https://la-cabrade.be/nl/product/bekken-saumur-603100-pompgevoel-gesatineerd-roestvrij-staal-2/,https://www.sellerie-lacabrade.be/be/store
https://la-cabrade.be/fr/produit/collier-chien-kentucky-nylon-tresse/,https://www.sellerie-lacabrade.be/be/store
https://la-cabrade.be/nl/product/kentucky-nylon-gevlochten-hondenhalsband/,https://www.sellerie-lacabrade.be/be/store
https://la-cabrade.be/fr/produit/licol-cuir-doublure-amovible-premiere/,https://www.sellerie-lacabrade.be/be/store
https://la-cabrade.be/nl/product/licol-cuir-doublure-amovible-premiere/,https://www.sellerie-lacabrade.be/be/store
https://la-cabrade.be/fr/produit/frontal-sondrio-horze/,https://www.sellerie-lacabrade.be/be/store
https://la-cabrade.be/nl/product/frontaal-sondrio-horze-2/,https://www.sellerie-lacabrade.be/be/store
https://la-cabrade.be/fr/produit/sangle-bavette-en-cuir-dash-lc-equestrian/,https://www.sellerie-lacabrade.be/be/products/sangle-bavette-en-cuir-dash-lc-equestrian-odoo-22515
https://la-cabrade.be/nl/product/sangle-bavette-en-cuir-dash-lc-equestrian/,https://www.sellerie-lacabrade.be/be/products/sangle-bavette-en-cuir-dash-lc-equestrian-odoo-22515
https://la-cabrade.be/fr/produit/eponge-equi-super-shiner-qhp/,https://www.sellerie-lacabrade.be/be/store
https://la-cabrade.be/nl/product/equi-super-shiner-qhp-spons/,https://www.sellerie-lacabrade.be/be/store
https://la-cabrade.be/fr/produit/guetres-de-travail-anky-proficient-atb21002/,https://www.sellerie-lacabrade.be/be/store
https://la-cabrade.be/nl/product/anky-vakkundig-werk-horloges-atb21002/,https://www.sellerie-lacabrade.be/be/store
https://la-cabrade.be/fr/produit/pantalon-cavalleria-toscana-new-grip-system-7j00/,https://www.sellerie-lacabrade.be/be/products/pantalon-jersey-grip-academy-dame-cavalleria-toscana-odoo-18301
https://la-cabrade.be/nl/product/cavalleria-toscana-nieuw-gripsysteem-7j00-broek/,https://www.sellerie-lacabrade.be/be/store
https://la-cabrade.be/fr/produit/veste-chauffante-kl-valero-dame-kinglsand/,https://www.sellerie-lacabrade.be/be/store
https://la-cabrade.be/nl/product/kl-valero-lady-kinglsand-verwarmd-jack/,https://www.sellerie-lacabrade.be/be/store
https://la-cabrade.be/fr/produit/sticker-armet-unis-flex-on/,https://www.sellerie-lacabrade.be/be/store
https://la-cabrade.be/nl/product/sticker-armet-unis-flex-op-2/,https://www.sellerie-lacabrade.be/be/store
https://la-cabrade.be/fr/produit/veste-teddy-tommy-lc-equestrian/,https://www.sellerie-lacabrade.be/be/products/veste-teddy-tommy-lc-equestrian-odoo-22549
https://la-cabrade.be/nl/product/veste-teddy-tommy-lc-equestrian/,https://www.sellerie-lacabrade.be/be/products/veste-teddy-tommy-lc-equestrian-odoo-22549
https://la-cabrade.be/fr/produit/shampoing-gloss-amande-grooming-deluxe/,https://www.sellerie-lacabrade.be/be/store
https://la-cabrade.be/nl/product/shampoing-gloss-amande-grooming-deluxe/,https://www.sellerie-lacabrade.be/be/store
https://la-cabrade.be/fr/produit/support-crochet-de-nettoyage-amovible-hippotonic/,https://www.sellerie-lacabrade.be/be/store
https://la-cabrade.be/nl/product/support-crochet-de-nettoyage-amovible-hippotonic/,https://www.sellerie-lacabrade.be/be/store
https://la-cabrade.be/fr/produit/horse-bib-summer/,https://www.sellerie-lacabrade.be/be/store
https://la-cabrade.be/nl/product/paarden-slabbetje-zomer/,https://www.sellerie-lacabrade.be/be/store
https://la-cabrade.be/fr/produit/couvre-casque-elfe-de-noel-qhp/,https://www.sellerie-lacabrade.be/be/store
https://la-cabrade.be/nl/product/kerst-elf-helmhoes-qhp/,https://www.sellerie-lacabrade.be/be/store
https://la-cabrade.be/fr/produit/coffre-de-pansage-bicolor-hippotonic/,https://www.sellerie-lacabrade.be/be/products/coffre-de-pansage-brosses-hippotonic-odoo-16289
https://la-cabrade.be/nl/product/coffre-de-pansage-bicolor-hippotonic/,https://www.sellerie-lacabrade.be/be/products/coffre-de-pansage-brosses-hippotonic-odoo-16289
https://la-cabrade.be/fr/produit/gants-solar-mesh-qhp/,https://www.sellerie-lacabrade.be/be/store
https://la-cabrade.be/nl/product/mesh-handschoenen-voor-zonne-energie-qhp/,https://www.sellerie-lacabrade.be/be/store
https://la-cabrade.be/fr/produit/filet-golden-wings-double-brisure-stubben/,https://www.sellerie-lacabrade.be/be/products/baby-pelham-double-brisure-stubben-odoo-16027
https://la-cabrade.be/nl/product/stubben-double-crimp-golden-wings-net/,https://www.sellerie-lacabrade.be/be/store
https://la-cabrade.be/fr/produit/veste-de-pluie-pikeur-selection/,https://www.sellerie-lacabrade.be/be/products/veste-de-pluie-pikeur-selection-odoo-21925
https://la-cabrade.be/nl/product/pikeur-selectie-regenjack-2/,https://www.sellerie-lacabrade.be/be/store
https://la-cabrade.be/fr/produit/t-shirt-dentrainement-enfants-leora-lc-equestrian/,https://www.sellerie-lacabrade.be/be/products/t-shirt-d-entrainement-enfants-leora-lc-equestrian-odoo-22990
https://la-cabrade.be/nl/product/t-shirt-dentrainement-enfants-leora-lc-equestrian/,https://www.sellerie-lacabrade.be/be/products/t-shirt-d-entrainement-enfants-leora-lc-equestrian-odoo-22990
https://la-cabrade.be/fr/produit/pro-wrap-protege-paturon-veredus/,https://www.sellerie-lacabrade.be/be/store
https://la-cabrade.be/nl/product/pro-wrap-kruisbeschermer-veredus/,https://www.sellerie-lacabrade.be/be/products/pro-jump-x-pro-veredus-odoo-20136
https://la-cabrade.be/fr/produit/sweat-zippe-zow-homme-ego7/,https://www.sellerie-lacabrade.be/be/store
https://la-cabrade.be/nl/product/sweat-zippe-zow-homme-ego7/,https://www.sellerie-lacabrade.be/be/store
https://la-cabrade.be/fr/produit/take-it-easy-forte-cavalor-seringue-s-r/,https://www.sellerie-lacabrade.be/be/store
https://la-cabrade.be/nl/product/take-it-easy-forte-cavalor-spuit-s-r/,https://www.sellerie-lacabrade.be/be/store
https://la-cabrade.be/fr/produit/gants-avelie-qhp/,https://www.sellerie-lacabrade.be/be/store
https://la-cabrade.be/nl/product/gants-avelie-qhp/,https://www.sellerie-lacabrade.be/be/store
https://la-cabrade.be/fr/produit/tapis-de-selle-velvet-soft-rose-kentucky/,https://www.sellerie-lacabrade.be/be/products/70507-tapis-de-selle-velvet-soft-rose-kentucky-odoo-22571
https://la-cabrade.be/nl/product/tapis-de-selle-velvet-soft-rose-kentucky/,https://www.sellerie-lacabrade.be/be/products/70507-tapis-de-selle-velvet-soft-rose-kentucky-odoo-22571
https://la-cabrade.be/fr/produit/coffret-cadeau-xanthus/,https://www.sellerie-lacabrade.be/be/store
https://la-cabrade.be/nl/product/xanthus-geschenkdoos/,https://www.sellerie-lacabrade.be/be/store
https://la-cabrade.be/fr/produit/longe-de-presentation-cuir-hfi-avec-chaine/,https://www.sellerie-lacabrade.be/be/store
https://la-cabrade.be/nl/product/hfi-leren-presentatiekoord-met-ketting/,https://www.sellerie-lacabrade.be/be/store
https://la-cabrade.be/fr/produit/etrivieres-qhp/,https://www.sellerie-lacabrade.be/be/products/ponge-xl-qhp-odoo-21413
https://la-cabrade.be/nl/product/etrivieres-qhp-2/,https://www.sellerie-lacabrade.be/be/products/ponge-xl-qhp-odoo-21413
https://la-cabrade.be/fr/produit/casque-omega-glamourous-glossy-br/,https://www.sellerie-lacabrade.be/be/products/casque-omega-glamourous-br-odoo-16949
https://la-cabrade.be/nl/product/omega-glamourous-glanzende-br-helm/,https://www.sellerie-lacabrade.be/be/products/casque-omega-glamourous-br-odoo-16949
https://la-cabrade.be/fr/produit/guetres-pro-dressage-posterieurs-heritage-24-25-eskadron/,https://www.sellerie-lacabrade.be/be/store
https://la-cabrade.be/nl/product/heritage-24-25-eskadron-pro-dressuur-achterbeschermers-2/,https://www.sellerie-lacabrade.be/be/store
https://la-cabrade.be/fr/produit/veste-gilet-quilted-pikeur-athleisure/,https://www.sellerie-lacabrade.be/be/products/veste-de-pluie-quilted-pikeur-odoo-23195
https://la-cabrade.be/nl/product/gewatteerd-vest-pikeur-athleisure/,https://www.sellerie-lacabrade.be/be/products/pull-fleece-pikeur-athleisure-odoo-23191
https://la-cabrade.be/fr/produit/barre-likit-treat-bar/,https://www.sellerie-lacabrade.be/be/store
https://la-cabrade.be/nl/product/likit-traktatie-reep-2/,https://www.sellerie-lacabrade.be/be/store
https://la-cabrade.be/fr/produit/casque-theta-plus-dazzling-glamourous-glossy-br/,https://www.sellerie-lacabrade.be/be/products/casque-theta-plus-painted-glitter-br-odoo-22231
https://la-cabrade.be/nl/product/theta-plus-schitterende-glanzende-br-helm/,https://www.sellerie-lacabrade.be/be/store
https://la-cabrade.be/fr/produit/veste-hybrid-pikeur-sports-2/,https://www.sellerie-lacabrade.be/be/products/veste-gilet-hybrid-pikeur-sports-odoo-21922
https://la-cabrade.be/nl/product/hybride-pikeur-sport-2-jas/,https://www.sellerie-lacabrade.be/be/store
https://la-cabrade.be/fr/produit/young-jump-vento-veredus/,https://www.sellerie-lacabrade.be/be/products/young-jump-vento-veredus-odoo-14100
https://la-cabrade.be/nl/product/jonge-sprong-vento-veredus/,https://www.sellerie-lacabrade.be/be/products/olympus-vento-front-veredus-odoo-16933
https://la-cabrade.be/fr/produit/guetres-de-transport-comfort-4pack-waldhausen/,https://www.sellerie-lacabrade.be/be/products/gu-tres-de-transport-comfort-4pack-waldhausen-odoo-22518
https://la-cabrade.be/nl/product/guetres-de-transport-comfort-4pack-waldhausen/,https://www.sellerie-lacabrade.be/be/products/gu-tres-de-transport-comfort-4pack-waldhausen-odoo-22518
https://la-cabrade.be/fr/produit/polo-de-concours-livija-s-s-junior-pikeur/,https://www.sellerie-lacabrade.be/be/products/polo-de-concours-1224-pikeur-athleisure-odoo-23199
https://la-cabrade.be/nl/product/livija-s-junior-pikeur-wedstrijdpolo/,https://www.sellerie-lacabrade.be/be/store
https://la-cabrade.be/fr/produit/t-shirt-coton-mel-lc-equestrian/,https://www.sellerie-lacabrade.be/be/products/t-shirt-coton-mel-lc-equestrian-odoo-22548
https://la-cabrade.be/nl/product/t-shirt-coton-mel-lc-equestrian/,https://www.sellerie-lacabrade.be/be/products/t-shirt-coton-mel-lc-equestrian-odoo-22548
https://la-cabrade.be/fr/produit/soft-oil-equipe/,https://www.sellerie-lacabrade.be/be/products/15694-soft-oil-eq05-equipe-odoo-14178
https://la-cabrade.be/nl/product/zachte-olie-team/,https://www.sellerie-lacabrade.be/be/store
https://la-cabrade.be/fr/produit/sac-a-dos-cavalleria-toscana/,https://www.sellerie-lacabrade.be/be/products/ceinture-lastique-cavalleria-toscana-odoo-19544
https://la-cabrade.be/nl/product/cavalleria-toscana-rugzak/,https://www.sellerie-lacabrade.be/be/products/ceinture-lastique-cavalleria-toscana-odoo-19544
https://la-cabrade.be/fr/produit/sangle-mixte-evolution-br/,https://www.sellerie-lacabrade.be/be/products/sangle-mixte-evolution-br-odoo-18229
https://la-cabrade.be/nl/product/evolutie-br-gemengde-singels/,https://www.sellerie-lacabrade.be/be/store
https://la-cabrade.be/fr/produit/super-shine-gloss-gel-grooming-deluxe/,https://www.sellerie-lacabrade.be/be/store
https://la-cabrade.be/nl/product/super-shine-gloss-gel-grooming-deluxe/,https://www.sellerie-lacabrade.be/be/store
https://la-cabrade.be/fr/produit/collier-pour-chien-perles-kentucky/,https://www.sellerie-lacabrade.be/be/store
https://la-cabrade.be/nl/product/kentucky-parel-hondenhalsband/,https://www.sellerie-lacabrade.be/be/store
https://la-cabrade.be/fr/produit/sac-velvet-kentucky/,https://www.sellerie-lacabrade.be/be/products/licol-velvet-kentucky-odoo-16841
https://la-cabrade.be/nl/product/kentucky-fluwelen-tas-2/,https://www.sellerie-lacabrade.be/be/store
https://la-cabrade.be/fr/produit/snaks-pomme-cannelle-likit/,https://www.sellerie-lacabrade.be/be/products/16570-snaks-pomme-cannelle-likit-s-r-odoo-14520
https://la-cabrade.be/nl/product/snaks-pomme-cannelle-likit/,https://www.sellerie-lacabrade.be/be/products/16570-snaks-pomme-cannelle-likit-s-r-odoo-14520
https://la-cabrade.be/fr/produit/spray-oxyde-de-zinc-200ml-waldhausen/,https://www.sellerie-lacabrade.be/be/products/62108-spray-protecteur-oxyde-de-zinc-200ml-waldhausen-odoo-20868
https://la-cabrade.be/nl/product/zinkoxide-spray-200ml-waldhausen/,https://www.sellerie-lacabrade.be/be/store
https://la-cabrade.be/fr/produit/tondeuse-heiniger-saphir-sans-fil-2-batteries-s-r/,https://www.sellerie-lacabrade.be/be/products/55297-tondeuse-saphir-sans-fil-2-batteries-heiniger-s-r-odoo-19310
https://la-cabrade.be/nl/product/heiniger-saphir-accu-maaier-2-accu-s-r-2/,https://www.sellerie-lacabrade.be/be/store
https://la-cabrade.be/fr/produit/tapis-de-selle-glitter-band-kentucky/,https://www.sellerie-lacabrade.be/be/products/tapis-de-selle-glitter-hfi-odoo-22784
https://la-cabrade.be/nl/product/glitterband-zadeldek-kentucky-2/,https://www.sellerie-lacabrade.be/be/store
https://la-cabrade.be/fr/produit/pull-zip-diagonal-homme-cavalleria-toscana/,https://www.sellerie-lacabrade.be/be/products/pull-en-maille-demi-zip-cavalleria-toscana-odoo-19633
https://la-cabrade.be/nl/product/pull-zip-diagonal-homme-cavalleria-toscana/,https://www.sellerie-lacabrade.be/be/products/pull-en-maille-demi-zip-cavalleria-toscana-odoo-19633
https://la-cabrade.be/fr/produit/spray-soin-et-reparation-suede-et-nubuck-horka/,https://www.sellerie-lacabrade.be/be/products/spray-soin-et-r-paration-su-de-et-nubuck-horka-odoo-20081
https://la-cabrade.be/nl/product/horka-suede-en-nubuck-onderhouds-en-herstelspray-2/,https://www.sellerie-lacabrade.be/be/store
https://la-cabrade.be/fr/produit/shampoing-coconut-pearl-1l-hotw/,https://www.sellerie-lacabrade.be/be/products/21081-shampoing-coconut-pearl-1l-hotw-odoo-15592
https://la-cabrade.be/nl/product/kokosnoot-parel-shampoo-1l-heetw/,https://www.sellerie-lacabrade.be/be/store
https://la-cabrade.be/fr/produit/sme-support-huile-apaisante-anti-grattage-hestr/,https://www.sellerie-lacabrade.be/be/store
https://la-cabrade.be/nl/product/sme-support-verzachtende-anti-kras-olie-hestr/,https://www.sellerie-lacabrade.be/be/store
https://la-cabrade.be/fr/produit/tapis-de-selle-velvet-vert-sapin-kentucky/,https://www.sellerie-lacabrade.be/be/products/70681-tapis-de-selle-velvet-vert-pin-kentucky-odoo-22610
https://la-cabrade.be/nl/product/tapis-de-selle-velvet-vert-sapin-kentucky/,https://www.sellerie-lacabrade.be/be/products/70681-tapis-de-selle-velvet-vert-pin-kentucky-odoo-22610
https://la-cabrade.be/fr/produit/granola-stall-ball-melasse-likit/,https://www.sellerie-lacabrade.be/be/products/74066-granola-stall-ball-lowsugar-likit-s-r-odoo-23241
https://la-cabrade.be/nl/product/granola-stall-ball-melasse-likit/,https://www.sellerie-lacabrade.be/be/products/74066-granola-stall-ball-lowsugar-likit-s-r-odoo-23241
https://la-cabrade.be/fr/produit/sangle-qhp-ontario/,https://www.sellerie-lacabrade.be/be/products/sangle-ontario-qhp-odoo-15466
https://la-cabrade.be/nl/product/qhp-band-ontario-2/,https://www.sellerie-lacabrade.be/be/products/sangle-ontario-qhp-odoo-15466
https://la-cabrade.be/fr/produit/bon-cadeau/,https://www.sellerie-lacabrade.be/be/store
https://la-cabrade.be/nl/product/cadeaubon/,https://www.sellerie-lacabrade.be/be/store
https://la-cabrade.be/fr/produit/gants-ete-isa-horze/,https://www.sellerie-lacabrade.be/be/store
https://la-cabrade.be/nl/product/gants-ete-isa-horze/,https://www.sellerie-lacabrade.be/be/store
https://la-cabrade.be/fr/produit/savon-glycerine-amande-grooming-deluxe/,https://www.sellerie-lacabrade.be/be/store
https://la-cabrade.be/nl/product/savon-glycerine-amande-grooming-deluxe/,https://www.sellerie-lacabrade.be/be/store
https://la-cabrade.be/fr/produit/set-licol-corde-premiere/,https://www.sellerie-lacabrade.be/be/products/licol-corde-amigo-horseware-odoo-21601
https://la-cabrade.be/nl/product/premiere-touwhalsterset/,https://www.sellerie-lacabrade.be/be/products/longe-8m-premiere-odoo-21891
https://la-cabrade.be/fr/produit/savon-glycerine-stubben/,https://www.sellerie-lacabrade.be/be/store
https://la-cabrade.be/nl/product/stubben-glycerine-zeep-2/,https://www.sellerie-lacabrade.be/be/store
https://la-cabrade.be/fr/produit/renes-allemandes-hfi-cuir-corde/,https://www.sellerie-lacabrade.be/be/products/r-nes-allemandes-cuir-corde-hfi-odoo-15871
https://la-cabrade.be/nl/product/duits-touwleder-hfi-teugels/,https://www.sellerie-lacabrade.be/be/store
https://la-cabrade.be/fr/produit/pantalon-full-grip-core-classic-sports-s25-eskadron/,https://www.sellerie-lacabrade.be/be/store
https://la-cabrade.be/nl/product/pantalon-full-grip-core-classic-sports-s25-eskadron/,https://www.sellerie-lacabrade.be/be/store
https://la-cabrade.be/fr/produit/support-pour-bloc-de-sel-hippotonic/,https://www.sellerie-lacabrade.be/be/store
https://la-cabrade.be/nl/product/support-pour-bloc-de-sel-hippotonic/,https://www.sellerie-lacabrade.be/be/store
https://la-cabrade.be/fr/produit/demelant-gloss-amande-grooming-deluxe/,https://www.sellerie-lacabrade.be/be/store
https://la-cabrade.be/nl/product/demelant-gloss-amande-grooming-deluxe/,https://www.sellerie-lacabrade.be/be/store
https://la-cabrade.be/fr/produit/t-shirt-atc251301-anky/,https://www.sellerie-lacabrade.be/be/store
https://la-cabrade.be/nl/product/t-shirt-atc251301-anky-2/,https://www.sellerie-lacabrade.be/be/store
https://la-cabrade.be/fr/produit/jouet-pour-chevaux-carotte-xl-qhp/,https://www.sellerie-lacabrade.be/be/products/61363-jouet-pour-chevaux-carotte-xl-qhp-odoo-20683
https://la-cabrade.be/nl/product/speelgoed-paard-wortel-xl-qhp/,https://www.sellerie-lacabrade.be/be/store
https://la-cabrade.be/fr/produit/veste-legere-indy-br/,https://www.sellerie-lacabrade.be/be/store
https://la-cabrade.be/nl/product/indy-br-licht-jack/,https://www.sellerie-lacabrade.be/be/store
https://la-cabrade.be/fr/produit/t-shirt-kelly-lc-equestrian/,https://www.sellerie-lacabrade.be/be/products/t-shirt-kelly-lc-equestrian-odoo-22965
https://la-cabrade.be/nl/product/t-shirt-kelly-lc-equestrian/,https://www.sellerie-lacabrade.be/be/products/t-shirt-kelly-lc-equestrian-odoo-22965
https://la-cabrade.be/fr/produit/housses-etriers-xl-br/,https://www.sellerie-lacabrade.be/be/store
https://la-cabrade.be/nl/product/xl-br-remklauwafdekkingen/,https://www.sellerie-lacabrade.be/be/store
https://la-cabrade.be/fr/produit/sous-bandages-type-flanelle-horze/,https://www.sellerie-lacabrade.be/be/store
https://la-cabrade.be/nl/product/horze-flanelverbanden/,https://www.sellerie-lacabrade.be/be/store
https://la-cabrade.be/fr/produit/huile-dentretien-fourchette-400ml-ungula-naturalis/,https://www.sellerie-lacabrade.be/be/products/33018-huile-d-entretien-fourchette-400ml-ungula-naturalis-odoo-17060
https://la-cabrade.be/nl/product/vorkverzorgingsolie-400ml-ungula-naturalis-2/,https://www.sellerie-lacabrade.be/be/products/baume-fourchette-ungula-naturalis-odoo-12563
https://la-cabrade.be/fr/produit/peigne-a-mue-qhp/,https://www.sellerie-lacabrade.be/be/store
https://la-cabrade.be/nl/product/peigne-a-mue-qhp/,https://www.sellerie-lacabrade.be/be/store
https://la-cabrade.be/fr/produit/huile-pour-pied-hotw-freedom/,https://www.sellerie-lacabrade.be/be/store
https://la-cabrade.be/nl/product/hotw-freedom-voetolie/,https://www.sellerie-lacabrade.be/be/store
https://la-cabrade.be/fr/produit/guetres-decurie-et-de-repos-2-set-waldhausen/,https://www.sellerie-lacabrade.be/be/products/gu-tres-d-curie-et-de-repos-2-set-waldhausen-odoo-17882
https://la-cabrade.be/nl/product/stal-en-rustplaats-2-set-waldhausen/,https://www.sellerie-lacabrade.be/be/store
https://la-cabrade.be/fr/produit/savon-liquide-pour-cuir-250ml-stubben/,https://www.sellerie-lacabrade.be/be/products/64800-savon-liquide-pour-cuir-250ml-stubben-odoo-21430
https://la-cabrade.be/nl/product/vloeibare-leerzeep-250ml-stubben/,https://www.sellerie-lacabrade.be/be/store
https://la-cabrade.be/fr/produit/sos-gale-de-boue-480ml-ungula-naturalis/,https://www.sellerie-lacabrade.be/be/products/21900-sos-gale-de-boue-480ml-ungula-naturalis-odoo-15714
https://la-cabrade.be/nl/product/sos-modderschurft-480ml-ungula-naturalis/,https://www.sellerie-lacabrade.be/be/products/66418-sos-fourchettes-480ml-ungula-naturalis-odoo-21775
https://la-cabrade.be/fr/produit/shampooing-tahiti-how/,https://www.sellerie-lacabrade.be/be/store
https://la-cabrade.be/nl/product/tahiti-hoe-shampoo-2/,https://www.sellerie-lacabrade.be/be/store
https://la-cabrade.be/fr/produit/sweat-zippe-cha-lc-equestrian/,https://www.sellerie-lacabrade.be/be/products/sweat-zipp-cha-lc-equestrian-odoo-23101
https://la-cabrade.be/nl/product/sweat-zippe-cha-lc-equestrian/,https://www.sellerie-lacabrade.be/be/products/sweat-zipp-cha-lc-equestrian-odoo-23101
https://la-cabrade.be/fr/produit/veste-impermeable-maud-lc-equestrian/,https://www.sellerie-lacabrade.be/be/products/veste-imperm-able-maud-lc-equestrian-odoo-23151
https://la-cabrade.be/nl/product/veste-impermeable-maud-lc-equestrian/,https://www.sellerie-lacabrade.be/be/products/veste-imperm-able-maud-lc-equestrian-odoo-23151
https://la-cabrade.be/fr/produit/veste-teddy-sans-manches-clarysse-lc-equestrian/,https://www.sellerie-lacabrade.be/be/products/veste-teddy-sans-manches-clarysse-lc-equestrian-odoo-23150
https://la-cabrade.be/nl/product/veste-teddy-sans-manches-clarysse-lc-equestrian/,https://www.sellerie-lacabrade.be/be/products/veste-teddy-sans-manches-clarysse-lc-equestrian-odoo-23150
https://la-cabrade.be/fr/produit/chestnut-sac-a-casque-kentucky/,https://www.sellerie-lacabrade.be/be/products/sac-bottes-chestnut-kentucky-odoo-16239
https://la-cabrade.be/nl/product/kastanje-helmtas-kentucky/,https://www.sellerie-lacabrade.be/be/store
https://la-cabrade.be/fr/produit/granola-stall-ball-aux-baies-likit/,https://www.sellerie-lacabrade.be/be/products/50541-granola-stall-ball-aux-baies-likit-s-r-odoo-18417
https://la-cabrade.be/nl/product/kraambol-granola-met-likit-bessen/,https://www.sellerie-lacabrade.be/be/store
https://la-cabrade.be/fr/produit/starter-kit-granola-likit/,https://www.sellerie-lacabrade.be/be/products/70019-starter-kit-granola-likit-s-r-odoo-22479
https://la-cabrade.be/nl/product/starter-kit-granola-likit/,https://www.sellerie-lacabrade.be/be/products/70019-starter-kit-granola-likit-s-r-odoo-22479
https://la-cabrade.be/fr/produit/top-echangeable-romy-glitz-2/,https://www.sellerie-lacabrade.be/be/products/top-interchangeable-romy-glitz-qhp-odoo-17729
https://la-cabrade.be/nl/product/romy-glitz-2-verwisselbare-top/,https://www.sellerie-lacabrade.be/be/products/top-interchangeable-romy-glitz-qhp-odoo-17729
https://la-cabrade.be/fr/produit/uv-lite-vital-herbs-s-r/,https://www.sellerie-lacabrade.be/be/products/uv-lite-vital-herbs-s-r-odoo-18611
https://la-cabrade.be/nl/product/uv-lite-vitale-kruiden-s-r/,https://www.sellerie-lacabrade.be/be/store
https://la-cabrade.be/fr/produit/tapis-de-selle-mixte-phoenix-qhp/,https://www.sellerie-lacabrade.be/be/store
https://la-cabrade.be/nl/product/gemengd-zadeldek-phoenix-qhp/,https://www.sellerie-lacabrade.be/be/store
https://la-cabrade.be/fr/produit/sous-barbe-1-2-d-collection-dyon/,https://www.sellerie-lacabrade.be/be/products/bridon-hackamore-us-collection-dyon-odoo-21542
https://la-cabrade.be/nl/product/onder-baard-1-2-d-collectie-dyon/,https://www.sellerie-lacabrade.be/be/store
https://la-cabrade.be/fr/produit/t-shirt-pikeur-sports/,https://www.sellerie-lacabrade.be/be/products/t-shirt-oversized-pikeur-athleisure-odoo-23201
https://la-cabrade.be/nl/product/t-shirt-pikeur-sport/,https://www.sellerie-lacabrade.be/be/products/t-shirt-oversized-pikeur-athleisure-odoo-23201
https://la-cabrade.be/fr/produit/tendons-vital-herbs-s-r/,https://www.sellerie-lacabrade.be/be/products/15275-tendons-vital-herbs-s-r-odoo-14025
https://la-cabrade.be/nl/product/pezen-vitale-kruiden-s-r/,https://www.sellerie-lacabrade.be/be/store
https://la-cabrade.be/fr/produit/rondelles-acavallo-contoured-softgel/,https://www.sellerie-lacabrade.be/be/store
https://la-cabrade.be/nl/product/acavallo-voorgevormde-softgel-sluitringen-2/,https://www.sellerie-lacabrade.be/be/store
https://la-cabrade.be/fr/produit/step-1-tack-cleaning-gant-usage-unique-10pack-belvoir/,https://www.sellerie-lacabrade.be/be/store
https://la-cabrade.be/nl/product/stap-1-tack-reinigingshandschoen-voor-eenmalig-gebruik-10-stuks-belvoir/,https://www.sellerie-lacabrade.be/be/store
https://la-cabrade.be/fr/produit/veste-gilet-berla-harcour/,https://www.sellerie-lacabrade.be/be/products/veste-gilet-berla-harcour-odoo-22108
https://la-cabrade.be/nl/product/veste-gilet-berla-harcour/,https://www.sellerie-lacabrade.be/be/products/veste-gilet-berla-harcour-odoo-22108
https://la-cabrade.be/fr/produit/t-shirt-dentrainement-sarah-lc-equestrian/,https://www.sellerie-lacabrade.be/be/products/t-shirt-d-entrainement-sarah-lc-equestrian-odoo-22966
https://la-cabrade.be/nl/product/t-shirt-dentrainement-sarah-lc-equestrian/,https://www.sellerie-lacabrade.be/be/products/t-shirt-d-entrainement-sarah-lc-equestrian-odoo-22966
https://la-cabrade.be/fr/produit/sangle-mouton-noir-kentucky/,https://www.sellerie-lacabrade.be/be/products/sangle-mouton-noir-kentucky-odoo-11704
https://la-cabrade.be/nl/product/kentucky-zwart-schaap-riem/,https://www.sellerie-lacabrade.be/be/store
https://la-cabrade.be/fr/produit/summer-spray-how/,https://www.sellerie-lacabrade.be/be/store
https://la-cabrade.be/nl/product/zomerspray-hoe/,https://www.sellerie-lacabrade.be/be/store
https://la-cabrade.be/fr/produit/stud-muffins-15-pieces/,https://www.sellerie-lacabrade.be/be/products/18730-stud-muffins-15-pi-ces-odoo-15200
https://la-cabrade.be/nl/product/muffins-15-stuks-2/,https://www.sellerie-lacabrade.be/be/store
https://la-cabrade.be/fr/produit/stud-muffins-45-pieces/,https://www.sellerie-lacabrade.be/be/products/18730-stud-muffins-15-pi-ces-odoo-15200
https://la-cabrade.be/nl/product/muffins-45-stuks-2/,https://www.sellerie-lacabrade.be/be/store
https://la-cabrade.be/fr/produit/sangle-bavette-mouton-kentucky/,https://www.sellerie-lacabrade.be/be/products/sangle-bavette-mouton-kentucky-odoo-13972
https://la-cabrade.be/nl/product/kentucky-schapen-flapriem/,https://www.sellerie-lacabrade.be/be/store
https://la-cabrade.be/fr/produit/sangle-mouton-brun-kentucky/,https://www.sellerie-lacabrade.be/be/products/sangle-mouton-naturel-kentucky-odoo-14926
https://la-cabrade.be/nl/product/bruine-schapenvacht-riem-kentucky/,https://www.sellerie-lacabrade.be/be/store
https://la-cabrade.be/fr/produit/rondelles-acavallo/,https://www.sellerie-lacabrade.be/be/store
https://la-cabrade.be/nl/product/acavallo-wasmachines-2/,https://www.sellerie-lacabrade.be/be/store
https://la-cabrade.be/fr/produit/seniors-vital-herbs-s-r-2/,https://www.sellerie-lacabrade.be/be/products/16008-seniors-vital-herbs-s-r-odoo-14300
https://la-cabrade.be/nl/product/vitale-kruiden-voor-senioren-s-r-2/,https://www.sellerie-lacabrade.be/be/store
https://la-cabrade.be/fr/produit/special-sabots-vital-herbs-s-r/,https://www.sellerie-lacabrade.be/be/products/16176-sp-cial-sabots-vital-herbs-s-r-odoo-14361
https://la-cabrade.be/nl/product/speciale-klompen-vitale-kruiden-s-r/,https://www.sellerie-lacabrade.be/be/store
https://la-cabrade.be/fr/produit/vitamine-e-et-selenium-vital-herbs-s-r/,https://www.sellerie-lacabrade.be/be/products/16239-vitamine-e-selenium-vital-herbs-s-r-odoo-14386
https://la-cabrade.be/nl/product/vitamine-e-en-selenium-vitale-kruiden-s-r/,https://www.sellerie-lacabrade.be/be/store
https://la-cabrade.be/fr/produit/itch-away-liquide-vital-herbs-s-r/,https://www.sellerie-lacabrade.be/be/products/itch-away-liquide-vital-herbs-s-r-odoo-11774
https://la-cabrade.be/nl/product/jeuk-weg-vloeistof-vitale-kruiden-s-r/,https://www.sellerie-lacabrade.be/be/store
https://la-cabrade.be/fr/produit/sos-hoof-vital-herbs-s-r/,https://www.sellerie-lacabrade.be/be/products/16599-sos-hoof-vital-herbs-s-r-odoo-14532
https://la-cabrade.be/nl/product/sos-hoef-vitale-kruiden-s-r/,https://www.sellerie-lacabrade.be/be/store
https://la-cabrade.be/fr/produit/spiruline-vital-herbs-s-r/,https://www.sellerie-lacabrade.be/be/products/19894-spiruline-vital-herbs-s-r-odoo-15420
https://la-cabrade.be/nl/product/spirulina-vitale-kruiden-s-r/,https://www.sellerie-lacabrade.be/be/store
https://la-cabrade.be/fr/produit/huile-omega-3-6-9-forte-vital-herbs-s-r/,https://www.sellerie-lacabrade.be/be/products/31958-huile-omega-3-6-9-forte-vital-herbs-s-r-odoo-16910
https://la-cabrade.be/nl/product/omega-3-olie-6-9-forte-vitale-kruiden-s-r/,https://www.sellerie-lacabrade.be/be/store
https://la-cabrade.be/fr/produit/thym-vital-herbs-s-r/,https://www.sellerie-lacabrade.be/be/products/thym-vital-herbs-s-r-odoo-18355
https://la-cabrade.be/nl/product/tijm-vitale-kruiden-s-r/,https://www.sellerie-lacabrade.be/be/store
https://la-cabrade.be/fr/produit/stud-muffins-bars/,https://www.sellerie-lacabrade.be/be/products/27392-stud-muffins-bars-odoo-16317
https://la-cabrade.be/nl/product/muffinrepen-2/,https://www.sellerie-lacabrade.be/be/store
https://la-cabrade.be/fr/produit/fly-away-spray-vital-herbs-s-r/,https://www.sellerie-lacabrade.be/be/products/spray-fly-away-vital-herbs-s-r-odoo-14027
https://la-cabrade.be/nl/product/wegvliegen-spray-vitale-kruiden-s-r-2/,https://www.sellerie-lacabrade.be/be/store
https://la-cabrade.be/fr/produit/showsheen-hair-polish-gallon/,https://www.sellerie-lacabrade.be/be/store
https://la-cabrade.be/nl/product/showsheen-haarlak-gallon/,https://www.sellerie-lacabrade.be/be/store
https://la-cabrade.be/fr/produit/semelles-compositi-premium-adulte-2/,https://www.sellerie-lacabrade.be/be/store
https://la-cabrade.be/nl/product/compositi-premium-volwassene-2-inlegzolen-2/,https://www.sellerie-lacabrade.be/be/store
https://la-cabrade.be/fr/produit/vita-move-vital-herbs-s-r/,https://www.sellerie-lacabrade.be/be/products/14875-vita-move-vital-herbs-s-r-odoo-13875
https://la-cabrade.be/nl/product/vita-move-vitale-kruiden-s-r-2/,https://www.sellerie-lacabrade.be/be/store
https://la-cabrade.be/fr/produit/harpagophytum-liquide-vital-herbs-s-r/,https://www.sellerie-lacabrade.be/be/products/15038-harpagophytum-liquide-vital-herbs-s-r-odoo-13934
https://la-cabrade.be/nl/product/harpagophytum-vloeibaar-vitale-kruiden-s-r/,https://www.sellerie-lacabrade.be/be/store
https://la-cabrade.be/fr/produit/itchaway-vital-herbs-s-r/,https://www.sellerie-lacabrade.be/be/products/circul-vital-herbs-s-r-odoo-15011
https://la-cabrade.be/nl/product/itchaway-vitale-kruiden-s-r/,https://www.sellerie-lacabrade.be/be/store
https://la-cabrade.be/fr/produit/huile-de-cade-100-150gr-ungula-naturalis/,https://www.sellerie-lacabrade.be/be/products/17678-huile-de-cade-100-150gr-ungula-naturalis-odoo-14910
https://la-cabrade.be/nl/product/jeneverbesolie-100-150gr-ungula-naturalis/,https://www.sellerie-lacabrade.be/be/products/17678-huile-de-cade-100-150gr-ungula-naturalis-odoo-14910
https://la-cabrade.be/fr/produit/tapis-de-selle-guismo-lc-equestrian/,https://www.sellerie-lacabrade.be/be/products/tapis-de-selle-guismo-lc-equestrian-odoo-22649
https://la-cabrade.be/nl/product/tapis-de-selle-guismo-lc-equestrian/,https://www.sellerie-lacabrade.be/be/products/tapis-de-selle-guismo-lc-equestrian-odoo-22649
https://la-cabrade.be/fr/produit/t-shirt-junior-zora-qhp/,https://www.sellerie-lacabrade.be/be/products/t-shirt-junior-zora-qhp-odoo-15961
https://la-cabrade.be/nl/product/junior-t-shirt-zora-qhp/,https://www.sellerie-lacabrade.be/be/products/t-shirt-junior-zora-qhp-odoo-15961
https://la-cabrade.be/fr/produit/innovoil-huile-cuir-2-en-1-charlees-leather/,https://www.sellerie-lacabrade.be/be/store
https://la-cabrade.be/nl/product/innovoil-2-in-1-lederolie-charlees-leder/,https://www.sellerie-lacabrade.be/be/store
https://la-cabrade.be/fr/produit/shampooing-hotw-white-pearl/,https://www.sellerie-lacabrade.be/be/products/shampoing-white-pearl-hotw-odoo-12621
https://la-cabrade.be/nl/product/hotw-white-pearl-shampoo-2/,https://www.sellerie-lacabrade.be/be/products/shampoing-white-pearl-hotw-odoo-12621
https://la-cabrade.be/fr/produit/resille-pour-cheveux-br/,https://www.sellerie-lacabrade.be/be/products/r-sille-pour-cheveux-br-odoo-17296
https://la-cabrade.be/nl/product/resille-voor-bruin-haar/,https://www.sellerie-lacabrade.be/be/store
https://la-cabrade.be/fr/produit/sous-gorge-pour-bridon-prested-faysport-p707/,https://www.sellerie-lacabrade.be/be/store
https://la-cabrade.be/nl/product/onderlegger-voor-prested-faysport-hoofdstel-p707/,https://www.sellerie-lacabrade.be/be/store
https://la-cabrade.be/fr/produit/hoof-formula-5kg-kevin-bacons/,https://www.sellerie-lacabrade.be/be/products/51689-hoof-formula-5kg-kevin-bacon-s-s-r-odoo-18700
https://la-cabrade.be/nl/product/hoefformule-5kg-kevin-bacons-2/,https://www.sellerie-lacabrade.be/be/store
https://la-cabrade.be/fr/produit/tendonil-tube-250ml-lpc/,https://www.sellerie-lacabrade.be/be/store
https://la-cabrade.be/nl/product/tube-tendonil-250ml-lpc-2/,https://www.sellerie-lacabrade.be/be/store
https://la-cabrade.be/fr/produit/harpagophytum-pur-vital-herbs-s-r/,https://www.sellerie-lacabrade.be/be/products/14388-harpagophytum-pur-vital-herbs-s-r-odoo-13694
https://la-cabrade.be/nl/product/harpagophytum-pur-vitale-kruiden-s-r/,https://www.sellerie-lacabrade.be/be/store
https://la-cabrade.be/fr/produit/soft-care-equipe/,https://www.sellerie-lacabrade.be/be/products/12999-soft-care-eq08-equipe-odoo-12624
https://la-cabrade.be/nl/product/zacht-zorgteam-2/,https://www.sellerie-lacabrade.be/be/store
https://la-cabrade.be/fr/produit/sos-fourchettes-480ml-ungula-naturalis/,https://www.sellerie-lacabrade.be/be/products/66418-sos-fourchettes-480ml-ungula-naturalis-odoo-21775
https://la-cabrade.be/nl/product/sos-vorken-480ml-ungula-naturalis-2/,https://www.sellerie-lacabrade.be/be/products/66418-sos-fourchettes-480ml-ungula-naturalis-odoo-21775
https://la-cabrade.be/fr/produit/support-likit/,https://www.sellerie-lacabrade.be/be/store
https://la-cabrade.be/nl/product/steun-likit-2/,https://www.sellerie-lacabrade.be/be/store
https://la-cabrade.be/fr/produit/granola-stall-ball-pomme-likit/,https://www.sellerie-lacabrade.be/be/products/50542-granola-stall-ball-pomme-likit-s-r-odoo-18418
https://la-cabrade.be/nl/product/granola-stall-ball-pomme-likit/,https://www.sellerie-lacabrade.be/be/products/50542-granola-stall-ball-pomme-likit-s-r-odoo-18418
https://la-cabrade.be/fr/produit/sangle-de-dressage-droite-evolution-br/,https://www.sellerie-lacabrade.be/be/products/sangle-de-dressage-droite-evolution-br-odoo-20638
https://la-cabrade.be/nl/product/evolutie-br-rechte-dressuurriem/,https://www.sellerie-lacabrade.be/be/store
https://la-cabrade.be/fr/produit/shake-less-vital-herbs-s-r/,https://www.sellerie-lacabrade.be/be/products/16885-shake-less-vital-herbs-s-r-odoo-14623
https://la-cabrade.be/nl/product/minder-vitale-kruiden-schudden-s-r/,https://www.sellerie-lacabrade.be/be/store
https://la-cabrade.be/fr/produit/guetres-qhp/,https://www.sellerie-lacabrade.be/be/products/ponge-xl-qhp-odoo-21413
https://la-cabrade.be/nl/product/qhp-uitkijkposten-2/,https://www.sellerie-lacabrade.be/be/products/ponge-xl-qhp-odoo-21413
https://la-cabrade.be/fr/produit/hoof-solution-kevin-bacons-150-ml/,https://www.sellerie-lacabrade.be/be/products/4732-hoof-solution-150ml-kevin-bacon-s-s-r-odoo-12699
https://la-cabrade.be/nl/product/hoefoplossing-kevin-bacons-150-ml-2/,https://www.sellerie-lacabrade.be/be/store
https://la-cabrade.be/fr/produit/renes-caoutchouc-1-2-avec-7-arretoirs-d-collection-dyon/,https://www.sellerie-lacabrade.be/be/products/r-nes-caoutchouc-1-2-7-arr-toirs-d-collection-dyon-odoo-19749
https://la-cabrade.be/nl/product/1-2-rubberen-vossen-met-7-stops-d-collectie-dyon/,https://www.sellerie-lacabrade.be/be/store
https://la-cabrade.be/fr/produit/tapis-de-selle-chanel-lc-equestrian/,https://www.sellerie-lacabrade.be/be/products/tapis-de-selle-chanel-lc-equestrian-odoo-22539
https://la-cabrade.be/nl/product/tapis-de-selle-chanel-lc-equestrian/,https://www.sellerie-lacabrade.be/be/products/tapis-de-selle-chanel-lc-equestrian-odoo-22539
https://la-cabrade.be/fr/produit/hipposandales-cavallo-f-r-a-taille-2-regular-s-r/,https://www.sellerie-lacabrade.be/be/store
https://la-cabrade.be/nl/product/cavallo-f-r-a-hipposandalen-maat-2-normaal-s-r-2/,https://www.sellerie-lacabrade.be/be/store
https://la-cabrade.be/fr/produit/housse-detriers-polar-qhp/,https://www.sellerie-lacabrade.be/be/store
https://la-cabrade.be/nl/product/polar-qhp-windschermhoes/,https://www.sellerie-lacabrade.be/be/store
https://la-cabrade.be/fr/produit/hipposandales-cavallo-f-r-a-taille-3-regular-s-r/,https://www.sellerie-lacabrade.be/be/store
https://la-cabrade.be/nl/product/cavallo-f-r-a-hipposandalen-maat-3-normaal-s-r/,https://www.sellerie-lacabrade.be/be/store
https://la-cabrade.be/fr/produit/grooming-brush-excellent-horse/,https://www.sellerie-lacabrade.be/be/store
https://la-cabrade.be/nl/product/trimborstel-uitstekend-paard-2/,https://www.sellerie-lacabrade.be/be/store
https://la-cabrade.be/fr/produit/renes-dyon-working-caoutchouc-avec-arretoirs/,https://www.sellerie-lacabrade.be/be/products/r-nes-caoutchouc-1-2-7-arr-toirs-working-by-dyon-odoo-16462
https://la-cabrade.be/nl/product/dyon-bewerkt-caoutchouc-nieren-met-stijgbeugels/,https://www.sellerie-lacabrade.be/be/store
https://la-cabrade.be/fr/produit/sangle-bavette-hfi-evo/,https://www.sellerie-lacabrade.be/be/products/sangle-bavette-evo-hfi-odoo-13574
https://la-cabrade.be/nl/product/hfi-evo-heupriem-2/,https://www.sellerie-lacabrade.be/be/products/sangle-bavette-evo-hfi-odoo-13574
https://la-cabrade.be/fr/produit/sangle-anatomique-hfi-evo/,https://www.sellerie-lacabrade.be/be/products/sangle-anatomique-evo-hfi-odoo-13568
https://la-cabrade.be/nl/product/hfi-evo-anatomische-band/,https://www.sellerie-lacabrade.be/be/products/sangle-bavette-evo-hfi-odoo-13574
https://la-cabrade.be/fr/produit/abreuvoir-avec-spatule-holland-animal-care/,https://www.sellerie-lacabrade.be/be/products/baume-cuir-holland-animal-care-odoo-16127
https://la-cabrade.be/nl/product/drinkbak-met-spatel-holland-animal-care/,https://www.sellerie-lacabrade.be/be/products/baume-cuir-holland-animal-care-odoo-16127
https://la-cabrade.be/fr/produit/active-soap-kevin-bacons/,https://www.sellerie-lacabrade.be/be/products/9989-active-soap-kevin-bacon-s-s-r-odoo-12629
https://la-cabrade.be/nl/product/actieve-zeep-kevin-bacons-2/,https://www.sellerie-lacabrade.be/be/store
https://la-cabrade.be/fr/produit/aide-a-longer-horka/,https://www.sellerie-lacabrade.be/be/products/aide-longer-horka-odoo-11825
https://la-cabrade.be/nl/product/help-een-langere-horka/,https://www.sellerie-lacabrade.be/be/store
https://la-cabrade.be/fr/produit/ail-vital-herbs-s-r/,https://www.sellerie-lacabrade.be/be/products/ail-semoulette-vital-herbs-s-r-odoo-13719
https://la-cabrade.be/nl/product/knoflook-vitale-kruiden-s-r/,https://www.sellerie-lacabrade.be/be/store
https://la-cabrade.be/fr/produit/ail-semoulette-vital-herbs-s-r/,https://www.sellerie-lacabrade.be/be/products/ail-semoulette-vital-herbs-s-r-odoo-13719
https://la-cabrade.be/nl/product/knoflook-semoulette-vitale-kruiden-s-r/,https://www.sellerie-lacabrade.be/be/store
https://la-cabrade.be/fr/produit/airbag-freejump-regular-fit/,https://www.sellerie-lacabrade.be/be/products/airbag-regular-fit-freejump-odoo-17312
https://la-cabrade.be/nl/product/airbag-freejump-normale-pasvorm-2/,https://www.sellerie-lacabrade.be/be/products/airbag-regular-fit-freejump-odoo-17312
https://la-cabrade.be/fr/produit/airbag-helite-zipin-2-adulte/,https://www.sellerie-lacabrade.be/be/products/airbag-zip-in-2-adulte-helite-odoo-14757
https://la-cabrade.be/nl/product/helite-zipin-2-airbag-voor-volwassenen/,https://www.sellerie-lacabrade.be/be/store
https://la-cabrade.be/fr/produit/helite-airbag-zip-in-2-junior/,https://www.sellerie-lacabrade.be/be/products/airbag-zip-in-2-junior-helite-odoo-12844
https://la-cabrade.be/nl/product/helite-airbag-ritssluiting-in-2-junior/,https://www.sellerie-lacabrade.be/be/products/airbag-zip-in-2-junior-helite-odoo-12844
https://la-cabrade.be/fr/produit/algues-marines-vital-herbs-s-r/,https://www.sellerie-lacabrade.be/be/products/14386-algues-marines-vital-herbs-s-r-odoo-13693
https://la-cabrade.be/nl/product/zeewier-vitale-kruiden-s-r/,https://www.sellerie-lacabrade.be/be/store
https://la-cabrade.be/fr/produit/alufilm-lpc/,https://www.sellerie-lacabrade.be/be/store
https://la-cabrade.be/nl/product/alufilm-lpc/,https://www.sellerie-lacabrade.be/be/store
https://la-cabrade.be/fr/produit/alu-spray/,https://www.sellerie-lacabrade.be/be/store
https://la-cabrade.be/nl/product/alu-spray/,https://www.sellerie-lacabrade.be/be/store
https://la-cabrade.be/fr/produit/alveo-care-vital-herbs-s-r/,https://www.sellerie-lacabrade.be/be/products/19891-alveo-care-vital-herbs-s-r-odoo-15419
https://la-cabrade.be/nl/product/alveo-care-vitale-kruiden-s-r-2/,https://www.sellerie-lacabrade.be/be/store
https://la-cabrade.be/fr/produit/amortisseur-mattes-correction-2-poches/,https://www.sellerie-lacabrade.be/be/products/amortisseur-bord-mouton-correcteur-2-poches-mattes-odoo-12863
https://la-cabrade.be/nl/product/schokabsorberende-matten-correctie-2-zakken/,https://www.sellerie-lacabrade.be/be/store
https://la-cabrade.be/fr/produit/amortisseur-memoire-de-forme-ogilvy/,https://www.sellerie-lacabrade.be/be/products/amortisseur-m-moire-de-forme-ogilvy-odoo-12865
https://la-cabrade.be/nl/product/ogilvy-demper-met-vormgeheugen/,https://www.sellerie-lacabrade.be/be/store
https://la-cabrade.be/fr/produit/amortisseur-memoire-de-forme-qhp/,https://www.sellerie-lacabrade.be/be/products/amortisseur-m-moire-de-forme-qhp-odoo-14269
https://la-cabrade.be/nl/product/vormgeheugen-demper-qhp-2/,https://www.sellerie-lacabrade.be/be/store
https://la-cabrade.be/fr/produit/amortisseur-br-arriere-soft-gel-transparent/,https://www.sellerie-lacabrade.be/be/products/12659-amortisseur-soft-gel-arri-re-transparent-br-odoo-12869
https://la-cabrade.be/nl/product/zachte-gel-transparante-achterschokdemper/,https://www.sellerie-lacabrade.be/be/store
https://la-cabrade.be/fr/produit/argent-colloidal-vital-herbs-s-r/,https://www.sellerie-lacabrade.be/be/products/ail-semoulette-vital-herbs-s-r-odoo-13719
https://la-cabrade.be/nl/product/colloidaal-zilver-vitale-kruiden-s-r/,https://www.sellerie-lacabrade.be/be/store
https://la-cabrade.be/fr/produit/avs-14/,https://www.sellerie-lacabrade.be/be/store
https://la-cabrade.be/nl/product/avs-14-2/,https://www.sellerie-lacabrade.be/be/store
https://la-cabrade.be/fr/produit/balle-de-lavage-hippotonic/,https://www.sellerie-lacabrade.be/be/store
https://la-cabrade.be/nl/product/hippotone-wasbal-2/,https://www.sellerie-lacabrade.be/be/store
https://la-cabrade.be/fr/produit/bandages-agrippants-flexon-horse-master/,https://www.sellerie-lacabrade.be/be/store
https://la-cabrade.be/nl/product/bandages-agrippants-flexon-horse-master/,https://www.sellerie-lacabrade.be/be/store
https://la-cabrade.be/fr/produit/bandages-de-repos-4-set-hfi/,https://www.sellerie-lacabrade.be/be/products/sous-bandages-4pack-hfi-odoo-18177
https://la-cabrade.be/nl/product/rustverbanden-4-set-hfi/,https://www.sellerie-lacabrade.be/be/store
https://la-cabrade.be/fr/produit/set-de-bandages-de-travail-equiline-2/,https://www.sellerie-lacabrade.be/be/store
https://la-cabrade.be/nl/product/equiline-2-werkverbanden-set-2/,https://www.sellerie-lacabrade.be/be/store
https://la-cabrade.be/fr/produit/bandage-vetrap-powerflex/,https://www.sellerie-lacabrade.be/be/store
https://la-cabrade.be/nl/product/vetrap-powerflex-zwachtel/,https://www.sellerie-lacabrade.be/be/store
https://la-cabrade.be/fr/produit/bandeau-houra-harcour/,https://www.sellerie-lacabrade.be/be/store
https://la-cabrade.be/nl/product/bandeau-houra-harcour/,https://www.sellerie-lacabrade.be/be/store
https://la-cabrade.be/fr/produit/bandeau-laine-merinos-cavalleria-toscana/,https://www.sellerie-lacabrade.be/be/store
https://la-cabrade.be/nl/product/cavalleria-toscana-merinowollen-hoofdband/,https://www.sellerie-lacabrade.be/be/products/ceinture-lastique-cavalleria-toscana-odoo-19544
https://la-cabrade.be/fr/produit/bande-de-soin-animalintex__trashed/,https://www.sellerie-lacabrade.be/be/products/6672-bandes-de-soin-animalintex-odoo-12748
https://la-cabrade.be/nl/product/bande-de-soin-animalintex__trashed/,https://www.sellerie-lacabrade.be/be/products/6672-bandes-de-soin-animalintex-odoo-12748
https://la-cabrade.be/fr/produit/bandes-en-polar-dynamic-s24-eskadron/,https://www.sellerie-lacabrade.be/be/store
https://la-cabrade.be/nl/product/dynamic-s24-eskadron-polar-fleece-stroken-2/,https://www.sellerie-lacabrade.be/be/store
https://la-cabrade.be/fr/produit/batterie-fast-charge-whis/,https://www.sellerie-lacabrade.be/be/store
https://la-cabrade.be/nl/product/snelladen-whiskybatterij/,https://www.sellerie-lacabrade.be/be/store
https://la-cabrade.be/fr/produit/batterie-rechargeable-ni-mh-buzzard-zirconia-premiere/,https://www.sellerie-lacabrade.be/be/products/15258-tondeuse-buzzard-zirconia-ni-mh-premiere-odoo-14016
https://la-cabrade.be/nl/product/oplaadbare-batterij-ni-mh-buzzard-zirconia-premiere/,https://www.sellerie-lacabrade.be/be/products/15258-tondeuse-buzzard-zirconia-ni-mh-premiere-odoo-14016
https://la-cabrade.be/fr/produit/baume-a-levre-sphere-sellerie-la-cabrade/,https://www.sellerie-lacabrade.be/be/products/57607-baume-l-vres-sph-re-sellerie-la-cabrade-odoo-19876
https://la-cabrade.be/nl/product/baume-a-levre-sfeer-sellerie-la-cabrade-2/,https://www.sellerie-lacabrade.be/be/products/57607-baume-l-vres-sph-re-sellerie-la-cabrade-odoo-19876
https://la-cabrade.be/fr/produit/baume-fourchette-ungula-naturalis/,https://www.sellerie-lacabrade.be/be/products/baume-fourchette-ungula-naturalis-odoo-12563
https://la-cabrade.be/nl/product/ungula-naturalis-vorkbalsem/,https://www.sellerie-lacabrade.be/be/products/baume-fourchette-ungula-naturalis-odoo-12563
https://la-cabrade.be/fr/produit/baume-halte-insectes-ungula-naturalis/,https://www.sellerie-lacabrade.be/be/products/baume-halte-insectes-ungula-naturalis-odoo-11775
https://la-cabrade.be/nl/product/ungula-naturalis-insectenwerende-balsem-2/,https://www.sellerie-lacabrade.be/be/products/baume-fourchette-ungula-naturalis-odoo-12563
https://la-cabrade.be/fr/produit/baume-sublime-au-monoi-xanthus/,https://www.sellerie-lacabrade.be/be/products/baume-sublime-cannelle-xanthus-s-r-odoo-17347
https://la-cabrade.be/nl/product/sublieme-balsem-met-monoi-xanthus-2/,https://www.sellerie-lacabrade.be/be/store
https://la-cabrade.be/fr/produit/b-balancer-bleu-roy/,https://www.sellerie-lacabrade.be/be/products/40667-b-balancer-bleu-roy-1-kg-s-r-odoo-16875
https://la-cabrade.be/nl/product/b-balancer-bleu-roy/,https://www.sellerie-lacabrade.be/be/products/40667-b-balancer-bleu-roy-1-kg-s-r-odoo-16875
https://la-cabrade.be/fr/produit/b-biotine-bleu-roy-s-r/,https://www.sellerie-lacabrade.be/be/products/16123-b-biotine-bleu-roy-s-r-odoo-14340
https://la-cabrade.be/nl/product/b-biotine-koningsblauw-s-r-2/,https://www.sellerie-lacabrade.be/be/store
https://la-cabrade.be/fr/produit/b-boost-bleu-roy-s-r/,https://www.sellerie-lacabrade.be/be/products/16128-b-boost-bleu-roy-s-r-odoo-14343
https://la-cabrade.be/nl/product/b-boost-koningsblauw-s-r/,https://www.sellerie-lacabrade.be/be/store
https://la-cabrade.be/fr/produit/b-calm-bleu-roy-s-r/,https://www.sellerie-lacabrade.be/be/products/16127-b-calm-bleu-roy-s-r-odoo-14342
https://la-cabrade.be/nl/product/b-kalm-bleu-roy-s-r/,https://www.sellerie-lacabrade.be/be/products/b-flex-bleu-roy-s-r-odoo-18389
https://la-cabrade.be/fr/produit/b-fit-bleu-roy-s-r/,https://www.sellerie-lacabrade.be/be/products/16126-b-fit-bleu-roy-s-r-odoo-14341
https://la-cabrade.be/nl/product/b-fit-bleu-roy-s-r/,https://www.sellerie-lacabrade.be/be/products/16126-b-fit-bleu-roy-s-r-odoo-14341
https://la-cabrade.be/fr/produit/b-flex-bleu-roy-s-r/,https://www.sellerie-lacabrade.be/be/products/b-flex-bleu-roy-s-r-odoo-18389
https://la-cabrade.be/nl/product/b-flex-koningsblauw-s-r/,https://www.sellerie-lacabrade.be/be/store
https://la-cabrade.be/fr/produit/biotine-forte-granules-1-8kg-vital-herbs-s-r/,https://www.sellerie-lacabrade.be/be/products/56051-biotine-forte-granules-1-8kg-vital-herbs-s-r-odoo-19476
https://la-cabrade.be/nl/product/biotine-forte-korrels-1-8kg-vital-herbs-s-r/,https://www.sellerie-lacabrade.be/be/products/56051-biotine-forte-granules-1-8kg-vital-herbs-s-r-odoo-19476
https://la-cabrade.be/fr/produit/blouson-step-penelope/,https://www.sellerie-lacabrade.be/be/products/blouson-step-penelope-odoo-17496
https://la-cabrade.be/nl/product/penelope-step-jas/,https://www.sellerie-lacabrade.be/be/products/blouson-step-penelope-odoo-17496
https://la-cabrade.be/fr/produit/blouson-step-vert-fonce-s24-penelope/,https://www.sellerie-lacabrade.be/be/products/blouson-step-vert-fonc-s24-penelope-odoo-21128
https://la-cabrade.be/nl/product/stepjas-donkergroen-s24-penelope/,https://www.sellerie-lacabrade.be/be/store
https://la-cabrade.be/fr/produit/bob-anky/,https://www.sellerie-lacabrade.be/be/products/ceinture-anky-odoo-22042
https://la-cabrade.be/nl/product/bob-anky/,https://www.sellerie-lacabrade.be/be/products/ceinture-anky-odoo-22042
https://la-cabrade.be/fr/produit/bodywarmer-iris-br/,https://www.sellerie-lacabrade.be/be/store
https://la-cabrade.be/nl/product/bodywarmer-iris-br/,https://www.sellerie-lacabrade.be/be/store
https://la-cabrade.be/fr/produit/bodywarmer-veste-sans-manches-classic-kingsland/,https://www.sellerie-lacabrade.be/be/products/veste-sans-manches-quilted-pikeur-selection-odoo-23193
https://la-cabrade.be/nl/product/bodywarmer-mouwloos-classic-kingsland-2/,https://www.sellerie-lacabrade.be/be/products/chaussettes-classic-3-pack-kingsland-odoo-17960
https://la-cabrade.be/fr/produit/boite-de-pansage-decuries-grooming-de-luxe/,https://www.sellerie-lacabrade.be/be/store
https://la-cabrade.be/nl/product/decuries-verzorgingsbox-verzorging-de-luxe/,https://www.sellerie-lacabrade.be/be/store
https://la-cabrade.be/fr/produit/boite-de-pansage-grooming-de-luxe/,https://www.sellerie-lacabrade.be/be/store
https://la-cabrade.be/nl/product/luxe-verzorgingsbox/,https://www.sellerie-lacabrade.be/be/store
https://la-cabrade.be/fr/produit/boite-a-crampon-eskadron/,https://www.sellerie-lacabrade.be/be/store
https://la-cabrade.be/nl/product/eskadron-spike-doos/,https://www.sellerie-lacabrade.be/be/store
https://la-cabrade.be/fr/produit/boitier-original-transmetteur-whis/,https://www.sellerie-lacabrade.be/be/store
https://la-cabrade.be/nl/product/boitier-original-transmetteur-whis/,https://www.sellerie-lacabrade.be/be/store
https://la-cabrade.be/fr/produit/bombe-kep-cromo-2-0-matt-polo/,https://www.sellerie-lacabrade.be/be/store
https://la-cabrade.be/nl/product/kep-cromo-2-0-mat-polo-spuitbus/,https://www.sellerie-lacabrade.be/be/store
https://la-cabrade.be/fr/produit/bomber-reversible-atc251003-anky/,https://www.sellerie-lacabrade.be/be/store
https://la-cabrade.be/nl/product/omkeerbare-bomber-atc251003-anky/,https://www.sellerie-lacabrade.be/be/store
https://la-cabrade.be/fr/produit/bonbons-anneaux-de-mais-hippotonic/,https://www.sellerie-lacabrade.be/be/products/bonbons-anneaux-de-ma-s-hippotonic-odoo-19619
https://la-cabrade.be/nl/product/suikerspin-ringen-hippotonic/,https://www.sellerie-lacabrade.be/be/store
https://la-cabrade.be/fr/produit/bonbons-banane-hippotonic-2/,https://www.sellerie-lacabrade.be/be/products/bonbons-banane-hippotonic-odoo-19645
https://la-cabrade.be/nl/product/hippotonic-2-bananen-snoepjes-2/,https://www.sellerie-lacabrade.be/be/store
https://la-cabrade.be/fr/produit/bonbons-carotte-hippotonic/,https://www.sellerie-lacabrade.be/be/products/bonbons-carotte-hippotonic-odoo-14663
https://la-cabrade.be/nl/product/hippotone-wortelsnoepjes/,https://www.sellerie-lacabrade.be/be/store
https://la-cabrade.be/fr/produit/bonbons-banane-leoveties/,https://www.sellerie-lacabrade.be/be/products/bonbons-banane-hippotonic-odoo-19645
https://la-cabrade.be/nl/product/leoveties-bananensnoepjes/,https://www.sellerie-lacabrade.be/be/store
https://la-cabrade.be/fr/produit/bonbons-carottes-et-graines-de-lin-11kg-leoveties/,https://www.sellerie-lacabrade.be/be/products/70186-bonbons-carottes-et-graines-de-lin-1-1kg-leoveties-odoo-22522
https://la-cabrade.be/nl/product/bonbons-carottes-et-graines-de-lin-11kg-leoveties/,https://www.sellerie-lacabrade.be/be/products/70186-bonbons-carottes-et-graines-de-lin-1-1kg-leoveties-odoo-22522
https://la-cabrade.be/fr/produit/bonbons-grain-free-leoveties/,https://www.sellerie-lacabrade.be/be/products/69870-bonbons-grain-free-leoveties-odoo-22436
https://la-cabrade.be/nl/product/bonbons-grain-free-leoveties/,https://www.sellerie-lacabrade.be/be/products/69870-bonbons-grain-free-leoveties-odoo-22436
https://la-cabrade.be/fr/produit/bonbons-keep-calm-s-melasse-hippotonic/,https://www.sellerie-lacabrade.be/be/products/50540-bonbons-keep-calm-sans-m-lasse-hippotonic-odoo-18416
https://la-cabrade.be/nl/product/keep-calm-s-melasse-hippotone-snoepjes-2/,https://www.sellerie-lacabrade.be/be/store
https://la-cabrade.be/fr/produit/bonbons-leoveties-mango/,https://www.sellerie-lacabrade.be/be/products/10787-bonbons-mangue-leoveties-odoo-12636
https://la-cabrade.be/nl/product/leoveties-mango-snoepjes/,https://www.sellerie-lacabrade.be/be/store
https://la-cabrade.be/fr/produit/bonbons-no-drama-hippotonic/,https://www.sellerie-lacabrade.be/be/products/52403-bonbons-no-drama-hippotonic-odoo-18788
https://la-cabrade.be/nl/product/geen-drama-hippotone-snoepjes-2/,https://www.sellerie-lacabrade.be/be/store
https://la-cabrade.be/fr/produit/bonbons-pomme-hippotonic/,https://www.sellerie-lacabrade.be/be/products/bonbons-pomme-hippotonic-odoo-16591
https://la-cabrade.be/nl/product/hippotone-appelsnoepjes-2/,https://www.sellerie-lacabrade.be/be/store
https://la-cabrade.be/fr/produit/bonbons-sureau-rose-hippotonic/,https://www.sellerie-lacabrade.be/be/products/56521-bonbons-sureau-rose-hippotonic-odoo-19622
https://la-cabrade.be/nl/product/hippotone-roze-vlierbessensnoepjes/,https://www.sellerie-lacabrade.be/be/store
https://la-cabrade.be/fr/produit/bonbons-sweeties-750-gr-cavalor/,https://www.sellerie-lacabrade.be/be/products/56996-bonbons-sweeties-750-gr-cavalor-s-r-odoo-19729
https://la-cabrade.be/nl/product/snoepjes-750-gr-cavalor/,https://www.sellerie-lacabrade.be/be/store
https://la-cabrade.be/fr/produit/bonnet-anti-bruit-gerald-equiline/,https://www.sellerie-lacabrade.be/be/store
https://la-cabrade.be/nl/product/gerald-equiline-geluiddempende-kap-2/,https://www.sellerie-lacabrade.be/be/store
https://la-cabrade.be/fr/produit/bonnet-black-line-edition-equestro/,https://www.sellerie-lacabrade.be/be/store
https://la-cabrade.be/nl/product/black-line-edition-equestro-muts/,https://www.sellerie-lacabrade.be/be/store
https://la-cabrade.be/fr/produit/bonnet-boucle-heritage-24-25-eskadron/,https://www.sellerie-lacabrade.be/be/products/cloches-softslate-heritage-25-26-eskadron-odoo-23049
https://la-cabrade.be/nl/product/boucle-heritage-muts-24-25-eskadron-2/,https://www.sellerie-lacabrade.be/be/products/cloches-softslate-heritage-25-26-eskadron-odoo-23049
https://la-cabrade.be/fr/produit/bonnet-color-equestro/,https://www.sellerie-lacabrade.be/be/store
https://la-cabrade.be/nl/product/kleur-equestro-muts/,https://www.sellerie-lacabrade.be/be/store
https://la-cabrade.be/fr/produit/bonnet-cooper-harcour/,https://www.sellerie-lacabrade.be/be/products/bonnet-cooper-harcour-odoo-19039
https://la-cabrade.be/nl/product/cooper-harcour-muts/,https://www.sellerie-lacabrade.be/be/products/bonnet-cooper-harcour-odoo-19039
https://la-cabrade.be/fr/produit/bonnet-columbia-harcour-22/,https://www.sellerie-lacabrade.be/be/products/bonnet-columbia-harcour-odoo-17441
https://la-cabrade.be/nl/product/columbia-harcour-muts-22/,https://www.sellerie-lacabrade.be/be/products/bonnet-columbia-harcour-odoo-17441
https://la-cabrade.be/fr/produit/bonnet-crystal-heritage-24-25-eskadron/,https://www.sellerie-lacabrade.be/be/products/cloches-softslate-heritage-25-26-eskadron-odoo-23049
https://la-cabrade.be/nl/product/kristal-erfgoed-muts-24-25-eskadron-2/,https://www.sellerie-lacabrade.be/be/store
https://la-cabrade.be/fr/produit/bonnet-dynair-mesh-sport-platinum-25-eskadron/,https://www.sellerie-lacabrade.be/be/store
https://la-cabrade.be/nl/product/bonnet-dynair-mesh-sport-platinum-25-eskadron/,https://www.sellerie-lacabrade.be/be/store
https://la-cabrade.be/fr/produit/bonnet-dyon/,https://www.sellerie-lacabrade.be/be/products/bonnet-pikeur-odoo-13025
https://la-cabrade.be/nl/product/dop-van-dyon/,https://www.sellerie-lacabrade.be/be/store
https://la-cabrade.be/fr/produit/bonnet-dyon-corduroy/,https://www.sellerie-lacabrade.be/be/store
https://la-cabrade.be/nl/product/motorkap-dyon-ribfluweel/,https://www.sellerie-lacabrade.be/be/store
https://la-cabrade.be/fr/produit/bonnet-equiline-dell/,https://www.sellerie-lacabrade.be/be/store
https://la-cabrade.be/nl/product/dell-equiline-dop-2/,https://www.sellerie-lacabrade.be/be/store
https://la-cabrade.be/fr/produit/bonnet-equiline-kim/,https://www.sellerie-lacabrade.be/be/store
https://la-cabrade.be/nl/product/kim-equiline-pet/,https://www.sellerie-lacabrade.be/be/store
https://la-cabrade.be/fr/produit/bonnet-equipe/,https://www.sellerie-lacabrade.be/be/products/bonnet-pikeur-odoo-13025
https://la-cabrade.be/nl/product/team-pet-2/,https://www.sellerie-lacabrade.be/be/store
https://la-cabrade.be/fr/produit/bonnet-filae-harcour/,https://www.sellerie-lacabrade.be/be/products/bonnet-filae-harcour-odoo-22120
https://la-cabrade.be/nl/product/bonnet-filae-harcour/,https://www.sellerie-lacabrade.be/be/products/bonnet-filae-harcour-odoo-22120
https://la-cabrade.be/fr/produit/bonnet-laine-merinos-cavalleria-toscana/,https://www.sellerie-lacabrade.be/be/store
https://la-cabrade.be/nl/product/cavalleria-toscana-merino-wollen-beanie/,https://www.sellerie-lacabrade.be/be/store
https://la-cabrade.be/fr/produit/bonnet-liana-lc-equestrian/,https://www.sellerie-lacabrade.be/be/products/bonnet-liana-lc-equestrian-odoo-22964
https://la-cabrade.be/nl/product/bonnet-liana-lc-equestrian/,https://www.sellerie-lacabrade.be/be/products/bonnet-liana-lc-equestrian-odoo-22964
https://la-cabrade.be/fr/produit/bonnet-light-weight-jersey-stripe-bord-noir-cavalleria-toscana/,https://www.sellerie-lacabrade.be/be/store
https://la-cabrade.be/nl/product/cavalleria-toscana-licht-gewicht-jersey-streep-beanie-zwarte-rand/,https://www.sellerie-lacabrade.be/be/store
https://la-cabrade.be/fr/produit/bonnet-rio-equiline/,https://www.sellerie-lacabrade.be/be/store
https://la-cabrade.be/nl/product/rio-equiline-pet/,https://www.sellerie-lacabrade.be/be/store
https://la-cabrade.be/fr/produit/bonnet-roi-harcour-w21/,https://www.sellerie-lacabrade.be/be/products/bonnet-roi-harcour-s21-odoo-16797
https://la-cabrade.be/nl/product/harcour-koning-muts-w21/,https://www.sellerie-lacabrade.be/be/store
https://la-cabrade.be/fr/produit/bonnet-soundproof-dave-equiline/,https://www.sellerie-lacabrade.be/be/store
https://la-cabrade.be/nl/product/geluiddichte-muts-dave-equiline/,https://www.sellerie-lacabrade.be/be/store
https://la-cabrade.be/fr/produit/bonnet-sport-dynair-mesh-dynamic-s24-eskadron/,https://www.sellerie-lacabrade.be/be/store
https://la-cabrade.be/nl/product/dynair-mesh-dynamic-s24-eskadron-sportpet-2/,https://www.sellerie-lacabrade.be/be/store
https://la-cabrade.be/fr/produit/booster-vital-herbs-s-r/,https://www.sellerie-lacabrade.be/be/products/17244-booster-vital-herbs-s-r-odoo-14211
https://la-cabrade.be/nl/product/booster-vitale-kruiden-s-r/,https://www.sellerie-lacabrade.be/be/store
https://la-cabrade.be/fr/produit/boots-noblesse-br-lacets-dames/,https://www.sellerie-lacabrade.be/be/products/boots-lacets-noblesse-dame-br-odoo-16096
https://la-cabrade.be/nl/product/noblesse-br-dames-veterschoenen/,https://www.sellerie-lacabrade.be/be/store
https://la-cabrade.be/fr/produit/boots-wms-ascent/,https://www.sellerie-lacabrade.be/be/store
https://la-cabrade.be/nl/product/wms-opstapschoenen/,https://www.sellerie-lacabrade.be/be/store
https://la-cabrade.be/fr/produit/boots-fourrees-gris-glacier-s24-penelope/,https://www.sellerie-lacabrade.be/be/products/boots-fourr-es-gris-glacier-penelope-odoo-20771
https://la-cabrade.be/nl/product/s24-penelope-ijsgrijs-gevoerde-laarzen-2/,https://www.sellerie-lacabrade.be/be/store
https://la-cabrade.be/fr/produit/boots-fourrees-penelope/,https://www.sellerie-lacabrade.be/be/products/boots-fourr-es-penelope-odoo-14691
https://la-cabrade.be/nl/product/penelope-bontlaarzen-2/,https://www.sellerie-lacabrade.be/be/products/bracelet-zo-penelope-odoo-21340
https://la-cabrade.be/fr/produit/boots-horze-kilkenny-lacets-2/,https://www.sellerie-lacabrade.be/be/products/boots-kilkenny-lacets-enfant-horze-odoo-15131
https://la-cabrade.be/nl/product/horze-kilkenny-veterboots-2/,https://www.sellerie-lacabrade.be/be/store
https://la-cabrade.be/fr/produit/boots-noblesse-br-lacets-hommes/,https://www.sellerie-lacabrade.be/be/products/boots-lacets-noblesse-dame-br-odoo-16096
https://la-cabrade.be/nl/product/noblesse-br-heren-veterschoenen-2/,https://www.sellerie-lacabrade.be/be/store
https://la-cabrade.be/fr/produit/boots-noblesse-br-zip-dames/,https://www.sellerie-lacabrade.be/be/products/boots-noblesse-zip-dame-br-odoo-11552
https://la-cabrade.be/nl/product/noblesse-br-rits-dameslaarzen-2/,https://www.sellerie-lacabrade.be/be/store
https://la-cabrade.be/fr/produit/boots-noblesse-br-zip-hommes/,https://www.sellerie-lacabrade.be/be/products/boots-noblesse-zip-dame-br-odoo-11552
https://la-cabrade.be/nl/product/noblesse-br-ritslaarzen-heren/,https://www.sellerie-lacabrade.be/be/store
https://la-cabrade.be/fr/produit/boots-thermo-jodhpur-calgary-adulte-qhp/,https://www.sellerie-lacabrade.be/be/store
https://la-cabrade.be/nl/product/thermo-jodhpur-calgary-laarzen-volwassenen-qhp-2/,https://www.sellerie-lacabrade.be/be/store
https://la-cabrade.be/fr/produit/boots-horze-wexford-zip-junior/,https://www.sellerie-lacabrade.be/be/products/boots-zip-wexford-enfant-horze-odoo-13803
https://la-cabrade.be/nl/product/horze-wexford-rits-junior-laarzen/,https://www.sellerie-lacabrade.be/be/store
https://la-cabrade.be/fr/produit/boots-horze-wexford-zip/,https://www.sellerie-lacabrade.be/be/products/boots-zip-wexford-enfant-horze-odoo-13803
https://la-cabrade.be/nl/product/horze-wexford-ritslaarzen/,https://www.sellerie-lacabrade.be/be/store
https://la-cabrade.be/fr/produit/bottes-aries-ego7/,https://www.sellerie-lacabrade.be/be/store
https://la-cabrade.be/nl/product/aries-ego7-laarzen-2/,https://www.sellerie-lacabrade.be/be/store
https://la-cabrade.be/fr/produit/botte-ego7-contact-regular-0/,https://www.sellerie-lacabrade.be/be/store
https://la-cabrade.be/nl/product/ego7-contact-regular-0-opstarten-2/,https://www.sellerie-lacabrade.be/be/store
https://la-cabrade.be/fr/produit/bottes-dhiver-greenland-ii-br/,https://www.sellerie-lacabrade.be/be/store
https://la-cabrade.be/nl/product/greenland-ii-br-winterlaarzen/,https://www.sellerie-lacabrade.be/be/store
https://la-cabrade.be/fr/produit/botte-ego7-contact-regular-1/,https://www.sellerie-lacabrade.be/be/store
https://la-cabrade.be/nl/product/ego7-contact-regular-1-boot/,https://www.sellerie-lacabrade.be/be/store
https://la-cabrade.be/fr/produit/botte-ego7-contact-slim-0/,https://www.sellerie-lacabrade.be/be/store
https://la-cabrade.be/nl/product/ego7-contact-slim-0-opstarten-2/,https://www.sellerie-lacabrade.be/be/store
https://la-cabrade.be/fr/produit/botte-ego7-contact-slim-1/,https://www.sellerie-lacabrade.be/be/store
https://la-cabrade.be/nl/product/ego7-contact-slim-1-boot/,https://www.sellerie-lacabrade.be/be/store
https://la-cabrade.be/fr/produit/bottes-equitheme-kids/,https://www.sellerie-lacabrade.be/be/products/bottes-my-primera-l-equitheme-odoo-15761
https://la-cabrade.be/nl/product/equitheme-kinderlaarzen/,https://www.sellerie-lacabrade.be/be/store
https://la-cabrade.be/fr/produit/bottes-my-primera-l/,https://www.sellerie-lacabrade.be/be/products/bottes-my-primera-l-equitheme-odoo-15761
https://la-cabrade.be/nl/product/mijn-primera-l-laarzen-2/,https://www.sellerie-lacabrade.be/be/store
https://la-cabrade.be/fr/produit/bottes-my-primera-m/,https://www.sellerie-lacabrade.be/be/products/bottes-my-primera-m-equitheme-odoo-15760
https://la-cabrade.be/nl/product/mijn-primera-m-laarzen/,https://www.sellerie-lacabrade.be/be/store
https://la-cabrade.be/fr/produit/bottes-my-primera-s/,https://www.sellerie-lacabrade.be/be/products/bottes-my-primera-s-equitheme-odoo-15759
https://la-cabrade.be/nl/product/mijn-primera-s-laarzen/,https://www.sellerie-lacabrade.be/be/store
https://la-cabrade.be/fr/produit/bottes-new-primera-equitheme/,https://www.sellerie-lacabrade.be/be/products/bottes-my-primera-l-equitheme-odoo-15761
https://la-cabrade.be/nl/product/nieuwe-primera-equitheme-laarzen/,https://www.sellerie-lacabrade.be/be/products/bottes-my-primera-l-equitheme-odoo-15761
https://la-cabrade.be/fr/produit/bottes-kids-fun-glitter-mollet-normal/,https://www.sellerie-lacabrade.be/be/store
https://la-cabrade.be/nl/product/kids-fun-glitter-laarzen-normale-kuit/,https://www.sellerie-lacabrade.be/be/store
https://la-cabrade.be/fr/produit/bottes-nova-kids-fun-leather-mollet-normal-suedwind/,https://www.sellerie-lacabrade.be/be/store
https://la-cabrade.be/nl/product/nova-kids-fun-leren-laarzen-normale-kuit-suedwind/,https://www.sellerie-lacabrade.be/be/store
https://la-cabrade.be/fr/produit/bottes-nova-kids-fun-leather-mollet-slim-tall-suedwind/,https://www.sellerie-lacabrade.be/be/store
https://la-cabrade.be/nl/product/nova-kids-fun-leren-kuit-slanke-hoge-suedwind-laarzen-2/,https://www.sellerie-lacabrade.be/be/store
https://la-cabrade.be/fr/produit/bottes-kids-fun-mollet-normal/,https://www.sellerie-lacabrade.be/be/store
https://la-cabrade.be/nl/product/kinderlaarzen-met-normale-kuit/,https://www.sellerie-lacabrade.be/be/store
https://la-cabrade.be/fr/produit/bottes-kids-fun-mollet-slim-tall/,https://www.sellerie-lacabrade.be/be/store
https://la-cabrade.be/nl/product/slim-hoge-laarzen-met-leuke-kuit-voor-kinderen-2/,https://www.sellerie-lacabrade.be/be/store
https://la-cabrade.be/fr/produit/bottes-orion-mollet-l/,https://www.sellerie-lacabrade.be/be/store
https://la-cabrade.be/nl/product/orion-kuitlaarzen-l-2/,https://www.sellerie-lacabrade.be/be/store
https://la-cabrade.be/fr/produit/bottes-orion-ego7-mollet-m/,https://www.sellerie-lacabrade.be/be/store
https://la-cabrade.be/nl/product/orion-ego7-kuitlaarzen-m-2/,https://www.sellerie-lacabrade.be/be/store
https://la-cabrade.be/fr/produit/bottes-orion-ego7-mollet-s/,https://www.sellerie-lacabrade.be/be/store
https://la-cabrade.be/nl/product/orion-ego7-kuit-s-laarzen-2/,https://www.sellerie-lacabrade.be/be/store
https://la-cabrade.be/fr/produit/bottes-orion-ego7-mollet-xs/,https://www.sellerie-lacabrade.be/be/store
https://la-cabrade.be/nl/product/orion-ego7-kuitlaarzen-xs/,https://www.sellerie-lacabrade.be/be/store
https://la-cabrade.be/fr/produit/bottes-qhp-birgit-snake/,https://www.sellerie-lacabrade.be/be/products/bottes-romy-junior-qhp-odoo-14523
https://la-cabrade.be/nl/product/laarzen-qhp-birgit-slang/,https://www.sellerie-lacabrade.be/be/store
https://la-cabrade.be/fr/produit/bottes-qhp-romy-junior-haut/,https://www.sellerie-lacabrade.be/be/products/bottes-romy-junior-haut-qhp-odoo-16118
https://la-cabrade.be/nl/product/qhp-romy-junior-hoge-laarzen/,https://www.sellerie-lacabrade.be/be/products/bottes-romy-junior-large-qhp-odoo-16117
https://la-cabrade.be/fr/produit/bottes-qhp-romy-junior-large/,https://www.sellerie-lacabrade.be/be/products/bottes-romy-junior-large-qhp-odoo-16117
https://la-cabrade.be/nl/product/qhp-romy-junior-grote-laarzen-2/,https://www.sellerie-lacabrade.be/be/products/bottes-romy-junior-large-qhp-odoo-16117
https://la-cabrade.be/fr/produit/bottes-qhp-sasha-adulte-large/,https://www.sellerie-lacabrade.be/be/products/bottes-lyssa-adulte-large-qhp-odoo-19994
https://la-cabrade.be/nl/product/qhp-sasha-laarzen-volwassenen-large-2/,https://www.sellerie-lacabrade.be/be/products/bottes-sasha-large-qhp-odoo-14103
https://la-cabrade.be/fr/produit/bottes-qhp-sasha-adulte/,https://www.sellerie-lacabrade.be/be/products/bottes-lyssa-adulte-qhp-odoo-18692
https://la-cabrade.be/nl/product/qhp-sasha-laarzen-volwassene-2/,https://www.sellerie-lacabrade.be/be/products/bottes-sasha-large-qhp-odoo-14103
https://la-cabrade.be/fr/produit/bottes-qhp-yuna/,https://www.sellerie-lacabrade.be/be/products/bottes-yuna-qhp-odoo-16602
https://la-cabrade.be/nl/product/qhp-yuna-laarzen-2/,https://www.sellerie-lacabrade.be/be/products/bottes-yuna-qhp-odoo-16602
https://la-cabrade.be/fr/produit/bottillons-advanced-ii-fz-soft/,https://www.sellerie-lacabrade.be/be/store
https://la-cabrade.be/nl/product/advanced-ii-fz-zachte-laarzen-2/,https://www.sellerie-lacabrade.be/be/store
https://la-cabrade.be/fr/produit/bottillons-legacy-milano-sz-zip-sur-le-cote/,https://www.sellerie-lacabrade.be/be/store
https://la-cabrade.be/nl/product/legacy-milano-sz-rits-enkellaarsjes-2/,https://www.sellerie-lacabrade.be/be/store
https://la-cabrade.be/fr/produit/bottine-heritage-iv-steel-toe-zip-dame/,https://www.sellerie-lacabrade.be/be/store
https://la-cabrade.be/nl/product/heritage-iv-stalen-neus-rits-dameslaars-2/,https://www.sellerie-lacabrade.be/be/store
https://la-cabrade.be/fr/produit/heritage-iv-zip-paddock-dame/,https://www.sellerie-lacabrade.be/be/products/boots-noblesse-zip-dame-br-odoo-11552
https://la-cabrade.be/nl/product/heritage-iv-rits-paddock-dame/,https://www.sellerie-lacabrade.be/be/store
https://la-cabrade.be/fr/produit/bottines-moresby-waterproof-ariat/,https://www.sellerie-lacabrade.be/be/store
https://la-cabrade.be/nl/product/ariat-moresby-waterdichte-laarzen/,https://www.sellerie-lacabrade.be/be/store
https://la-cabrade.be/fr/produit/boots-nova-fz-vegan-suedwind/,https://www.sellerie-lacabrade.be/be/store
https://la-cabrade.be/nl/product/nova-fz-vegan-suedwind-laarzen/,https://www.sellerie-lacabrade.be/be/store
https://la-cabrade.be/fr/produit/bouchon-poils-longs-caramel-hippotonic/,https://www.sellerie-lacabrade.be/be/store
https://la-cabrade.be/nl/product/hippotone-karamel-langharige-muts/,https://www.sellerie-lacabrade.be/be/store
https://la-cabrade.be/fr/produit/boucle-de-muserolle-qhp/,https://www.sellerie-lacabrade.be/be/store
https://la-cabrade.be/nl/product/qhp-neusriemlus-2/,https://www.sellerie-lacabrade.be/be/products/ponge-xl-qhp-odoo-21413
https://la-cabrade.be/fr/produit/boucles-doreilles-cary-hfi/,https://www.sellerie-lacabrade.be/be/store
https://la-cabrade.be/nl/product/boucles-doreilles-cary-hfi/,https://www.sellerie-lacabrade.be/be/store
https://la-cabrade.be/fr/produit/boucles-doreilles-lou-penelope/,https://www.sellerie-lacabrade.be/be/products/40345-boucles-d-oreilles-lou-penelope-odoo-16244
https://la-cabrade.be/nl/product/lou-penelope-oorbellen/,https://www.sellerie-lacabrade.be/be/store
https://la-cabrade.be/fr/produit/b-pro-mare-bleu-roy-s-r/,https://www.sellerie-lacabrade.be/be/products/b-pro-mare-bleu-roy-s-r-odoo-14344
https://la-cabrade.be/nl/product/b-pro-mare-bleu-roy-s-r-2/,https://www.sellerie-lacabrade.be/be/products/b-pro-mare-bleu-roy-s-r-odoo-14344
https://la-cabrade.be/fr/produit/bracelet-cassya-penelope/,https://www.sellerie-lacabrade.be/be/products/64433-bracelet-cassya-penelope-odoo-21334
https://la-cabrade.be/nl/product/cassya-penelope-armband/,https://www.sellerie-lacabrade.be/be/products/64433-bracelet-cassya-penelope-odoo-21334
https://la-cabrade.be/fr/produit/bracelet-signature-penelope/,https://www.sellerie-lacabrade.be/be/products/bracelet-signature-penelope-odoo-17217
https://la-cabrade.be/nl/product/penelope-handtekening-armband/,https://www.sellerie-lacabrade.be/be/store
https://la-cabrade.be/fr/produit/bracelet-zoe-penelope/,https://www.sellerie-lacabrade.be/be/products/bracelet-signature-penelope-odoo-17217
https://la-cabrade.be/nl/product/zoe-penelope-armband-2/,https://www.sellerie-lacabrade.be/be/store
https://la-cabrade.be/fr/produit/brassard-carte-medicale-lami-cell/,https://www.sellerie-lacabrade.be/be/store
https://la-cabrade.be/nl/product/lami-cel-medische-kaart-armband-2/,https://www.sellerie-lacabrade.be/be/store
https://la-cabrade.be/fr/produit/bride-cuir-rond-avec-renes-de-dressage-equipe/,https://www.sellerie-lacabrade.be/be/store
https://la-cabrade.be/nl/product/rond-leren-hoofdstel-met-team-dressuur-teugels/,https://www.sellerie-lacabrade.be/be/store
https://la-cabrade.be/fr/produit/bride-limited-ed-frontal-stellux-lj/,https://www.sellerie-lacabrade.be/be/store
https://la-cabrade.be/nl/product/flens-beperkt-ed-voorzijde-stellux-lj-2/,https://www.sellerie-lacabrade.be/be/store
https://la-cabrade.be/fr/produit/bride-muserolle-large-mat-working-by-dyon/,https://www.sellerie-lacabrade.be/be/store
https://la-cabrade.be/nl/product/working-by-dyon-brede-matte-neusriem/,https://www.sellerie-lacabrade.be/be/store
https://la-cabrade.be/fr/produit/bride-muserolle-large-vernie-doublure-blanche-working-by-dyon/,https://www.sellerie-lacabrade.be/be/store
https://la-cabrade.be/nl/product/brede-lak-neusriem-witte-voering-werken-by-dyon/,https://www.sellerie-lacabrade.be/be/store
https://la-cabrade.be/fr/produit/bridon-bondy-premiere/,https://www.sellerie-lacabrade.be/be/store
https://la-cabrade.be/nl/product/premiere-van-bridon-bondy/,https://www.sellerie-lacabrade.be/be/store
https://la-cabrade.be/fr/produit/bridon-dentrainement-dyon/,https://www.sellerie-lacabrade.be/be/products/bridon-hackamore-us-collection-dyon-odoo-21542
https://la-cabrade.be/nl/product/dyon-trainingshoofdstel-2/,https://www.sellerie-lacabrade.be/be/store
https://la-cabrade.be/fr/produit/bridon-d-motion-d-collection-dyon/,https://www.sellerie-lacabrade.be/be/products/bridon-hackamore-us-collection-dyon-odoo-21542
https://la-cabrade.be/nl/product/hoofdstel-d-motion-d-collectie-dyon/,https://www.sellerie-lacabrade.be/be/store
https://la-cabrade.be/fr/produit/bridon-limited-ed-frontal-stellux-lj/,https://www.sellerie-lacabrade.be/be/store
https://la-cabrade.be/nl/product/hoofdstel-beperkt-ed-front-stellux-lj-2/,https://www.sellerie-lacabrade.be/be/store
https://la-cabrade.be/fr/produit/bridon-faysport-glitter/,https://www.sellerie-lacabrade.be/be/store
https://la-cabrade.be/nl/product/faysport-glitter-hoofdstel/,https://www.sellerie-lacabrade.be/be/store
https://la-cabrade.be/fr/produit/bridon-br-lydney-hackamore/,https://www.sellerie-lacabrade.be/be/products/bridon-hackamore-lydney-br-odoo-15444
https://la-cabrade.be/nl/product/hoofdstel-br-lydney-hackamore-2/,https://www.sellerie-lacabrade.be/be/products/bridon-hackamore-lydney-br-odoo-15444
https://la-cabrade.be/fr/produit/bridon-lj-leather-legendary/,https://www.sellerie-lacabrade.be/be/store
https://la-cabrade.be/nl/product/hoofdstel-lj-leder-legendarisch-2/,https://www.sellerie-lacabrade.be/be/store
https://la-cabrade.be/fr/produit/bridon-muserolle-combinee-large-vernie-doublure-blanche-working-by-dyon/,https://www.sellerie-lacabrade.be/be/store
https://la-cabrade.be/nl/product/working-by-dyon-breed-lak-engels-gecombineerd-rijhalster-met-witte-voering-2/,https://www.sellerie-lacabrade.be/be/store
https://la-cabrade.be/fr/produit/bridon-muserolle-combinee-avec-mousqueton-working-by-dyon/,https://www.sellerie-lacabrade.be/be/store
https://la-cabrade.be/nl/product/working-by-dyon-engels-gecombineerd-rijhalster-met-karabijnhaak-2/,https://www.sellerie-lacabrade.be/be/store
https://la-cabrade.be/fr/produit/bridon-muserolle-combinee-new-english-dyon/,https://www.sellerie-lacabrade.be/be/store
https://la-cabrade.be/nl/product/nieuw-engels-dyon-combinatie-hoofdstel-2/,https://www.sellerie-lacabrade.be/be/store
https://la-cabrade.be/fr/produit/bridon-muserolle-combinee-working-by-dyon/,https://www.sellerie-lacabrade.be/be/store
https://la-cabrade.be/nl/product/working-by-dyon-combinatie-hoofdstel/,https://www.sellerie-lacabrade.be/be/products/licol-cuir-working-by-dyon-odoo-12017
https://la-cabrade.be/fr/produit/bridon-new-pro-muserolle-combinee-lj/,https://www.sellerie-lacabrade.be/be/store
https://la-cabrade.be/nl/product/hoofdstel-new-pro-combinatie-neusriem-lj-2/,https://www.sellerie-lacabrade.be/be/store
https://la-cabrade.be/fr/produit/bridon-no-stress-vernis-cuir-rond-equipe/,https://www.sellerie-lacabrade.be/be/store
https://la-cabrade.be/nl/product/geen-stress-hoofdstel-lakleer-ronde-uitrusting-2/,https://www.sellerie-lacabrade.be/be/store
https://la-cabrade.be/fr/produit/bridon-qhp-ontario/,https://www.sellerie-lacabrade.be/be/products/bridon-ontario-qhp-odoo-15580
https://la-cabrade.be/nl/product/hoofdstel-qhp-ontario/,https://www.sellerie-lacabrade.be/be/products/sangle-ontario-qhp-odoo-15466
https://la-cabrade.be/fr/produit/bridon-premiere-lalevade/,https://www.sellerie-lacabrade.be/be/store
https://la-cabrade.be/nl/product/bridon-premiere-lalevade-2/,https://www.sellerie-lacabrade.be/be/store
https://la-cabrade.be/fr/produit/bridon-br-lewes-sans-mors/,https://www.sellerie-lacabrade.be/be/products/bridon-sans-mors-freedom-hfi-odoo-20396
https://la-cabrade.be/nl/product/br-lewes-bitloos-hoofdstel/,https://www.sellerie-lacabrade.be/be/store
https://la-cabrade.be/fr/produit/bridon-sissy-lc-equestrian/,https://www.sellerie-lacabrade.be/be/store
https://la-cabrade.be/nl/product/bridon-sissy-lc-equestrian/,https://www.sellerie-lacabrade.be/be/store
https://la-cabrade.be/fr/produit/bridon-techno-hfi/,https://www.sellerie-lacabrade.be/be/products/bridon-techno-hfi-odoo-19510
https://la-cabrade.be/nl/product/hfi-techno-hoofdstel-2/,https://www.sellerie-lacabrade.be/be/products/bridon-techno-hfi-odoo-19510
https://la-cabrade.be/fr/produit/brosse-a-crins-en-hetre-ronde-borstiq/,https://www.sellerie-lacabrade.be/be/store
https://la-cabrade.be/nl/product/borstiq-ronde-beukenhouten-borstel-2/,https://www.sellerie-lacabrade.be/be/store
https://la-cabrade.be/fr/produit/brosse-applicateur-shampoing-hippotonic/,https://www.sellerie-lacabrade.be/be/products/brosse-applicateur-shampoing-hippotonic-odoo-18425
https://la-cabrade.be/nl/product/brosse-applicateur-shampoing-hippotonic/,https://www.sellerie-lacabrade.be/be/products/brosse-applicateur-shampoing-hippotonic-odoo-18425
https://la-cabrade.be/fr/produit/brosse-a-sabots-bamboo-eco-br/,https://www.sellerie-lacabrade.be/be/products/70938-brosse-sabots-bamboo-eco-br-odoo-22642
https://la-cabrade.be/nl/product/brosse-a-sabots-bamboo-eco-br/,https://www.sellerie-lacabrade.be/be/products/70938-brosse-sabots-bamboo-eco-br-odoo-22642
https://la-cabrade.be/fr/produit/brosse-cactus-crins-borstiq-banane/,https://www.sellerie-lacabrade.be/be/store
https://la-cabrade.be/nl/product/cactusborstel-borstiq-bananenhaar/,https://www.sellerie-lacabrade.be/be/store
https://la-cabrade.be/fr/produit/brosse-grooming-massage-volta-imperial-riding/,https://www.sellerie-lacabrade.be/be/products/40693-brosse-grooming-massage-volta-imperial-riding-odoo-16021
https://la-cabrade.be/nl/product/verzorging-massage-borstel-volta-imperial-rijden-2/,https://www.sellerie-lacabrade.be/be/store
https://la-cabrade.be/fr/produit/brosse-hippotonic-multifonction/,https://www.sellerie-lacabrade.be/be/products/brosse-multifonction-hippotonic-odoo-13866
https://la-cabrade.be/nl/product/multifunctionele-hippotone-borstel/,https://www.sellerie-lacabrade.be/be/store
https://la-cabrade.be/fr/produit/brosse-medium-bamboo-eco-br/,https://www.sellerie-lacabrade.be/be/products/70940-brosse-crins-bamboo-eco-br-odoo-22644
https://la-cabrade.be/nl/product/brosse-medium-bamboo-eco-br/,https://www.sellerie-lacabrade.be/be/products/70940-brosse-crins-bamboo-eco-br-odoo-22644
https://la-cabrade.be/fr/produit/brosse-super-qhp/,https://www.sellerie-lacabrade.be/be/products/brosse-super-qhp-odoo-21414
https://la-cabrade.be/nl/product/super-qhp-borstel-2/,https://www.sellerie-lacabrade.be/be/products/brosse-super-qhp-odoo-21414
https://la-cabrade.be/fr/produit/carbon-gel-absolute-front-veredus/,https://www.sellerie-lacabrade.be/be/products/carbon-gel-absolute-front-veredus-odoo-16931
https://la-cabrade.be/nl/product/carbon-gel-absolute-voorveredus-2/,https://www.sellerie-lacabrade.be/be/products/carbon-gel-absolute-front-veredus-odoo-16931
https://la-cabrade.be/fr/produit/carbon-gel-absolute-rear-veredus/,https://www.sellerie-lacabrade.be/be/products/carbon-gel-absolute-rear-veredus-odoo-16932
https://la-cabrade.be/nl/product/carbon-gel-absolute-achter-veredus/,https://www.sellerie-lacabrade.be/be/products/carbon-gel-absolute-front-veredus-odoo-16931
https://la-cabrade.be/fr/produit/carbon-gel-vento-save-the-sheep-rear/,https://www.sellerie-lacabrade.be/be/store
https://la-cabrade.be/nl/product/carbon-gel-vento-red-het-schaap-achter-2/,https://www.sellerie-lacabrade.be/be/store
https://la-cabrade.be/fr/produit/casque-ambrosia-premiere/,https://www.sellerie-lacabrade.be/be/products/casque-ambrosia-premiere-odoo-21474
https://la-cabrade.be/nl/product/ambrosia-premiere-helm-2/,https://www.sellerie-lacabrade.be/be/products/casque-ambrosia-premiere-odoo-21474
https://la-cabrade.be/fr/produit/casque-armet-dark-angel-jugulaire-pu-flex-on/,https://www.sellerie-lacabrade.be/be/products/casque-armet-dark-angel-jugulaire-pu-flex-on-odoo-22096
https://la-cabrade.be/nl/product/armet-dark-angel-helm-pu-flex-op-kinband/,https://www.sellerie-lacabrade.be/be/products/casque-armet-dark-angel-jugulaire-pu-flex-on-odoo-22096
https://la-cabrade.be/fr/produit/casque-armet-star-angel-jugulaire-pu-flex-on/,https://www.sellerie-lacabrade.be/be/products/casque-armet-star-angel-jugulaire-pu-flex-on-odoo-20483
https://la-cabrade.be/nl/product/armet-star-angel-helm-pu-flex-op-kinband/,https://www.sellerie-lacabrade.be/be/products/casque-armet-star-angel-jugulaire-pu-flex-on-odoo-20483
https://la-cabrade.be/fr/produit/kooki-lady-crystal-carpet-matt/,https://www.sellerie-lacabrade.be/be/products/casque-kooki-crystal-carpet-matt-kask-odoo-15974
https://la-cabrade.be/nl/product/kooki-lady-kristal-tapijt-mat-2/,https://www.sellerie-lacabrade.be/be/store
https://la-cabrade.be/fr/produit/kooki-lady-crystal-carpet-glossy/,https://www.sellerie-lacabrade.be/be/products/casque-kooki-lady-crystal-carpet-glossy-kask-odoo-15965
https://la-cabrade.be/nl/product/kooki-lady-kristal-tapijt-glanzend/,https://www.sellerie-lacabrade.be/be/store
https://la-cabrade.be/fr/produit/casque-kooki-lady-matt-kask/,https://www.sellerie-lacabrade.be/be/products/casque-kooki-lady-matt-kask-odoo-16441
https://la-cabrade.be/nl/product/kooki-lady-mat-kask-helm-2/,https://www.sellerie-lacabrade.be/be/products/casque-kooki-lady-shine-kask-odoo-14981
https://la-cabrade.be/fr/produit/casque-br-lambda-2/,https://www.sellerie-lacabrade.be/be/products/casque-lambda-br-odoo-15748
https://la-cabrade.be/nl/product/br-lambda-2-helm/,https://www.sellerie-lacabrade.be/be/products/casque-lambda-br-odoo-15748
https://la-cabrade.be/fr/produit/casque-kooki-matt-kask-2/,https://www.sellerie-lacabrade.be/be/products/casque-kooki-matt-kask-odoo-16442
https://la-cabrade.be/nl/product/kooki-mat-kask-2-helm-2/,https://www.sellerie-lacabrade.be/be/products/casque-kooki-matt-kask-odoo-16442
https://la-cabrade.be/fr/produit/casque-lambda-glossy-br/,https://www.sellerie-lacabrade.be/be/products/casque-lambda-glossy-br-odoo-16286
https://la-cabrade.be/nl/product/casque-lambda-glossy-br/,https://www.sellerie-lacabrade.be/be/products/casque-lambda-glossy-br-odoo-16286
https://la-cabrade.be/fr/produit/casque-br-lambda-painted-2/,https://www.sellerie-lacabrade.be/be/products/casque-lambda-painted-br-odoo-16644
https://la-cabrade.be/nl/product/br-lambda-painted-2-helm-2/,https://www.sellerie-lacabrade.be/be/products/casque-lambda-painted-br-odoo-16644
https://la-cabrade.be/fr/produit/casque-lambda-plus-glitter-2/,https://www.sellerie-lacabrade.be/be/products/casque-lambda-plus-glitter-br-odoo-16300
https://la-cabrade.be/nl/product/lambda-plus-glitter-2-helm-2/,https://www.sellerie-lacabrade.be/be/products/casque-lambda-plus-glitter-br-odoo-16300
https://la-cabrade.be/fr/produit/bombe-br-lambda-plus-painted/,https://www.sellerie-lacabrade.be/be/products/casque-lambda-plus-painted-br-odoo-16762
https://la-cabrade.be/nl/product/bom-br-lambda-plus-geschilderd/,https://www.sellerie-lacabrade.be/be/products/casque-lambda-plus-painted-br-odoo-16762
https://la-cabrade.be/fr/produit/casque-olania-deluxe-grde-visiere-imperial-riding/,https://www.sellerie-lacabrade.be/be/products/casque-olania-deluxe-grde-visi-re-imperial-riding-odoo-20661
https://la-cabrade.be/nl/product/olania-deluxe-helm-groot-keizerlijk-rijvizier/,https://www.sellerie-lacabrade.be/be/store
https://la-cabrade.be/fr/produit/casque-br-omega-carbon-2/,https://www.sellerie-lacabrade.be/be/products/casque-sigma-carbon-br-odoo-15837
https://la-cabrade.be/nl/product/omega-carbon-2-br-helm/,https://www.sellerie-lacabrade.be/be/store
https://la-cabrade.be/fr/produit/casque-br-omega-painted-or-rose-2/,https://www.sellerie-lacabrade.be/be/products/casque-omega-painted-or-rose-br-odoo-15829
https://la-cabrade.be/nl/product/br-omega-helm-rosegoud-gelakt-2-2/,https://www.sellerie-lacabrade.be/be/store
https://la-cabrade.be/fr/produit/casque-petite-shiny-premiere/,https://www.sellerie-lacabrade.be/be/products/casque-petite-shiny-premiere-odoo-18372
https://la-cabrade.be/nl/product/kleine-glanzende-premierehelm/,https://www.sellerie-lacabrade.be/be/store
https://la-cabrade.be/fr/produit/casque-samshield-shadowmatt-255-swarovski/,https://www.sellerie-lacabrade.be/be/products/15266-casque-shadowmatt-1-0-top-255-swarovski-samshield-odoo-14020
https://la-cabrade.be/nl/product/samshield-shadowmatt-255-swarovski-helm-2/,https://www.sellerie-lacabrade.be/be/products/15266-casque-shadowmatt-1-0-top-255-swarovski-samshield-odoo-14020
https://la-cabrade.be/fr/produit/casque-sigma-carbon-br/,https://www.sellerie-lacabrade.be/be/products/casque-sigma-carbon-br-odoo-15837
https://la-cabrade.be/nl/product/sigma-carbon-br-helm-2/,https://www.sellerie-lacabrade.be/be/products/casque-sigma-carbon-br-odoo-15837
https://la-cabrade.be/fr/produit/casque-star-lady-chrome-diamond-mix-kask/,https://www.sellerie-lacabrade.be/be/products/59117-casque-star-lady-chrome-diamond-mix-kask-odoo-20142
https://la-cabrade.be/nl/product/kask-star-lady-chroom-diamant-mix-helm-2/,https://www.sellerie-lacabrade.be/be/products/59117-casque-star-lady-chrome-diamond-mix-kask-odoo-20142
https://la-cabrade.be/fr/produit/casque-theta-painted-br/,https://www.sellerie-lacabrade.be/be/products/casque-theta-plus-painted-br-odoo-18223
https://la-cabrade.be/nl/product/theta-geverfde-br-helm-2/,https://www.sellerie-lacabrade.be/be/store
https://la-cabrade.be/fr/produit/casque-theta-plus-glossy-metalic-br/,https://www.sellerie-lacabrade.be/be/products/casque-th-ta-plus-glossy-metalic-br-odoo-17870
https://la-cabrade.be/nl/product/theta-plus-glanzend-metalic-br-helm-2/,https://www.sellerie-lacabrade.be/be/store
https://la-cabrade.be/fr/produit/casque-theta-plus-painted-br/,https://www.sellerie-lacabrade.be/be/products/casque-theta-plus-painted-br-odoo-18223
https://la-cabrade.be/nl/product/theta-plus-gelakte-helm-br/,https://www.sellerie-lacabrade.be/be/products/casque-theta-plus-painted-br-odoo-18223
https://la-cabrade.be/fr/produit/casque-br-theta-plus-painted-glitter-br/,https://www.sellerie-lacabrade.be/be/products/casque-theta-plus-painted-glitter-br-odoo-22231
https://la-cabrade.be/nl/product/br-theta-plus-helm-gelakt-glitter-br/,https://www.sellerie-lacabrade.be/be/products/casque-theta-plus-painted-glitter-br-odoo-22231
https://la-cabrade.be/fr/produit/casquette-kl-genessis-kingsland-unisexe/,https://www.sellerie-lacabrade.be/be/store
https://la-cabrade.be/nl/product/kl-genessis-kingsland-unisex-pet/,https://www.sellerie-lacabrade.be/be/store
https://la-cabrade.be/fr/produit/casquette-michel-lc-equestrian/,https://www.sellerie-lacabrade.be/be/products/casquette-michel-lc-equestrian-odoo-22963
https://la-cabrade.be/nl/product/casquette-michel-lc-equestrian/,https://www.sellerie-lacabrade.be/be/products/casquette-michel-lc-equestrian-odoo-22963
https://la-cabrade.be/fr/produit/casquette-pikeur-ss23/,https://www.sellerie-lacabrade.be/be/products/casquette-lasercut-mesh-pikeur-odoo-23206
https://la-cabrade.be/nl/product/ss23-pikeurkap/,https://www.sellerie-lacabrade.be/be/store
https://la-cabrade.be/fr/produit/casque-br-volta-painted-vg1/,https://www.sellerie-lacabrade.be/be/products/casque-volta-painted-br-odoo-14790
https://la-cabrade.be/nl/product/br-volta-geverfde-vg1-helm-2/,https://www.sellerie-lacabrade.be/be/store
https://la-cabrade.be/fr/produit/cavalor-lurax-s-r/,https://www.sellerie-lacabrade.be/be/store
https://la-cabrade.be/nl/product/cavalor-lurax-s-r-2/,https://www.sellerie-lacabrade.be/be/store
https://la-cabrade.be/fr/produit/ceinture-anky/,https://www.sellerie-lacabrade.be/be/products/ceinture-anky-odoo-22042
https://la-cabrade.be/nl/product/anky-riem/,https://www.sellerie-lacabrade.be/be/products/ceinture-anky-odoo-22042
https://la-cabrade.be/fr/produit/ceinture-bloome-harcour-s22/,https://www.sellerie-lacabrade.be/be/products/ceinture-bloome-harcour-odoo-17097
https://la-cabrade.be/nl/product/bloome-harcour-s22-riem-2/,https://www.sellerie-lacabrade.be/be/products/ceinture-bloome-harcour-odoo-17097
https://la-cabrade.be/fr/produit/ceinture-brume-harcour-lavande/,https://www.sellerie-lacabrade.be/be/products/ceinture-bloome-harcour-odoo-17097
https://la-cabrade.be/nl/product/harcour-lavendel-mist-riem/,https://www.sellerie-lacabrade.be/be/store
https://la-cabrade.be/fr/produit/ceinture-hv-polo-camila-cognac-2/,https://www.sellerie-lacabrade.be/be/store
https://la-cabrade.be/nl/product/riem-hv-polo-camila-cognac-2-2/,https://www.sellerie-lacabrade.be/be/store
https://la-cabrade.be/fr/produit/ceinture-de-respect-zandona-superior-evo/,https://www.sellerie-lacabrade.be/be/products/ceinture-de-respect-superior-evo-zandona-odoo-13775
https://la-cabrade.be/nl/product/zandona-superior-evo-respect-riem/,https://www.sellerie-lacabrade.be/be/products/ceinture-de-respect-superior-evo-zandona-odoo-13775
https://la-cabrade.be/fr/produit/ceinture-elastique-ct-pour-homme-2/,https://www.sellerie-lacabrade.be/be/store
https://la-cabrade.be/nl/product/ct-elastische-riem-voor-mannen-2/,https://www.sellerie-lacabrade.be/be/store
https://la-cabrade.be/fr/produit/ceinture-perles-faites-main-kentucky/,https://www.sellerie-lacabrade.be/be/store
https://la-cabrade.be/nl/product/handgemaakte-parelriem-kentucky-2/,https://www.sellerie-lacabrade.be/be/store
https://la-cabrade.be/fr/produit/ceinture-signature-penelope/,https://www.sellerie-lacabrade.be/be/products/ceinture-signature-penelope-odoo-20549
https://la-cabrade.be/nl/product/penelope-handtekening-riem-2/,https://www.sellerie-lacabrade.be/be/store
https://la-cabrade.be/fr/produit/chaps-en-cuir-horze-classic/,https://www.sellerie-lacabrade.be/be/store
https://la-cabrade.be/nl/product/horze-klassieke-leren-chaps-2/,https://www.sellerie-lacabrade.be/be/store
https://la-cabrade.be/fr/produit/chaps-liberty-freejump-std/,https://www.sellerie-lacabrade.be/be/store
https://la-cabrade.be/nl/product/chaps-liberty-vrijspringen-std/,https://www.sellerie-lacabrade.be/be/store
https://la-cabrade.be/fr/produit/chaps-liberty-freejump-tall-haut/,https://www.sellerie-lacabrade.be/be/store
https://la-cabrade.be/nl/product/chaps-liberty-freejump-hoge-top/,https://www.sellerie-lacabrade.be/be/store
https://la-cabrade.be/fr/produit/chaps-penelope-softy-kids/,https://www.sellerie-lacabrade.be/be/store
https://la-cabrade.be/nl/product/chaps-penelope-softy-kinderen/,https://www.sellerie-lacabrade.be/be/store
https://la-cabrade.be/fr/produit/chariot-pliable-carry-light-imperial-riding/,https://www.sellerie-lacabrade.be/be/store
https://la-cabrade.be/nl/product/draag-lichte-imperial-rijdende-opvouwbare-trolley-2/,https://www.sellerie-lacabrade.be/be/store
https://la-cabrade.be/fr/produit/chariot-porte-selle-hippo-tonic/,https://www.sellerie-lacabrade.be/be/store
https://la-cabrade.be/nl/product/hippo-tonic-zadelrek-trolley-2/,https://www.sellerie-lacabrade.be/be/store
https://la-cabrade.be/fr/produit/chaussette-belinda-br/,https://www.sellerie-lacabrade.be/be/store
https://la-cabrade.be/nl/product/belinda-br-sok-2/,https://www.sellerie-lacabrade.be/be/store
https://la-cabrade.be/fr/produit/chaussettes-balzane-domi-s24-samshield/,https://www.sellerie-lacabrade.be/be/store
https://la-cabrade.be/nl/product/balzane-domi-s24-samshield-sokken/,https://www.sellerie-lacabrade.be/be/store
https://la-cabrade.be/fr/produit/chaussettes-balzane-soft-s24-samshield/,https://www.sellerie-lacabrade.be/be/store
https://la-cabrade.be/nl/product/balzane-soft-s24-samshield-sokken/,https://www.sellerie-lacabrade.be/be/store
https://la-cabrade.be/fr/produit/chaussettes-clx-br/,https://www.sellerie-lacabrade.be/be/products/chaussettes-argyle-e-l-t-odoo-23130
https://la-cabrade.be/nl/product/clx-br-sokken/,https://www.sellerie-lacabrade.be/be/products/licol-clx-br-odoo-20570
https://la-cabrade.be/fr/produit/chaussettes-jolie-lc-equestrian/,https://www.sellerie-lacabrade.be/be/products/chaussettes-jolie-lc-equestrian-odoo-22648
https://la-cabrade.be/nl/product/chaussettes-jolie-lc-equestrian/,https://www.sellerie-lacabrade.be/be/products/chaussettes-jolie-lc-equestrian-odoo-22648
https://la-cabrade.be/fr/produit/chaussettes-knee-socks-pikeur-sports/,https://www.sellerie-lacabrade.be/be/products/chaussettes-knee-socks-pikeur-sports-odoo-21940
https://la-cabrade.be/nl/product/kniekousen-pikeur-sport/,https://www.sellerie-lacabrade.be/be/store
https://la-cabrade.be/fr/produit/chaussettes-pikeur-athleisure/,https://www.sellerie-lacabrade.be/be/products/chaussettes-pikeur-athleisure-odoo-21939
https://la-cabrade.be/nl/product/pikeur-athleisure-sokken/,https://www.sellerie-lacabrade.be/be/products/chaussettes-pikeur-athleisure-odoo-21939
https://la-cabrade.be/fr/produit/chaussettes-techniques-rg/,https://www.sellerie-lacabrade.be/be/products/chaussettes-techniques-rg-odoo-14530
https://la-cabrade.be/nl/product/rg-technische-sokken/,https://www.sellerie-lacabrade.be/be/store
https://la-cabrade.be/fr/produit/chaussures-liberty-freejump/,https://www.sellerie-lacabrade.be/be/store
https://la-cabrade.be/nl/product/liberty-freejump-schoenen-2/,https://www.sellerie-lacabrade.be/be/store
https://la-cabrade.be/fr/produit/chemise-anti-eczema-hoodie-qhp/,https://www.sellerie-lacabrade.be/be/store
https://la-cabrade.be/nl/product/anti-eczeem-hoodie-qhp-2/,https://www.sellerie-lacabrade.be/be/store
https://la-cabrade.be/fr/produit/chemise-anti-mouches-cou-amovible-s24-br/,https://www.sellerie-lacabrade.be/be/products/chemise-anti-mouches-rambo-protector-horseware-odoo-21771
https://la-cabrade.be/nl/product/vliegenhemd-met-afneembare-hals-s24-br/,https://www.sellerie-lacabrade.be/be/store
https://la-cabrade.be/fr/produit/chemise-anti-mouches-presteq-smart-protection/,https://www.sellerie-lacabrade.be/be/products/chemise-anti-mouches-rambo-protector-horseware-odoo-21771
https://la-cabrade.be/nl/product/presteq-smart-protection-vliegenhemd-2/,https://www.sellerie-lacabrade.be/be/store
https://la-cabrade.be/fr/produit/chemise-anti-mouches-s24-br/,https://www.sellerie-lacabrade.be/be/products/gu-tres-anti-mouches-horseware-odoo-19907
https://la-cabrade.be/nl/product/s24-br-vliegenhemd-2/,https://www.sellerie-lacabrade.be/be/store
https://la-cabrade.be/fr/produit/chemise-coton-kentucky/,https://www.sellerie-lacabrade.be/be/store
https://la-cabrade.be/nl/product/katoenen-overhemd-kentucky/,https://www.sellerie-lacabrade.be/be/store
https://la-cabrade.be/fr/produit/chemise-de-competition-5290-dame-pikeur-selection/,https://www.sellerie-lacabrade.be/be/store
https://la-cabrade.be/nl/product/wedstrijdshirt-5290-selectie-damespikeur/,https://www.sellerie-lacabrade.be/be/store
https://la-cabrade.be/fr/produit/chemise-de-competition-manches-longues-luminous-anky/,https://www.sellerie-lacabrade.be/be/store
https://la-cabrade.be/nl/product/lichtgevend-anky-wedstrijdshirt-met-lange-mouwen-2/,https://www.sellerie-lacabrade.be/be/store
https://la-cabrade.be/fr/produit/chemise-de-competition-pleated-jersey-cavalleria-toscana/,https://www.sellerie-lacabrade.be/be/store
https://la-cabrade.be/nl/product/cavalleria-toscana-geplooid-jersey-wedstrijdshirt/,https://www.sellerie-lacabrade.be/be/store
https://la-cabrade.be/fr/produit/chemise-de-concours-kl-hollis-enfant-kingsland/,https://www.sellerie-lacabrade.be/be/store
https://la-cabrade.be/nl/product/kl-hollis-kind-kingsland-wedstrijdshirt/,https://www.sellerie-lacabrade.be/be/store
https://la-cabrade.be/fr/produit/chemise-lges-manches-loise-crystal-leaf-samshield/,https://www.sellerie-lacabrade.be/be/store
https://la-cabrade.be/nl/product/lge-shirt-loise-mouwen-crystal-leaf-samshield-2/,https://www.sellerie-lacabrade.be/be/store
https://la-cabrade.be/fr/produit/chemise-sechante-4d-spacer-kentucky/,https://www.sellerie-lacabrade.be/be/store
https://la-cabrade.be/nl/product/4d-afstandhouder-kentucky-dry-liner/,https://www.sellerie-lacabrade.be/be/store
https://la-cabrade.be/fr/produit/chemise-technique-donna-equestro/,https://www.sellerie-lacabrade.be/be/store
https://la-cabrade.be/nl/product/donna-equestro-technisch-shirt-2/,https://www.sellerie-lacabrade.be/be/store
https://la-cabrade.be/fr/produit/cirage-br-50ml/,https://www.sellerie-lacabrade.be/be/products/cirage-br-50ml-odoo-19494
https://la-cabrade.be/nl/product/polish-br-50ml-2/,https://www.sellerie-lacabrade.be/be/products/cirage-br-50ml-odoo-19494
https://la-cabrade.be/fr/produit/cirage-black-caress-150-ml-charlees-leather/,https://www.sellerie-lacabrade.be/be/products/cirage-caress-150-ml-charlee-s-leather-odoo-20628
https://la-cabrade.be/nl/product/black-caress-polish-150-ml-charlees-leer/,https://www.sellerie-lacabrade.be/be/store
https://la-cabrade.be/fr/produit/cirage-de-niro/,https://www.sellerie-lacabrade.be/be/products/cirage-br-50ml-odoo-19494
https://la-cabrade.be/nl/product/de-niro-polish/,https://www.sellerie-lacabrade.be/be/store
https://la-cabrade.be/fr/produit/lympha-draine-vital-herbs-s-r/,https://www.sellerie-lacabrade.be/be/products/ail-semoulette-vital-herbs-s-r-odoo-13719
https://la-cabrade.be/nl/product/lympha-draine-vitale-kruiden-s-r/,https://www.sellerie-lacabrade.be/be/store
https://la-cabrade.be/fr/produit/ciseaux-courbes-hippotonic/,https://www.sellerie-lacabrade.be/be/store
https://la-cabrade.be/nl/product/hippotone-gebogen-schaar-2/,https://www.sellerie-lacabrade.be/be/store
https://la-cabrade.be/fr/produit/cle-a-crampons-en-t-feeling/,https://www.sellerie-lacabrade.be/be/store
https://la-cabrade.be/nl/product/sleutel-met-t-gevoel-2/,https://www.sellerie-lacabrade.be/be/store
https://la-cabrade.be/fr/produit/cleaner-box-1l-hotw/,https://www.sellerie-lacabrade.be/be/store
https://la-cabrade.be/nl/product/reinigingsdoos-1l-hotw/,https://www.sellerie-lacabrade.be/be/store
https://la-cabrade.be/fr/produit/clean-eyes-horse-of-the-world/,https://www.sellerie-lacabrade.be/be/store
https://la-cabrade.be/nl/product/schone-ogen-paard-van-de-wereld/,https://www.sellerie-lacabrade.be/be/store
https://la-cabrade.be/fr/produit/clean-itch-cg-horse-products/,https://www.sellerie-lacabrade.be/be/store
https://la-cabrade.be/nl/product/clean-itch-cg-paardenproducten/,https://www.sellerie-lacabrade.be/be/store
https://la-cabrade.be/fr/produit/cloches-aqua-qhp/,https://www.sellerie-lacabrade.be/be/store
https://la-cabrade.be/nl/product/aqua-bells-qhp/,https://www.sellerie-lacabrade.be/be/store
https://la-cabrade.be/fr/produit/cloches-caoutchouc-tania-lc-equestrian/,https://www.sellerie-lacabrade.be/be/products/cloches-caoutchouc-tania-lc-equestrian-odoo-22532
https://la-cabrade.be/nl/product/cloches-caoutchouc-tania-lc-equestrian/,https://www.sellerie-lacabrade.be/be/products/cloches-caoutchouc-tania-lc-equestrian-odoo-22532
https://la-cabrade.be/fr/produit/cloches-edgar-br/,https://www.sellerie-lacabrade.be/be/store
https://la-cabrade.be/nl/product/klokken-edgar-br/,https://www.sellerie-lacabrade.be/be/store
https://la-cabrade.be/fr/produit/cloches-faux-cuir-et-neoprene-eskadron/,https://www.sellerie-lacabrade.be/be/products/cloches-faux-cuir-et-n-opr-ne-eskadron-odoo-19606
https://la-cabrade.be/nl/product/eskadron-bellen-van-kunstleer-en-neopreen/,https://www.sellerie-lacabrade.be/be/store
https://la-cabrade.be/fr/produit/cloches-faux-leather-platinum-25-eskadron/,https://www.sellerie-lacabrade.be/be/products/cloches-faux-leather-platinum-25-eskadron-odoo-22509
https://la-cabrade.be/nl/product/cloches-faux-leather-platinum-25-eskadron/,https://www.sellerie-lacabrade.be/be/products/cloches-faux-leather-platinum-25-eskadron-odoo-22509
https://la-cabrade.be/fr/produit/cloches-fermees-norton-soft-striees/,https://www.sellerie-lacabrade.be/be/products/cloches-ferm-es-soft-stri-es-norton-odoo-17816
https://la-cabrade.be/nl/product/gesloten-bellen-norton-zachte-striees-2/,https://www.sellerie-lacabrade.be/be/store
https://la-cabrade.be/fr/produit/cloches-faux-leather-platinum-s24-eskadron/,https://www.sellerie-lacabrade.be/be/products/cloches-faux-leather-platinum-s24-eskadron-odoo-20827
https://la-cabrade.be/nl/product/klokken-kunstleer-platina-s24-eskadron-2/,https://www.sellerie-lacabrade.be/be/store
https://la-cabrade.be/fr/produit/cloches-neoprene-basic-waldhausen/,https://www.sellerie-lacabrade.be/be/products/cloches-n-opr-ne-basic-waldhausen-odoo-20875
https://la-cabrade.be/nl/product/neopreen-bellen-basic-waldhausen-2/,https://www.sellerie-lacabrade.be/be/products/gu-tres-basic-waldhausen-odoo-23274
https://la-cabrade.be/fr/produit/cloches-pvc-crazy-norton/,https://www.sellerie-lacabrade.be/be/products/cloches-soft-mouton-norton-odoo-11460
https://la-cabrade.be/nl/product/crazy-norton-pvc-klokken-2/,https://www.sellerie-lacabrade.be/be/store
https://la-cabrade.be/fr/produit/cloches-probell-horze/,https://www.sellerie-lacabrade.be/be/store
https://la-cabrade.be/nl/product/probell-horze-klokken/,https://www.sellerie-lacabrade.be/be/store
https://la-cabrade.be/fr/produit/cloches-light-veredus/,https://www.sellerie-lacabrade.be/be/products/cloches-safety-bell-light-veredus-odoo-21427
https://la-cabrade.be/nl/product/klokkenlicht-veredus-2/,https://www.sellerie-lacabrade.be/be/store
https://la-cabrade.be/fr/produit/cloches-soft-double-bande-velcro-norton/,https://www.sellerie-lacabrade.be/be/products/cloches-soft-double-bande-velcro-norton-odoo-15228
https://la-cabrade.be/nl/product/norton-dubbel-klittenband-zachte-bellen-2/,https://www.sellerie-lacabrade.be/be/store
https://la-cabrade.be/fr/produit/cloches-norton-soft-mouton/,https://www.sellerie-lacabrade.be/be/products/cloches-soft-mouton-norton-odoo-11460
https://la-cabrade.be/nl/product/norton-zachte-mouton-klokken/,https://www.sellerie-lacabrade.be/be/products/cloches-soft-mouton-norton-odoo-11460
https://la-cabrade.be/fr/produit/cloches-softslate-classic-sports-ss25-eskadron/,https://www.sellerie-lacabrade.be/be/products/cloches-softslate-classic-sports-ss25-eskadron-odoo-21904
https://la-cabrade.be/nl/product/bellen-softslate-classic-sports-ss25-eskadron/,https://www.sellerie-lacabrade.be/be/products/cloches-softslate-classic-sports-ss25-eskadron-odoo-21904
https://la-cabrade.be/fr/produit/cmv-pro-vital-herbs/,https://www.sellerie-lacabrade.be/be/products/cmv-pro-vital-herbs-s-r-odoo-17641
https://la-cabrade.be/nl/product/cmv-pro-vitale-kruiden/,https://www.sellerie-lacabrade.be/be/products/cmv-pro-vital-herbs-s-r-odoo-17641
https://la-cabrade.be/fr/produit/coffre-de-pansage-eco-waldhaudsen/,https://www.sellerie-lacabrade.be/be/products/coffre-de-pansage-eco-waldhaudsen-odoo-17504
https://la-cabrade.be/nl/product/waldhaudsen-eco-verzorgingsbox-2/,https://www.sellerie-lacabrade.be/be/products/coffre-de-pansage-eco-waldhaudsen-odoo-17504
https://la-cabrade.be/fr/produit/collier-adelya-penelope/,https://www.sellerie-lacabrade.be/be/products/64439-collier-adelya-penelope-odoo-21338
https://la-cabrade.be/nl/product/adelya-penelope-ketting/,https://www.sellerie-lacabrade.be/be/products/64439-collier-adelya-penelope-odoo-21338
https://la-cabrade.be/fr/produit/collier-de-chasse-3-points-new-pro-lj/,https://www.sellerie-lacabrade.be/be/store
https://la-cabrade.be/nl/product/nieuwe-pro-lj-3-punts-jachthalsband/,https://www.sellerie-lacabrade.be/be/store
https://la-cabrade.be/fr/produit/collier-angele-penelope/,https://www.sellerie-lacabrade.be/be/products/64439-collier-adelya-penelope-odoo-21338
https://la-cabrade.be/nl/product/angele-penelope-ketting-2/,https://www.sellerie-lacabrade.be/be/store
https://la-cabrade.be/fr/produit/collier-equestre-grand-modele-penelope/,https://www.sellerie-lacabrade.be/be/products/64438-collier-questre-grand-mod-le-penelope-odoo-21337
https://la-cabrade.be/nl/product/penelope-grote-ruiterhalsband-2/,https://www.sellerie-lacabrade.be/be/store
https://la-cabrade.be/fr/produit/collier-pour-chien-kentucky-laine/,https://www.sellerie-lacabrade.be/be/store
https://la-cabrade.be/nl/product/kentucky-wollen-halsband/,https://www.sellerie-lacabrade.be/be/store
https://la-cabrade.be/fr/produit/collier-pour-chien-kentucky-lezard/,https://www.sellerie-lacabrade.be/be/store
https://la-cabrade.be/nl/product/kentucky-lezard-hondenhalsband-2/,https://www.sellerie-lacabrade.be/be/store
https://la-cabrade.be/fr/produit/collier-pour-chien-vegan-leather-kentucky/,https://www.sellerie-lacabrade.be/be/store
https://la-cabrade.be/nl/product/veganistische-leren-hondenhalsband-kentucky/,https://www.sellerie-lacabrade.be/be/store
https://la-cabrade.be/fr/produit/combinaison-comfort-hood/,https://www.sellerie-lacabrade.be/be/store
https://la-cabrade.be/nl/product/comfort-kap-combinatie/,https://www.sellerie-lacabrade.be/be/store
https://la-cabrade.be/fr/produit/col-roule-zip-merino-wool-homme-cavalleria-toscana/,https://www.sellerie-lacabrade.be/be/store
https://la-cabrade.be/nl/product/merinoswol-rolkraag-ritssluiting-man-cavalleria-toscana/,https://www.sellerie-lacabrade.be/be/store
https://la-cabrade.be/fr/produit/combo-sous-couverture-couverture-cou/,https://www.sellerie-lacabrade.be/be/products/sous-couverture-rambo-horseware-odoo-11707
https://la-cabrade.be/nl/product/combo-undercover-nekhoes/,https://www.sellerie-lacabrade.be/be/store
https://la-cabrade.be/fr/produit/cone-dentrainement-hippotonic/,https://www.sellerie-lacabrade.be/be/store
https://la-cabrade.be/nl/product/hippotone-trainingskegel/,https://www.sellerie-lacabrade.be/be/store
https://la-cabrade.be/fr/produit/cooling-bandage-qhp/,https://www.sellerie-lacabrade.be/be/store
https://la-cabrade.be/nl/product/koelverband-qhp/,https://www.sellerie-lacabrade.be/be/products/ponge-xl-qhp-odoo-21413
https://la-cabrade.be/fr/produit/corde-avec-mousqueton-clx-br/,https://www.sellerie-lacabrade.be/be/products/corde-avec-mousqueton-clx-br-odoo-20571
https://la-cabrade.be/nl/product/touw-met-karabijnhaak-clx-br/,https://www.sellerie-lacabrade.be/be/store
https://la-cabrade.be/fr/produit/corde-duralastic-swivel-hook-classic-sports-ss25-eskadron/,https://www.sellerie-lacabrade.be/be/products/corde-duralastic-swivel-hook-classic-sports-ss25-eskadron-odoo-22097
https://la-cabrade.be/nl/product/duralastic-wartelhaak-touw-classic-sports-ss25-eskadron/,https://www.sellerie-lacabrade.be/be/products/corde-duralastic-swivel-hook-classic-sports-ss25-eskadron-odoo-22097
https://la-cabrade.be/fr/produit/corde-regular-reflexx-eskadron-s23/,https://www.sellerie-lacabrade.be/be/products/corde-regular-swivel-hook-dynamic-25-eskadron-odoo-22716
https://la-cabrade.be/nl/product/regelmatig-reflexx-eskadron-s23-touw/,https://www.sellerie-lacabrade.be/be/products/gu-tres-softslate-evowool-reflexx-s23-eskadron-odoo-18086
https://la-cabrade.be/fr/produit/corde-regular-swivel-hook-platinum-25-eskadron/,https://www.sellerie-lacabrade.be/be/products/corde-regular-swivel-hook-platinum-25-eskadron-odoo-22505
https://la-cabrade.be/nl/product/corde-regular-swivel-hook-platinum-25-eskadron/,https://www.sellerie-lacabrade.be/be/products/corde-regular-swivel-hook-platinum-25-eskadron-odoo-22505
https://la-cabrade.be/fr/produit/coton-gaze-posterieur/,https://www.sellerie-lacabrade.be/be/store
https://la-cabrade.be/nl/product/katoenen-gaasrug/,https://www.sellerie-lacabrade.be/be/store
https://la-cabrade.be/fr/produit/courroie-cuisse-elastique-x2/,https://www.sellerie-lacabrade.be/be/store
https://la-cabrade.be/nl/product/elastische-dijbeenband-x2-2/,https://www.sellerie-lacabrade.be/be/store
https://la-cabrade.be/fr/produit/coupelle-magnetique-pour-crampons-premiere/,https://www.sellerie-lacabrade.be/be/store
https://la-cabrade.be/nl/product/magnetische-cup-voor-premiere-studs-2/,https://www.sellerie-lacabrade.be/be/store
https://la-cabrade.be/fr/produit/courroie-de-jambe-elastique-qhp/,https://www.sellerie-lacabrade.be/be/store
https://la-cabrade.be/nl/product/elastische-beenband-qhp/,https://www.sellerie-lacabrade.be/be/store
https://la-cabrade.be/fr/produit/courroie-de-muserolle-br/,https://www.sellerie-lacabrade.be/be/store
https://la-cabrade.be/nl/product/neusriem-br/,https://www.sellerie-lacabrade.be/be/store
https://la-cabrade.be/fr/produit/couteau-coupe-criniere/,https://www.sellerie-lacabrade.be/be/store
https://la-cabrade.be/nl/product/criniere-mes/,https://www.sellerie-lacabrade.be/be/store
https://la-cabrade.be/fr/produit/couteau-de-chaleur-hippotonic-droit-lame-lisse/,https://www.sellerie-lacabrade.be/be/store
https://la-cabrade.be/nl/product/hippotonic-recht-warmtemes-glad-lemmet/,https://www.sellerie-lacabrade.be/be/store
https://la-cabrade.be/fr/produit/couvercle-blanc-pour-multibag-eco-25l-waldhausen/,https://www.sellerie-lacabrade.be/be/products/multibag-eco-25l-waldhausen-odoo-20856
https://la-cabrade.be/nl/product/wit-deksel-voor-multibag-eco-25l-waldhausen/,https://www.sellerie-lacabrade.be/be/products/multibag-eco-25l-waldhausen-odoo-20856
https://la-cabrade.be/fr/produit/couverture-0g-kentucky/,https://www.sellerie-lacabrade.be/be/products/longe-8m-kentucky-odoo-22262
https://la-cabrade.be/nl/product/dekking-0g-kentucky/,https://www.sellerie-lacabrade.be/be/products/longe-8m-kentucky-odoo-22262
https://la-cabrade.be/fr/produit/couverture-100g-luxe-qhp/,https://www.sellerie-lacabrade.be/be/products/aide-longer-luxe-qhp-odoo-14726
https://la-cabrade.be/nl/product/100g-luxe-deken-qhp/,https://www.sellerie-lacabrade.be/be/products/aide-longer-luxe-qhp-odoo-14726
https://la-cabrade.be/fr/produit/couverture-200g-luxe-qhp/,https://www.sellerie-lacabrade.be/be/products/aide-longer-luxe-qhp-odoo-14726
https://la-cabrade.be/nl/product/200g-luxe-deken-qhp/,https://www.sellerie-lacabrade.be/be/products/aide-longer-luxe-qhp-odoo-14726
https://la-cabrade.be/fr/produit/couverture-50g-luxe-qhp/,https://www.sellerie-lacabrade.be/be/products/aide-longer-luxe-qhp-odoo-14726
https://la-cabrade.be/nl/product/50g-luxe-deken-qhp/,https://www.sellerie-lacabrade.be/be/products/aide-longer-luxe-qhp-odoo-14726
https://la-cabrade.be/fr/produit/couverture-anti-mouche-combo-classic-br/,https://www.sellerie-lacabrade.be/be/products/couverture-anti-mouches-combo-premiere-odoo-15826
https://la-cabrade.be/nl/product/vliegenhoes-combo-classic-br/,https://www.sellerie-lacabrade.be/be/store
https://la-cabrade.be/fr/produit/couvert-anti-mouche-br-clasic-a-capuche-372155/,https://www.sellerie-lacabrade.be/be/store
https://la-cabrade.be/nl/product/vliegenhoes-br-clasic-capuchon-372155/,https://www.sellerie-lacabrade.be/be/store
https://la-cabrade.be/fr/produit/couverture-anti-mouche-br-capuche-passion-372158/,https://www.sellerie-lacabrade.be/be/store
https://la-cabrade.be/nl/product/vliegenkap-br-kap-passion-372158/,https://www.sellerie-lacabrade.be/be/store
https://la-cabrade.be/fr/produit/couverture-anti-mouches-combo-premiere/,https://www.sellerie-lacabrade.be/be/products/couverture-anti-mouches-combo-premiere-odoo-15826
https://la-cabrade.be/nl/product/combo-premiere-vliegenhoes/,https://www.sellerie-lacabrade.be/be/store
https://la-cabrade.be/fr/produit/couverture-anti-mouches-falabella-qhp/,https://www.sellerie-lacabrade.be/be/products/couverture-anti-mouches-lightweight-premiere-odoo-17974
https://la-cabrade.be/nl/product/falabella-vliegenkap-qhp/,https://www.sellerie-lacabrade.be/be/store
https://la-cabrade.be/fr/produit/couverture-anti-mouches-impermeable-combo-classic-kentucky/,https://www.sellerie-lacabrade.be/be/products/couverture-anti-mouches-combo-premiere-odoo-15826
https://la-cabrade.be/nl/product/waterdichte-vliegenhoes-combo-classic-kentucky/,https://www.sellerie-lacabrade.be/be/store
https://la-cabrade.be/fr/produit/couverture-anti-mouche-plat-pure-23-eskadron/,https://www.sellerie-lacabrade.be/be/store
https://la-cabrade.be/nl/product/platte-vliegenkap-pure-23-eskadron/,https://www.sellerie-lacabrade.be/be/store
https://la-cabrade.be/fr/produit/couverture-anti-mouches-kentucky/,https://www.sellerie-lacabrade.be/be/products/couverture-anti-mouches-lightweight-premiere-odoo-17974
https://la-cabrade.be/nl/product/kentucky-vliegenvanger/,https://www.sellerie-lacabrade.be/be/products/longe-8m-kentucky-odoo-22262
https://la-cabrade.be/fr/produit/couverture-anti-mouches-premiere/,https://www.sellerie-lacabrade.be/be/products/couverture-anti-mouches-lightweight-premiere-odoo-17974
https://la-cabrade.be/nl/product/premiere-vliegenhoes-2/,https://www.sellerie-lacabrade.be/be/products/longe-8m-premiere-odoo-21891
https://la-cabrade.be/fr/produit/couverture-anti-mouche-technical-qhp/,https://www.sellerie-lacabrade.be/be/store
https://la-cabrade.be/nl/product/technische-vliegenkap-qhp/,https://www.sellerie-lacabrade.be/be/store
https://la-cabrade.be/fr/produit/couverture-de-box-240-g-br/,https://www.sellerie-lacabrade.be/be/store
https://la-cabrade.be/nl/product/doos-deksel-240-g-br-2/,https://www.sellerie-lacabrade.be/be/store
https://la-cabrade.be/fr/produit/couverture-decurie-equitheme-teddy-doublee-mouton-synthetique/,https://www.sellerie-lacabrade.be/be/store
https://la-cabrade.be/nl/product/equitheme-teddy-dubbele-schapenvacht-staldeken/,https://www.sellerie-lacabrade.be/be/store
https://la-cabrade.be/fr/produit/couverture-decurie-classic-1200d-300gr-br/,https://www.sellerie-lacabrade.be/be/store
https://la-cabrade.be/nl/product/couverture-decurie-classic-1200d-300gr-br/,https://www.sellerie-lacabrade.be/be/store
https://la-cabrade.be/fr/produit/couverture-de-marcheur-impermeable-0gr-qhp/,https://www.sellerie-lacabrade.be/be/store
https://la-cabrade.be/nl/product/waterdichte-rollatorhoes-0gr-qhp-2/,https://www.sellerie-lacabrade.be/be/store
https://la-cabrade.be/fr/produit/couverture-de-marcheur-impermeable-160g-kentucky/,https://www.sellerie-lacabrade.be/be/store
https://la-cabrade.be/nl/product/waterdichte-160g-kentucky-wandeldeken/,https://www.sellerie-lacabrade.be/be/store
https://la-cabrade.be/fr/produit/couverture-de-marcheur-impermeable-200gr-qhp/,https://www.sellerie-lacabrade.be/be/store
https://la-cabrade.be/nl/product/waterdichte-wandeldeken-200gr-qhp/,https://www.sellerie-lacabrade.be/be/store
https://la-cabrade.be/fr/produit/couverture-dexterieur-all-weather-50gr/,https://www.sellerie-lacabrade.be/be/store
https://la-cabrade.be/nl/product/all-weather-buitenhoes-50gr-2/,https://www.sellerie-lacabrade.be/be/store
https://la-cabrade.be/fr/produit/couverture-de-marcheur-kentucky/,https://www.sellerie-lacabrade.be/be/store
https://la-cabrade.be/nl/product/kentucky-wandeldeken-2/,https://www.sellerie-lacabrade.be/be/products/longe-8m-kentucky-odoo-22262
https://la-cabrade.be/fr/produit/couverture-dyon-400g/,https://www.sellerie-lacabrade.be/be/store
https://la-cabrade.be/nl/product/dyon-deken-400g/,https://www.sellerie-lacabrade.be/be/store
https://la-cabrade.be/fr/produit/couverture-decurie-classic-100g-kentucky/,https://www.sellerie-lacabrade.be/be/store
https://la-cabrade.be/nl/product/decurie-klassieke-deken-100g-kentucky-2/,https://www.sellerie-lacabrade.be/be/store
https://la-cabrade.be/fr/produit/couverture-d-ecurie-classic-300g-kentucky/,https://www.sellerie-lacabrade.be/be/store
https://la-cabrade.be/nl/product/staldeken-classic-300g-kentucky/,https://www.sellerie-lacabrade.be/be/store
https://la-cabrade.be/fr/produit/couverture-d-ecurie-equitheme-teddy/,https://www.sellerie-lacabrade.be/be/store
https://la-cabrade.be/nl/product/stalbedekking-equitheme-teddy/,https://www.sellerie-lacabrade.be/be/store
https://la-cabrade.be/fr/produit/chemise-de-box-coton-premiere/,https://www.sellerie-lacabrade.be/be/products/chemise-de-box-amigo-horseware-odoo-15658
https://la-cabrade.be/nl/product/premiere-katoenen-box-shirt/,https://www.sellerie-lacabrade.be/be/store
https://la-cabrade.be/fr/produit/couverture-eponge-sechante-kentucky/,https://www.sellerie-lacabrade.be/be/store
https://la-cabrade.be/nl/product/kentucky-droge-badstof-deken/,https://www.sellerie-lacabrade.be/be/store
https://la-cabrade.be/fr/produit/chemise-impermeable-600d-premiere/,https://www.sellerie-lacabrade.be/be/store
https://la-cabrade.be/nl/product/600d-premiere-waterdicht-shirt/,https://www.sellerie-lacabrade.be/be/store
https://la-cabrade.be/fr/produit/couverture-impermeable-0-gr-qhp/,https://www.sellerie-lacabrade.be/be/store
https://la-cabrade.be/nl/product/waterdichte-deken-0-gr-qhp-2/,https://www.sellerie-lacabrade.be/be/store
https://la-cabrade.be/fr/produit/couverture-impermeable-cou-montant-1200d-300gr-br/,https://www.sellerie-lacabrade.be/be/store
https://la-cabrade.be/nl/product/waterdichte-staande-halshoes-1200d-300gr-br/,https://www.sellerie-lacabrade.be/be/store
https://la-cabrade.be/fr/produit/couverture-impermeable-glasgow-350g-horze/,https://www.sellerie-lacabrade.be/be/store
https://la-cabrade.be/nl/product/glasgow-waterdichte-deken-350g-horze/,https://www.sellerie-lacabrade.be/be/store
https://la-cabrade.be/fr/produit/couverture-impermeable-turnout-luxe-qhp/,https://www.sellerie-lacabrade.be/be/store
https://la-cabrade.be/nl/product/turnout-luxe-waterdichte-hoes-qhp-2/,https://www.sellerie-lacabrade.be/be/store
https://la-cabrade.be/fr/produit/magnetic-rug-recuptex-kentucky/,https://www.sellerie-lacabrade.be/be/store
https://la-cabrade.be/nl/product/magnetisch-tapijt-recuptex-kentucky/,https://www.sellerie-lacabrade.be/be/store
https://la-cabrade.be/fr/produit/couverture-polar-brilliance-qhp/,https://www.sellerie-lacabrade.be/be/store
https://la-cabrade.be/nl/product/polar-brilliance-qhp-afdekking/,https://www.sellerie-lacabrade.be/be/store
https://la-cabrade.be/fr/produit/couverture-polar-ekiss/,https://www.sellerie-lacabrade.be/be/store
https://la-cabrade.be/nl/product/ekiss-polar-fleece-deken-2/,https://www.sellerie-lacabrade.be/be/store
https://la-cabrade.be/fr/produit/couverture-polar-gloss-qhp/,https://www.sellerie-lacabrade.be/be/store
https://la-cabrade.be/nl/product/polar-glans-qhp-cover-2/,https://www.sellerie-lacabrade.be/be/store
https://la-cabrade.be/fr/produit/couverture-qhp-anti-eczema/,https://www.sellerie-lacabrade.be/be/products/couverture-anti-mouchge-premiere-odoo-17006
https://la-cabrade.be/nl/product/qhp-anti-eczeemdeken/,https://www.sellerie-lacabrade.be/be/store
https://la-cabrade.be/fr/produit/couverture-sechante-carre-heavy-kentucky/,https://www.sellerie-lacabrade.be/be/store
https://la-cabrade.be/nl/product/zware-kentucky-vierkante-droge-hoes-2/,https://www.sellerie-lacabrade.be/be/store
https://la-cabrade.be/fr/produit/sweat-rug-glam-platinum-pure-23-eskadron/,https://www.sellerie-lacabrade.be/be/store
https://la-cabrade.be/nl/product/sweatshirt-glam-platinum-pure-23-eskadron/,https://www.sellerie-lacabrade.be/be/store
https://la-cabrade.be/fr/produit/couverture-sechante-carre-heavy-stripes-210x200cm-kentucky/,https://www.sellerie-lacabrade.be/be/store
https://la-cabrade.be/nl/product/zware-strepen-vierkante-droge-deken-210x200cm-kentucky/,https://www.sellerie-lacabrade.be/be/store
https://la-cabrade.be/fr/produit/couverture-sechante-kentucky-show-heavy/,https://www.sellerie-lacabrade.be/be/store
https://la-cabrade.be/nl/product/droge-deken-kentucky-show-zwaar-2/,https://www.sellerie-lacabrade.be/be/store
https://la-cabrade.be/fr/produit/couverture-sechante-ratini-harcour-s23/,https://www.sellerie-lacabrade.be/be/products/couverture-s-chante-ratini-harcour-s23-odoo-18069
https://la-cabrade.be/nl/product/ratini-harcour-s23-drooghoes-2/,https://www.sellerie-lacabrade.be/be/products/couverture-s-chante-ratini-harcour-s23-odoo-18069
https://la-cabrade.be/fr/produit/couverture-turnout-br-ambiance-340gr/,https://www.sellerie-lacabrade.be/be/store
https://la-cabrade.be/nl/product/turnout-deken-br-ambiance-340gr/,https://www.sellerie-lacabrade.be/be/store
https://la-cabrade.be/fr/produit/couvre-casque-halloween-diable-qhp-8548/,https://www.sellerie-lacabrade.be/be/store
https://la-cabrade.be/nl/product/helmhoes-halloween-duivel-qhp-8548/,https://www.sellerie-lacabrade.be/be/store
https://la-cabrade.be/fr/produit/couvre-cou-1200d-150gr-br/,https://www.sellerie-lacabrade.be/be/store
https://la-cabrade.be/nl/product/nekhoes-1200d-150gr-br/,https://www.sellerie-lacabrade.be/be/store
https://la-cabrade.be/fr/produit/couvre-cou-all-weather-impermeable-150gr-kentucky/,https://www.sellerie-lacabrade.be/be/store
https://la-cabrade.be/nl/product/all-weather-waterdichte-nekhoes-150gr-kentucky-2/,https://www.sellerie-lacabrade.be/be/store
https://la-cabrade.be/fr/produit/couvre-cou-all-weather-impermeable-classic-0g-kentucky/,https://www.sellerie-lacabrade.be/be/store
https://la-cabrade.be/nl/product/all-weather-ondoordringbare-nekhoes-classic-0g-kentucky/,https://www.sellerie-lacabrade.be/be/store
https://la-cabrade.be/fr/produit/couvre-cou-heavy-fleece-kentucky/,https://www.sellerie-lacabrade.be/be/store
https://la-cabrade.be/nl/product/nekbedekking-zware-fleece-kentucky/,https://www.sellerie-lacabrade.be/be/store
https://la-cabrade.be/fr/produit/couvre-cou-recuptex-kentucky/,https://www.sellerie-lacabrade.be/be/store
https://la-cabrade.be/nl/product/nekhoes-recuptex-kentucky-2/,https://www.sellerie-lacabrade.be/be/store
https://la-cabrade.be/fr/produit/couvre-reins-160g-kentucky/,https://www.sellerie-lacabrade.be/be/products/couvre-reins-newmarket-horseware-odoo-21995
https://la-cabrade.be/nl/product/nierbedekking-160g-kentucky-2/,https://www.sellerie-lacabrade.be/be/store
https://la-cabrade.be/fr/produit/couvre-reins-3-en-1-dyon/,https://www.sellerie-lacabrade.be/be/products/couvre-reins-newmarket-horseware-odoo-21995
https://la-cabrade.be/nl/product/dyon-3-in-1-nierbekleding-2/,https://www.sellerie-lacabrade.be/be/store
https://la-cabrade.be/fr/produit/couvre-reins-all-weather-160g-kentucky/,https://www.sellerie-lacabrade.be/be/store
https://la-cabrade.be/nl/product/all-weather-nierhoes-160g-kentucky/,https://www.sellerie-lacabrade.be/be/store
https://la-cabrade.be/fr/produit/couvre-reins-carre-en-polar-br/,https://www.sellerie-lacabrade.be/be/products/couvre-reins-newmarket-horseware-odoo-21995
https://la-cabrade.be/nl/product/vierkante-nierbeschermer-van-polar-fleece/,https://www.sellerie-lacabrade.be/be/store
https://la-cabrade.be/fr/produit/couvre-reins-carre-kentucky-heavy-fleece/,https://www.sellerie-lacabrade.be/be/products/couvre-reins-rambo-fleece-compet-horseware-odoo-11742
https://la-cabrade.be/nl/product/kentucky-zware-fleece-vierkante-nierbekleding/,https://www.sellerie-lacabrade.be/be/store
https://la-cabrade.be/fr/produit/couvre-reins-heavy-fleece-kentucky/,https://www.sellerie-lacabrade.be/be/products/couvre-reins-rambo-fleece-compet-horseware-odoo-11742
https://la-cabrade.be/nl/product/zware-fleece-kentucky-nier-hoes-2/,https://www.sellerie-lacabrade.be/be/store
https://la-cabrade.be/fr/produit/couvre-reins-classic-1200d-0gr-br/,https://www.sellerie-lacabrade.be/be/store
https://la-cabrade.be/nl/product/couvre-reins-classic-1200d-0gr-br/,https://www.sellerie-lacabrade.be/be/store
https://la-cabrade.be/fr/produit/couvre-reins-impermeable-sienna-lc-equestrian/,https://www.sellerie-lacabrade.be/be/products/couvre-reins-imperm-able-sienna-lc-equestrian-odoo-22598
https://la-cabrade.be/nl/product/couvre-reins-impermeable-sienna-lc-equestrian/,https://www.sellerie-lacabrade.be/be/products/couvre-reins-imperm-able-sienna-lc-equestrian-odoo-22598
https://la-cabrade.be/fr/produit/couvre-reins-newmarket-horseware/,https://www.sellerie-lacabrade.be/be/products/couvre-reins-newmarket-horseware-odoo-21995
https://la-cabrade.be/nl/product/couvre-reins-newmarket-horseware/,https://www.sellerie-lacabrade.be/be/products/couvre-reins-newmarket-horseware-odoo-21995
https://la-cabrade.be/fr/produit/couvre-reins-phoenix-harcour-w21/,https://www.sellerie-lacabrade.be/be/store
https://la-cabrade.be/nl/product/nierbekleding-phoenix-harcour-w21/,https://www.sellerie-lacabrade.be/be/store
https://la-cabrade.be/fr/produit/couvre-reins-polaire-classic-fleece-br/,https://www.sellerie-lacabrade.be/be/products/couvre-reins-polaire-premiere-odoo-21108
https://la-cabrade.be/nl/product/couvre-reins-polaire-classic-fleece-br/,https://www.sellerie-lacabrade.be/be/products/couvre-reins-polaire-premiere-odoo-21108
https://la-cabrade.be/fr/produit/couvre-reins-polarfleece-heritage-22-eskadron/,https://www.sellerie-lacabrade.be/be/store
https://la-cabrade.be/nl/product/polarfleece-heritage-22-eskadron-nierbekleding/,https://www.sellerie-lacabrade.be/be/products/cloches-softslate-heritage-25-26-eskadron-odoo-23049
https://la-cabrade.be/fr/produit/couvre-reins-rambo-fleece-compet-horseware/,https://www.sellerie-lacabrade.be/be/products/couvre-reins-rambo-fleece-compet-horseware-odoo-11742
https://la-cabrade.be/nl/product/rambo-fleece-compet-horseware-nierbekleding-2/,https://www.sellerie-lacabrade.be/be/products/couvre-reins-rambo-fleece-compet-horseware-odoo-11742
https://la-cabrade.be/fr/produit/couvre-reins-reflechissant-qhp/,https://www.sellerie-lacabrade.be/be/products/couvre-reins-newmarket-horseware-odoo-21995
https://la-cabrade.be/nl/product/qhp-reflecterende-nierbedekking-2/,https://www.sellerie-lacabrade.be/be/store
https://la-cabrade.be/fr/produit/couvre-reins-softshell-classic-br/,https://www.sellerie-lacabrade.be/be/products/couvre-reins-newmarket-horseware-odoo-21995
https://la-cabrade.be/nl/product/couvre-reins-softshell-classic-br/,https://www.sellerie-lacabrade.be/be/products/couvre-reins-newmarket-horseware-odoo-21995
https://la-cabrade.be/fr/produit/crampons-10-acier-w3-8-6-cotes-13-mm-premiere/,https://www.sellerie-lacabrade.be/be/store
https://la-cabrade.be/nl/product/10-stalen-spikes-w3-8-6-afmetingen-13-mm-premiere/,https://www.sellerie-lacabrade.be/be/store
https://la-cabrade.be/fr/produit/crampons-10-acier-w3-8-carre-10-mm-premiere/,https://www.sellerie-lacabrade.be/be/store
https://la-cabrade.be/nl/product/10-stalen-spikes-w3-8-vierkant-10-mm-premiere/,https://www.sellerie-lacabrade.be/be/store
https://la-cabrade.be/fr/produit/crampons-10-acier-w3-8-obtus-12-mm-premiere/,https://www.sellerie-lacabrade.be/be/store
https://la-cabrade.be/nl/product/10-staal-w3-8-stompe-12-mm-premierebouten/,https://www.sellerie-lacabrade.be/be/store
https://la-cabrade.be/fr/produit/crampons-10-acier-w3-8-ovale-12x16-mm-premiere/,https://www.sellerie-lacabrade.be/be/store
https://la-cabrade.be/nl/product/10-stalen-spikes-w3-8-ovaal-12x16-mm-premiere/,https://www.sellerie-lacabrade.be/be/store
https://la-cabrade.be/fr/produit/crampons-10-acier-w3-8-pointe-13-mm-16-mm-premiere/,https://www.sellerie-lacabrade.be/be/store
https://la-cabrade.be/nl/product/tapeinden-10-staal-w3-8-punt-13-mm-16-mm-premiere/,https://www.sellerie-lacabrade.be/be/store
https://la-cabrade.be/fr/produit/crampons-10-acier-w3-8-pointe-13-mm-premiere/,https://www.sellerie-lacabrade.be/be/store
https://la-cabrade.be/nl/product/10-stalen-spikes-w3-8-spike-13-mm-premiere/,https://www.sellerie-lacabrade.be/be/store
https://la-cabrade.be/fr/produit/crampons-autonettoyants-m12-obtus-tete-ronde-12mm-premiere/,https://www.sellerie-lacabrade.be/be/store
https://la-cabrade.be/nl/product/zelfreinigende-tapeinden-m12-stompe-ronde-kop-12mm-premiere-2/,https://www.sellerie-lacabrade.be/be/store
https://la-cabrade.be/fr/produit/crampons-premiere-selfclean-3-8-hexagonales-23mm/,https://www.sellerie-lacabrade.be/be/store
https://la-cabrade.be/nl/product/premiere-zelfreinigende-spikes-3-8-zeskant-23mm/,https://www.sellerie-lacabrade.be/be/store
https://la-cabrade.be/fr/produit/cravache-de-dressage-110-cm-argent-whip-go/,https://www.sellerie-lacabrade.be/be/products/cravache-dressage-argent-whip-go-odoo-13718
https://la-cabrade.be/nl/product/110-cm-dressuur-zweep-zilver-zweep-go/,https://www.sellerie-lacabrade.be/be/store
https://la-cabrade.be/fr/produit/cravache-obstacle-carbon-fleck/,https://www.sellerie-lacabrade.be/be/products/cravache-obstacle-carbon-fleck-odoo-17004
https://la-cabrade.be/nl/product/obstakel-zweep-carbon-vlek-2/,https://www.sellerie-lacabrade.be/be/store
https://la-cabrade.be/fr/produit/cravache-obstacle-carbon-graphite-fleck/,https://www.sellerie-lacabrade.be/be/products/cravache-obstacle-carbon-graphite-fleck-odoo-19456
https://la-cabrade.be/nl/product/obstakel-zweep-koolstof-grafiet-vlek-2/,https://www.sellerie-lacabrade.be/be/store
https://la-cabrade.be/fr/produit/cravache-obstacle-contact-noir-fleck/,https://www.sellerie-lacabrade.be/be/products/55305-cravache-obstacle-contact-noir-fleck-odoo-19312
https://la-cabrade.be/nl/product/fleck-zwart-contact-springzweep-2/,https://www.sellerie-lacabrade.be/be/products/cravache-obstacle-contact-fleck-odoo-14249
https://la-cabrade.be/fr/produit/cravache-obstacle-fleck-contact/,https://www.sellerie-lacabrade.be/be/products/cravache-obstacle-contact-fleck-odoo-14249
https://la-cabrade.be/nl/product/fleck-contact-springzweep/,https://www.sellerie-lacabrade.be/be/products/cravache-obstacle-contact-fleck-odoo-14249
https://la-cabrade.be/fr/produit/cravache-obstacle-holiday-lc-equestrian/,https://www.sellerie-lacabrade.be/be/products/cravache-obstacle-holiday-lc-equestrian-odoo-22537
https://la-cabrade.be/nl/product/cravache-obstacle-holiday-lc-equestrian/,https://www.sellerie-lacabrade.be/be/products/cravache-obstacle-holiday-lc-equestrian-odoo-22537
https://la-cabrade.be/fr/produit/croupiere-eric-thomas-2/,https://www.sellerie-lacabrade.be/be/store
https://la-cabrade.be/nl/product/croupiere-eric-thomas-2/,https://www.sellerie-lacabrade.be/be/store
https://la-cabrade.be/fr/produit/creme-solaire-150ml-br/,https://www.sellerie-lacabrade.be/be/store
https://la-cabrade.be/nl/product/creme-solaire-150ml-br/,https://www.sellerie-lacabrade.be/be/store
https://la-cabrade.be/fr/produit/croupiere-premiere-2/,https://www.sellerie-lacabrade.be/be/products/longe-8m-premiere-odoo-21891
https://la-cabrade.be/nl/product/croupiere-premiere-2/,https://www.sellerie-lacabrade.be/be/products/longe-8m-premiere-odoo-21891
https://la-cabrade.be/fr/produit/cure-pied-nala-lc-equestrian/,https://www.sellerie-lacabrade.be/be/products/73197-cure-pied-nala-lc-equestrian-odoo-23066
https://la-cabrade.be/nl/product/cure-pied-nala-lc-equestrian/,https://www.sellerie-lacabrade.be/be/products/73197-cure-pied-nala-lc-equestrian-odoo-23066
https://la-cabrade.be/fr/produit/cure-pieds-3-en-1-hippotonic/,https://www.sellerie-lacabrade.be/be/products/cure-pieds-3-en-1-hippotonic-odoo-19945
https://la-cabrade.be/nl/product/cure-pieds-3-en-1-hippotonic/,https://www.sellerie-lacabrade.be/be/products/cure-pieds-3-en-1-hippotonic-odoo-19945
https://la-cabrade.be/fr/produit/cure-pieds-bamboo-eco-br/,https://www.sellerie-lacabrade.be/be/products/cure-pieds-3-en-1-hippotonic-odoo-19945
https://la-cabrade.be/nl/product/cure-pieds-bamboo-eco-br/,https://www.sellerie-lacabrade.be/be/products/cure-pieds-3-en-1-hippotonic-odoo-19945
https://la-cabrade.be/fr/produit/cure-pieds-soft-hippotonic/,https://www.sellerie-lacabrade.be/be/products/cure-pieds-soft-hippotonic-odoo-15222
https://la-cabrade.be/nl/product/cure-pieds-soft-hippotonic/,https://www.sellerie-lacabrade.be/be/products/cure-pieds-soft-hippotonic-odoo-15222
https://la-cabrade.be/fr/produit/demelant-crins-how-magic-liss/,https://www.sellerie-lacabrade.be/be/store
https://la-cabrade.be/nl/product/hoe-magische-liss-manen-remover-2/,https://www.sellerie-lacabrade.be/be/store
https://la-cabrade.be/fr/produit/derma-spray-cavalor-s-r-2/,https://www.sellerie-lacabrade.be/be/store
https://la-cabrade.be/nl/product/derma-spray-cavalor-s-r-2-2/,https://www.sellerie-lacabrade.be/be/store
https://la-cabrade.be/fr/produit/diffuseur-anti-insectes-fly-control/,https://www.sellerie-lacabrade.be/be/products/59990-diffuseur-anti-insectes-fly-control-odoo-20373
https://la-cabrade.be/nl/product/vliegenbestrijding-insectenspray-2/,https://www.sellerie-lacabrade.be/be/store
https://la-cabrade.be/fr/produit/digest-ungula-naturalis/,https://www.sellerie-lacabrade.be/be/products/28253-digest-ungula-naturalis-s-r-odoo-16440
https://la-cabrade.be/nl/product/ontsluiting-ungula-naturalis-2/,https://www.sellerie-lacabrade.be/be/products/baume-fourchette-ungula-naturalis-odoo-12563
https://la-cabrade.be/fr/produit/double-montants-new-english-dyon/,https://www.sellerie-lacabrade.be/be/store
https://la-cabrade.be/nl/product/dubbele-bedragen-nieuwe-engelse-dyon/,https://www.sellerie-lacabrade.be/be/store
https://la-cabrade.be/fr/produit/dossard-porte-numero-qhp/,https://www.sellerie-lacabrade.be/be/products/69816-dossard-porte-num-ro-qhp-odoo-22423
https://la-cabrade.be/nl/product/dossard-porte-numero-qhp/,https://www.sellerie-lacabrade.be/be/products/69816-dossard-porte-num-ro-qhp-odoo-22423
https://la-cabrade.be/fr/produit/drainage-vital-herbs/,https://www.sellerie-lacabrade.be/be/products/circul-vital-herbs-s-r-odoo-15011
https://la-cabrade.be/nl/product/vitale-kruiden-drainage/,https://www.sellerie-lacabrade.be/be/store
https://la-cabrade.be/fr/produit/doudoune-s-manche-sonia-penelope/,https://www.sellerie-lacabrade.be/be/store
https://la-cabrade.be/nl/product/sonia-penelope-donsjack-s-mouw/,https://www.sellerie-lacabrade.be/be/store
https://la-cabrade.be/fr/produit/easy-breath-sirop-vital-herbs-s-r/,https://www.sellerie-lacabrade.be/be/products/easy-breath-vital-herbs-s-r-odoo-18612
https://la-cabrade.be/nl/product/gemakkelijke-adem-siroop-vitale-kruiden-s-r-2/,https://www.sellerie-lacabrade.be/be/store
https://la-cabrade.be/fr/produit/easy-digest-vital-herbs-s-r/,https://www.sellerie-lacabrade.be/be/products/easy-digest-vital-herbs-s-r-odoo-14975
https://la-cabrade.be/nl/product/easy-digest-vitale-kruiden-s-r/,https://www.sellerie-lacabrade.be/be/products/easy-digest-vital-herbs-s-r-odoo-14975
https://la-cabrade.be/fr/produit/easy-clay-4kg-bleu-roy/,https://www.sellerie-lacabrade.be/be/products/easy-clay-4kg-bleu-roy-odoo-20347
https://la-cabrade.be/nl/product/makkelijke-klei-4kg-koningsblauw-2/,https://www.sellerie-lacabrade.be/be/store
https://la-cabrade.be/fr/produit/ecouteur-design-whis-s-r/,https://www.sellerie-lacabrade.be/be/store
https://la-cabrade.be/nl/product/whis-s-r-design-oortelefoon/,https://www.sellerie-lacabrade.be/be/store
https://la-cabrade.be/fr/produit/ecouteur-micro-competition-whis/,https://www.sellerie-lacabrade.be/be/store
https://la-cabrade.be/nl/product/ecouteur-micro-competition-whis/,https://www.sellerie-lacabrade.be/be/store
https://la-cabrade.be/fr/produit/ecusson-myprimera-gloss/,https://www.sellerie-lacabrade.be/be/store
https://la-cabrade.be/nl/product/myprimera-glansbadge-2/,https://www.sellerie-lacabrade.be/be/store
https://la-cabrade.be/fr/produit/ecusson-myprimera-lisere-argente/,https://www.sellerie-lacabrade.be/be/store
https://la-cabrade.be/nl/product/myprimera-badge-met-zilveren-rand/,https://www.sellerie-lacabrade.be/be/store
https://la-cabrade.be/fr/produit/ecusson-myprimera-lisere-brillant/,https://www.sellerie-lacabrade.be/be/store
https://la-cabrade.be/nl/product/myprimera-glanzende-zelfkant-badge/,https://www.sellerie-lacabrade.be/be/store
https://la-cabrade.be/fr/produit/elastiques-silicone-hippotonic-seau/,https://www.sellerie-lacabrade.be/be/products/lastiques-silicone-1800-hippotonic-odoo-14125
https://la-cabrade.be/nl/product/hippotone-siliconen-elastieken-emmer/,https://www.sellerie-lacabrade.be/be/store
https://la-cabrade.be/fr/produit/electrolytes-vital-herbs-s-r/,https://www.sellerie-lacabrade.be/be/products/15276-electrolytes-vital-herbs-s-r-odoo-14026
https://la-cabrade.be/nl/product/elektrolyten-vitale-kruiden-s-r/,https://www.sellerie-lacabrade.be/be/store
https://la-cabrade.be/fr/produit/emouchine-derm-lait-ravene/,https://www.sellerie-lacabrade.be/be/store
https://la-cabrade.be/nl/product/emouchine-derm-milk-ravene/,https://www.sellerie-lacabrade.be/be/store
https://la-cabrade.be/fr/produit/emouchine-protec-gel-ravene-tube-embout-mousse/,https://www.sellerie-lacabrade.be/be/products/34130-emouchine-protec-gel-embout-mousse-ravene-odoo-17236
https://la-cabrade.be/nl/product/emouchine-protec-gel-ravene-tube-schuimtip/,https://www.sellerie-lacabrade.be/be/products/34130-emouchine-protec-gel-embout-mousse-ravene-odoo-17236
https://la-cabrade.be/fr/produit/emouchine-protec-gel-pot-eponge-ravene/,https://www.sellerie-lacabrade.be/be/products/34119-emouchine-protec-gel-pot-ponge-ravene-odoo-17230
https://la-cabrade.be/nl/product/emouchine-protec-gel-pot-spons-ravene/,https://www.sellerie-lacabrade.be/be/products/34119-emouchine-protec-gel-pot-ponge-ravene-odoo-17230
https://la-cabrade.be/fr/produit/enrenement-educatif-elastique-premiere/,https://www.sellerie-lacabrade.be/be/store
https://la-cabrade.be/nl/product/eerste-elastische-opleiding/,https://www.sellerie-lacabrade.be/be/store
https://la-cabrade.be/fr/produit/enrenement-pessoa-premiere/,https://www.sellerie-lacabrade.be/be/store
https://la-cabrade.be/nl/product/enrenement-pessoa-premiere/,https://www.sellerie-lacabrade.be/be/store
https://la-cabrade.be/fr/produit/enrenement-howlett-working-by-dyon/,https://www.sellerie-lacabrade.be/be/products/enr-nement-howlett-working-by-dyon-odoo-17156
https://la-cabrade.be/nl/product/enrenement-howlett-werken-door-dyon-2/,https://www.sellerie-lacabrade.be/be/store
https://la-cabrade.be/fr/produit/eperons-arena-aluplus-2-0-acavallo/,https://www.sellerie-lacabrade.be/be/store
https://la-cabrade.be/nl/product/arena-aluplus-2-0-acavallo-spurs-2/,https://www.sellerie-lacabrade.be/be/store
https://la-cabrade.be/fr/produit/eperons-3-tiges-interchangeables-bergamo-br/,https://www.sellerie-lacabrade.be/be/store
https://la-cabrade.be/nl/product/bergamo-br-3-verwisselbare-sporen/,https://www.sellerie-lacabrade.be/be/store
https://la-cabrade.be/fr/produit/eperons-fairrider-halb-flach-20mm/,https://www.sellerie-lacabrade.be/be/store
https://la-cabrade.be/nl/product/fairrider-halb-flach-20mm-sporen-2/,https://www.sellerie-lacabrade.be/be/store
https://la-cabrade.be/fr/produit/eperons-metalab-marteaux-15mm-homme/,https://www.sellerie-lacabrade.be/be/store
https://la-cabrade.be/nl/product/metalab-hamer-sporen-15mm-man-2/,https://www.sellerie-lacabrade.be/be/store
https://la-cabrade.be/fr/produit/eperons-stubben-marteaux-seq/,https://www.sellerie-lacabrade.be/be/store
https://la-cabrade.be/nl/product/stubben-sporen-seq-hamers-2/,https://www.sellerie-lacabrade.be/be/store
https://la-cabrade.be/fr/produit/eperons-metalab-marteaux-30mm-dame/,https://www.sellerie-lacabrade.be/be/store
https://la-cabrade.be/nl/product/metalab-hamer-sporen-30mm-dame/,https://www.sellerie-lacabrade.be/be/store
https://la-cabrade.be/fr/produit/eperons-metalab-molette-hexa-homme/,https://www.sellerie-lacabrade.be/be/store
https://la-cabrade.be/nl/product/metalab-hexa-gekartelde-sporen-voor-mannen/,https://www.sellerie-lacabrade.be/be/store
https://la-cabrade.be/fr/produit/eperons-sprenger-ultra-fit-grip-bronze-rond-25-mm/,https://www.sellerie-lacabrade.be/be/store
https://la-cabrade.be/nl/product/sprenger-ultra-fit-grip-bronzen-ronde-sporen-25-mm/,https://www.sellerie-lacabrade.be/be/store
https://la-cabrade.be/fr/produit/eperons-sprenger-ultra-fit-grip-plat-35-mm/,https://www.sellerie-lacabrade.be/be/store
https://la-cabrade.be/nl/product/sprenger-ultra-fit-grip-platte-sporen-35-mm/,https://www.sellerie-lacabrade.be/be/store
https://la-cabrade.be/fr/produit/eperon-ultrafit-slim-marteau/,https://www.sellerie-lacabrade.be/be/store
https://la-cabrade.be/nl/product/eperon-ultrafit-slim-hamer-2/,https://www.sellerie-lacabrade.be/be/store
https://la-cabrade.be/fr/produit/equilibrium-filet-a-foin-vitamunch/,https://www.sellerie-lacabrade.be/be/products/filet-foin-kimi-lc-equestrian-odoo-22530
https://la-cabrade.be/nl/product/evenwicht-hooi-net-vitamunch/,https://www.sellerie-lacabrade.be/be/store
https://la-cabrade.be/fr/produit/equi-sun-block/,https://www.sellerie-lacabrade.be/be/store
https://la-cabrade.be/nl/product/equi-zonnebrandcreme-2/,https://www.sellerie-lacabrade.be/be/store
https://la-cabrade.be/fr/produit/clear-worm-vital-herbs/,https://www.sellerie-lacabrade.be/be/products/ail-semoulette-vital-herbs-s-r-odoo-13719
https://la-cabrade.be/nl/product/clear-worm-vitale-kruiden-2/,https://www.sellerie-lacabrade.be/be/store
https://la-cabrade.be/fr/produit/essential-brush-set-of-6-pcs-kentucky/,https://www.sellerie-lacabrade.be/be/store
https://la-cabrade.be/nl/product/essentiele-borstel-set-van-6-stuks-kentucky/,https://www.sellerie-lacabrade.be/be/store
https://la-cabrade.be/fr/produit/etirers-de-securite-arena-alupro-acavallo/,https://www.sellerie-lacabrade.be/be/store
https://la-cabrade.be/nl/product/arena-alupro-acavallo-veiligheidsbrancards/,https://www.sellerie-lacabrade.be/be/store
https://la-cabrade.be/fr/produit/etriers-acavallo-arena-alu-pro-kids/,https://www.sellerie-lacabrade.be/be/store
https://la-cabrade.be/nl/product/acavallo-arena-alu-pro-kinderbeugels/,https://www.sellerie-lacabrade.be/be/store
https://la-cabrade.be/fr/produit/etriers-de-securite-arena-aluplus-2-0-acavallo/,https://www.sellerie-lacabrade.be/be/store
https://la-cabrade.be/nl/product/arena-aluplus-2-0-acavallo-veiligheidsbeugels/,https://www.sellerie-lacabrade.be/be/store
https://la-cabrade.be/fr/produit/etriers-de-securite-lavarone-br/,https://www.sellerie-lacabrade.be/be/store
https://la-cabrade.be/nl/product/etriers-de-securite-lavarone-br/,https://www.sellerie-lacabrade.be/be/store
https://la-cabrade.be/fr/produit/etriers-enfant-green-composite-ig-flex-on/,https://www.sellerie-lacabrade.be/be/products/triers-green-composite-iug-noir-flex-on-odoo-20614
https://la-cabrade.be/nl/product/kinderbeugels-groen-composiet-ig-flex-on-2/,https://www.sellerie-lacabrade.be/be/store
https://la-cabrade.be/fr/produit/etriers-premium-enfant-compositi/,https://www.sellerie-lacabrade.be/be/store
https://la-cabrade.be/nl/product/premium-kinderbeugels-compositi-2/,https://www.sellerie-lacabrade.be/be/store
https://la-cabrade.be/fr/produit/etriers-safe-on-branches-noires-iug-noir-flex-on/,https://www.sellerie-lacabrade.be/be/products/triers-safe-on-branches-noires-iug-noir-flex-on-odoo-20615
https://la-cabrade.be/nl/product/safe-on-remklauwen-zwarte-takken-iug-zwart-flex-on/,https://www.sellerie-lacabrade.be/be/store
https://la-cabrade.be/fr/produit/etriers-safe-on-branches-unies-iug-noir-flex-on/,https://www.sellerie-lacabrade.be/be/products/triers-safe-on-branches-unies-iug-noir-flex-on-odoo-18520
https://la-cabrade.be/nl/product/safe-on-remklauwen-gewone-armen-iug-zwart-flex-on-2/,https://www.sellerie-lacabrade.be/be/store
https://la-cabrade.be/fr/produit/etriers-safe-on-junior-gris-flex-on/,https://www.sellerie-lacabrade.be/be/products/20620-triers-safe-on-junior-branches-grises-ig-gris-flex-on-odoo-15546
https://la-cabrade.be/nl/product/veilig-op-junior-grijs-flex-op-remklauwen-2/,https://www.sellerie-lacabrade.be/be/store
https://la-cabrade.be/fr/produit/etriers-safe-on-junior-branches-grises-ig-gris-flex-on/,https://www.sellerie-lacabrade.be/be/products/20620-triers-safe-on-junior-branches-grises-ig-gris-flex-on-odoo-15546
https://la-cabrade.be/nl/product/remklauwen-veilig-op-junior-grijze-takken-ig-gris-flex-op/,https://www.sellerie-lacabrade.be/be/store
https://la-cabrade.be/fr/produit/etriers-safe-on-milkshake-iug-flex-on/,https://www.sellerie-lacabrade.be/be/products/66188-triers-safe-on-milkshake-iug-flex-on-odoo-21718
https://la-cabrade.be/nl/product/veilig-op-milkshake-iug-flex-op-remklauwen/,https://www.sellerie-lacabrade.be/be/products/66188-triers-safe-on-milkshake-iug-flex-on-odoo-21718
https://la-cabrade.be/fr/produit/etriers-safe-on-peach-edition-limitee-flex-on/,https://www.sellerie-lacabrade.be/be/store
https://la-cabrade.be/nl/product/etriers-safe-on-peach-edition-limitee-flex-on/,https://www.sellerie-lacabrade.be/be/store
https://la-cabrade.be/fr/produit/etriers-safe-on-spring-crous-edition-limitee-flex-on/,https://www.sellerie-lacabrade.be/be/products/70509-triers-safe-on-spring-crous-dition-limit-e-flex-on-odoo-22573
https://la-cabrade.be/nl/product/etriers-safe-on-spring-crous-edition-limitee-flex-on/,https://www.sellerie-lacabrade.be/be/products/70509-triers-safe-on-spring-crous-dition-limit-e-flex-on-odoo-22573
https://la-cabrade.be/fr/produit/etriers-softup-pro-freejump/,https://www.sellerie-lacabrade.be/be/store
https://la-cabrade.be/nl/product/softup-pro-vrijspringbeugels/,https://www.sellerie-lacabrade.be/be/store
https://la-cabrade.be/fr/produit/etriers-soft-reflex-compositi/,https://www.sellerie-lacabrade.be/be/store
https://la-cabrade.be/nl/product/remklauwen-met-zachte-reflexcomposiet-2/,https://www.sellerie-lacabrade.be/be/store
https://la-cabrade.be/fr/produit/etrille-en-metal-carree-borstiq/,https://www.sellerie-lacabrade.be/be/store
https://la-cabrade.be/nl/product/etrille-en-metal-carree-borstiq/,https://www.sellerie-lacabrade.be/be/store
https://la-cabrade.be/fr/produit/etrille-metallique-irh-imperial-riding/,https://www.sellerie-lacabrade.be/be/store
https://la-cabrade.be/nl/product/metaalgaas-irh-keizerlijk-rijden/,https://www.sellerie-lacabrade.be/be/store
https://la-cabrade.be/fr/produit/etrivieres-dressage-cuir-kavalkade/,https://www.sellerie-lacabrade.be/be/store
https://la-cabrade.be/nl/product/kavalkade-lederen-dressuuraccessoires-2/,https://www.sellerie-lacabrade.be/be/store
https://la-cabrade.be/fr/produit/etrivieres-kavalkade-cuir-souple/,https://www.sellerie-lacabrade.be/be/store
https://la-cabrade.be/nl/product/etrivieres-kavalkade-zacht-leer/,https://www.sellerie-lacabrade.be/be/store
https://la-cabrade.be/fr/produit/etriviere-fender-equipe/,https://www.sellerie-lacabrade.be/be/store
https://la-cabrade.be/nl/product/etriviere-spatbord-equipe-2/,https://www.sellerie-lacabrade.be/be/store
https://la-cabrade.be/fr/produit/etrivieres-soft-br/,https://www.sellerie-lacabrade.be/be/store
https://la-cabrade.be/nl/product/etrivieres-zachte-br-2/,https://www.sellerie-lacabrade.be/be/store
https://la-cabrade.be/fr/produit/event-cream-2/,https://www.sellerie-lacabrade.be/be/store
https://la-cabrade.be/nl/product/evenementencreme-2-2/,https://www.sellerie-lacabrade.be/be/store
https://la-cabrade.be/fr/produit/extension-de-poitrail-quick-release-qhp/,https://www.sellerie-lacabrade.be/be/store
https://la-cabrade.be/nl/product/borstverlenging-met-snelsluiting-qhp-2/,https://www.sellerie-lacabrade.be/be/store
https://la-cabrade.be/fr/produit/fenugrec-vital-herbs-s-r/,https://www.sellerie-lacabrade.be/be/products/23077-fenugrec-vital-herbs-s-r-odoo-15874
https://la-cabrade.be/nl/product/fenegriek-vitale-kruiden-s-r-2/,https://www.sellerie-lacabrade.be/be/store
https://la-cabrade.be/fr/produit/eyes-nose-bleu-roy/,https://www.sellerie-lacabrade.be/be/products/eyes-nose-bleu-roy-odoo-20751
https://la-cabrade.be/nl/product/eyes-nose-bleu-roy/,https://www.sellerie-lacabrade.be/be/products/eyes-nose-bleu-roy-odoo-20751
https://la-cabrade.be/fr/produit/feratone-foran-s-r/,https://www.sellerie-lacabrade.be/be/store
https://la-cabrade.be/nl/product/feraton-voor-een-s-r-2/,https://www.sellerie-lacabrade.be/be/store
https://la-cabrade.be/fr/produit/filet-2-anneaux-4-en-1-easy-control-stubben/,https://www.sellerie-lacabrade.be/be/products/pelham-easy-control-stubben-odoo-13722
https://la-cabrade.be/nl/product/net-2-ringen-4-in-1-easy-control-stubben-2/,https://www.sellerie-lacabrade.be/be/products/pelham-easy-control-stubben-odoo-13722
https://la-cabrade.be/fr/produit/filet-a-foin-en-amande-imperial-riding/,https://www.sellerie-lacabrade.be/be/store
https://la-cabrade.be/nl/product/keizerlijk-ruiteramandel-hooinet-2/,https://www.sellerie-lacabrade.be/be/store
https://la-cabrade.be/fr/produit/filet-br-sweet-iron/,https://www.sellerie-lacabrade.be/be/store
https://la-cabrade.be/nl/product/filet-br-zoet-ijzer/,https://www.sellerie-lacabrade.be/be/store
https://la-cabrade.be/fr/produit/filet-a-foin-load-flat-irh-imperial-riding/,https://www.sellerie-lacabrade.be/be/store
https://la-cabrade.be/nl/product/hooi-netto-belasting-plat-irh-keizerlijk-rijden-2/,https://www.sellerie-lacabrade.be/be/store
https://la-cabrade.be/fr/produit/filet-brise-a-palette-feeling/,https://www.sellerie-lacabrade.be/be/store
https://la-cabrade.be/nl/product/pallet-breeknet-gevoel/,https://www.sellerie-lacabrade.be/be/store
https://la-cabrade.be/fr/produit/filet-easy-control-soft-roll-stubben/,https://www.sellerie-lacabrade.be/be/products/pelham-easy-control-stubben-odoo-13722
https://la-cabrade.be/nl/product/filet-easy-control-zachte-rol-stubben/,https://www.sellerie-lacabrade.be/be/products/pelham-easy-control-stubben-odoo-13722
https://la-cabrade.be/fr/produit/filet-flute-metalab/,https://www.sellerie-lacabrade.be/be/store
https://la-cabrade.be/nl/product/draad-voor-metalab-fluit/,https://www.sellerie-lacabrade.be/be/store
https://la-cabrade.be/fr/produit/filet-pour-nez-br-374056/,https://www.sellerie-lacabrade.be/be/products/filet-pour-cheveux-qhp-odoo-20388
https://la-cabrade.be/nl/product/net-voor-neus-br-374056/,https://www.sellerie-lacabrade.be/be/store
https://la-cabrade.be/fr/produit/filet-resille-pour-cheveux-equitheme/,https://www.sellerie-lacabrade.be/be/products/filet-pour-cheveux-qhp-odoo-20388
https://la-cabrade.be/nl/product/visnet-voor-equitheme-haar-2/,https://www.sellerie-lacabrade.be/be/store
https://la-cabrade.be/fr/produit/filet-resille-pour-cheveux/,https://www.sellerie-lacabrade.be/be/products/filet-pour-cheveux-qhp-odoo-20388
https://la-cabrade.be/nl/product/filet-resille-pour-cheveux/,https://www.sellerie-lacabrade.be/be/products/filet-pour-cheveux-qhp-odoo-20388
https://la-cabrade.be/fr/produit/filet-stubben-2-en-1-joint-sweet/,https://www.sellerie-lacabrade.be/be/store
https://la-cabrade.be/nl/product/net-stubben-2-in-1-joint-zoet-2/,https://www.sellerie-lacabrade.be/be/store
https://la-cabrade.be/fr/produit/filet-waterford-600400/,https://www.sellerie-lacabrade.be/be/store
https://la-cabrade.be/nl/product/waterford-net-600400/,https://www.sellerie-lacabrade.be/be/store
https://la-cabrade.be/fr/produit/flexadin-advanced-equistro-s-r/,https://www.sellerie-lacabrade.be/be/store
https://la-cabrade.be/nl/product/flexadin-advanced-equistro-s-r/,https://www.sellerie-lacabrade.be/be/store
https://la-cabrade.be/fr/produit/flexadin-equistro-s-r/,https://www.sellerie-lacabrade.be/be/store
https://la-cabrade.be/nl/product/flexadin-equistro-s-r-2/,https://www.sellerie-lacabrade.be/be/store
https://la-cabrade.be/fr/produit/fly-away-head-stick-vital-herbs-s-r/,https://www.sellerie-lacabrade.be/be/products/14383-fly-away-stick-vital-herbs-s-r-odoo-13691
https://la-cabrade.be/nl/product/fly-away-head-stick-vitale-kruiden-s-r/,https://www.sellerie-lacabrade.be/be/products/14383-fly-away-stick-vital-herbs-s-r-odoo-13691
https://la-cabrade.be/fr/produit/b-gastromix-bleu-roy-s-r/,https://www.sellerie-lacabrade.be/be/products/16329-b-gastromix-bleu-roy-s-r-odoo-14423
https://la-cabrade.be/nl/product/b-gastromix-bleu-roy-s-r/,https://www.sellerie-lacabrade.be/be/products/16329-b-gastromix-bleu-roy-s-r-odoo-14423
https://la-cabrade.be/fr/produit/t-shirt-col-haut-illy-br/,https://www.sellerie-lacabrade.be/be/store
https://la-cabrade.be/nl/product/illy-br-t-shirt-met-hoge-hals/,https://www.sellerie-lacabrade.be/be/store
https://la-cabrade.be/fr/produit/brosse-a-crins-tangle-tidy-lemieux/,https://www.sellerie-lacabrade.be/be/products/brosse-crins-tangle-tidy-lemieux-odoo-22229
https://la-cabrade.be/nl/product/haarborstel-tangle-tidy-lemieux/,https://www.sellerie-lacabrade.be/be/products/brosse-crins-tangle-tidy-lemieux-odoo-22229
https://la-cabrade.be/fr/produit/fly-mask-absorbine-sans-oreilles/,https://www.sellerie-lacabrade.be/be/store
https://la-cabrade.be/nl/product/vliegenmasker-absorbine-zonder-oren/,https://www.sellerie-lacabrade.be/be/store
https://la-cabrade.be/fr/produit/fly-mask-half-mask-le-mieux/,https://www.sellerie-lacabrade.be/be/store
https://la-cabrade.be/nl/product/vliegenmasker-halfmasker-het-beste-2/,https://www.sellerie-lacabrade.be/be/store
https://la-cabrade.be/fr/produit/fly-roll-on-xanthus/,https://www.sellerie-lacabrade.be/be/products/70038-fly-roll-on-xanthus-odoo-22486
https://la-cabrade.be/nl/product/fly-roll-on-xanthus/,https://www.sellerie-lacabrade.be/be/products/70038-fly-roll-on-xanthus-odoo-22486
https://la-cabrade.be/fr/produit/fourche-complete-holland-animal-care/,https://www.sellerie-lacabrade.be/be/products/baume-cuir-holland-animal-care-odoo-16127
https://la-cabrade.be/nl/product/complete-holland-dierverzorging-vork/,https://www.sellerie-lacabrade.be/be/store
https://la-cabrade.be/fr/produit/fly-sheet-platinium-sum20-1332/,https://www.sellerie-lacabrade.be/be/store
https://la-cabrade.be/nl/product/vliegvel-platinium-sum20-1332-2/,https://www.sellerie-lacabrade.be/be/store
https://la-cabrade.be/fr/produit/fourche-de-martingale-a-anneaux-working-by-dyon/,https://www.sellerie-lacabrade.be/be/store
https://la-cabrade.be/nl/product/werken-door-dyon-ring-martingale-vork-2/,https://www.sellerie-lacabrade.be/be/store
https://la-cabrade.be/fr/produit/fourreau-de-muserolle-mouton-kentucky/,https://www.sellerie-lacabrade.be/be/products/sangle-mouton-naturel-kentucky-odoo-14926
https://la-cabrade.be/nl/product/schapenvacht-neusriem-schede-kentucky/,https://www.sellerie-lacabrade.be/be/store
https://la-cabrade.be/fr/produit/fourreaux-collier-chasse-kentucky/,https://www.sellerie-lacabrade.be/be/products/collier-de-chasse-ontario-qhp-odoo-15579
https://la-cabrade.be/nl/product/jachtkraag-schedes-kentucky/,https://www.sellerie-lacabrade.be/be/store
https://la-cabrade.be/fr/produit/foxfire-demelant/,https://www.sellerie-lacabrade.be/be/store
https://la-cabrade.be/nl/product/vossenvuur-demelant/,https://www.sellerie-lacabrade.be/be/store
https://la-cabrade.be/fr/produit/friandise-vital-herbs-1kg/,https://www.sellerie-lacabrade.be/be/products/23080-friandises-1kg-vital-herbs-odoo-15875
https://la-cabrade.be/nl/product/vitale-kruiden-delicatesse-1kg/,https://www.sellerie-lacabrade.be/be/store
https://la-cabrade.be/fr/produit/friandises-pommes-vital-herbs-1kg/,https://www.sellerie-lacabrade.be/be/products/23080-friandises-1kg-vital-herbs-odoo-15875
https://la-cabrade.be/nl/product/appel-traktaties-vitale-kruiden-1kg/,https://www.sellerie-lacabrade.be/be/store
https://la-cabrade.be/fr/produit/frontal-droit-d-collection-dyon/,https://www.sellerie-lacabrade.be/be/products/bridon-hackamore-us-collection-dyon-odoo-21542
https://la-cabrade.be/nl/product/frontaal-droit-dcollection-dyon/,https://www.sellerie-lacabrade.be/be/store
https://la-cabrade.be/fr/produit/gant-de-pansage-hippotonic-teddy/,https://www.sellerie-lacabrade.be/be/products/coffre-de-pansage-brosses-hippotonic-odoo-16289
https://la-cabrade.be/nl/product/hippotone-teddy-verzorgingshandschoen/,https://www.sellerie-lacabrade.be/be/store
https://la-cabrade.be/fr/produit/gant-de-pansage-soft-qhp/,https://www.sellerie-lacabrade.be/be/products/67613-gant-de-pansage-soft-qhp-odoo-21966
https://la-cabrade.be/nl/product/gant-de-pansage-soft-qhp/,https://www.sellerie-lacabrade.be/be/products/67613-gant-de-pansage-soft-qhp-odoo-21966
https://la-cabrade.be/fr/produit/gant-double-face-hippotonic-etrille-et-massage/,https://www.sellerie-lacabrade.be/be/store
https://la-cabrade.be/nl/product/dubbelzijdige-hippotone-massagehandschoen/,https://www.sellerie-lacabrade.be/be/store
https://la-cabrade.be/fr/produit/gants-all-weather-pro-br/,https://www.sellerie-lacabrade.be/be/store
https://la-cabrade.be/nl/product/gants-all-weather-pro-br/,https://www.sellerie-lacabrade.be/be/store
https://la-cabrade.be/fr/produit/gant-mouton-lustrant-hippotonic/,https://www.sellerie-lacabrade.be/be/store
https://la-cabrade.be/nl/product/gant-mouton-lustrant-hippotonic/,https://www.sellerie-lacabrade.be/be/store
https://la-cabrade.be/fr/produit/gants-br-durable-pro-kids/,https://www.sellerie-lacabrade.be/be/store
https://la-cabrade.be/nl/product/br-duurzame-pro-kinderhandschoenen-2/,https://www.sellerie-lacabrade.be/be/store
https://la-cabrade.be/fr/produit/gants-de-travail-ete-horze/,https://www.sellerie-lacabrade.be/be/store
https://la-cabrade.be/nl/product/gants-de-travail-ete-horze/,https://www.sellerie-lacabrade.be/be/store
https://la-cabrade.be/fr/produit/gants-cato-br/,https://www.sellerie-lacabrade.be/be/store
https://la-cabrade.be/nl/product/cato-br-handschoenen/,https://www.sellerie-lacabrade.be/be/store
https://la-cabrade.be/fr/produit/gants-grip-lite-roeckl/,https://www.sellerie-lacabrade.be/be/products/gants-grip-widow-lc-equestrian-odoo-22529
https://la-cabrade.be/nl/product/roeckl-grip-lite-handschoenen-2/,https://www.sellerie-lacabrade.be/be/store
https://la-cabrade.be/fr/produit/gants-grip-pro-br/,https://www.sellerie-lacabrade.be/be/products/gants-grip-widow-lc-equestrian-odoo-22529
https://la-cabrade.be/nl/product/grip-pro-br-handschoenen/,https://www.sellerie-lacabrade.be/be/store
https://la-cabrade.be/fr/produit/gants-grip-pro-roeckl/,https://www.sellerie-lacabrade.be/be/products/gants-grip-widow-lc-equestrian-odoo-22529
https://la-cabrade.be/nl/product/grip-pro-roeckl-handschoenen-2/,https://www.sellerie-lacabrade.be/be/store
https://la-cabrade.be/fr/produit/gants-grip-widow-lc-equestrian/,https://www.sellerie-lacabrade.be/be/products/gants-grip-widow-lc-equestrian-odoo-22529
https://la-cabrade.be/nl/product/gants-grip-widow-lc-equestrian/,https://www.sellerie-lacabrade.be/be/products/gants-grip-widow-lc-equestrian-odoo-22529
https://la-cabrade.be/fr/produit/gants-hiver-cavalleria-toscana/,https://www.sellerie-lacabrade.be/be/products/ceinture-lastique-cavalleria-toscana-odoo-19544
https://la-cabrade.be/nl/product/cavalleria-toscana-winterhandschoenen-2/,https://www.sellerie-lacabrade.be/be/products/ceinture-lastique-cavalleria-toscana-odoo-19544
https://la-cabrade.be/fr/produit/gants-isra-br/,https://www.sellerie-lacabrade.be/be/store
https://la-cabrade.be/nl/product/isra-br-handschoenen-2/,https://www.sellerie-lacabrade.be/be/store
https://la-cabrade.be/fr/produit/gants-roeckl-madrid-micro-mesh/,https://www.sellerie-lacabrade.be/be/store
https://la-cabrade.be/nl/product/roeckl-madrid-micro-mesh-handschoenen/,https://www.sellerie-lacabrade.be/be/store
https://la-cabrade.be/fr/produit/gants-martingal-roeckl/,https://www.sellerie-lacabrade.be/be/store
https://la-cabrade.be/nl/product/martingal-roeckl-handschoenen/,https://www.sellerie-lacabrade.be/be/store
https://la-cabrade.be/fr/produit/gant-roeckl-melbourne/,https://www.sellerie-lacabrade.be/be/store
https://la-cabrade.be/nl/product/roeckl-melbourne-handschoen-2/,https://www.sellerie-lacabrade.be/be/store
https://la-cabrade.be/fr/produit/gants-mesh-grip-cavalleria-toscana-2/,https://www.sellerie-lacabrade.be/be/store
https://la-cabrade.be/nl/product/gants-mesh-grip-cavalleria-toscana-2/,https://www.sellerie-lacabrade.be/be/store
https://la-cabrade.be/fr/produit/gants-millero-roeckl/,https://www.sellerie-lacabrade.be/be/store
https://la-cabrade.be/nl/product/millero-roeckl-handschoenen-2/,https://www.sellerie-lacabrade.be/be/store
https://la-cabrade.be/fr/produit/gants-mesh-grip-cavalleria-toscana/,https://www.sellerie-lacabrade.be/be/store
https://la-cabrade.be/nl/product/cavalleria-toscana-mesh-handschoenen/,https://www.sellerie-lacabrade.be/be/products/ceinture-lastique-cavalleria-toscana-odoo-19544
https://la-cabrade.be/fr/produit/gant-polartec-weldon-roeckl/,https://www.sellerie-lacabrade.be/be/store
https://la-cabrade.be/nl/product/weldon-roeckl-polartec-handschoen-2/,https://www.sellerie-lacabrade.be/be/store
https://la-cabrade.be/fr/produit/gants-technical-anky/,https://www.sellerie-lacabrade.be/be/store
https://la-cabrade.be/nl/product/anky-technische-handschoenen-2/,https://www.sellerie-lacabrade.be/be/store
https://la-cabrade.be/fr/produit/gants-rg/,https://www.sellerie-lacabrade.be/be/store
https://la-cabrade.be/nl/product/gants-rg/,https://www.sellerie-lacabrade.be/be/store
https://la-cabrade.be/fr/produit/gants-tromso-waterproof-qhp/,https://www.sellerie-lacabrade.be/be/store
https://la-cabrade.be/nl/product/tromso-waterdichte-handschoenen-qhp-2/,https://www.sellerie-lacabrade.be/be/store
https://la-cabrade.be/fr/produit/gants-roeckl-grip-winter/,https://www.sellerie-lacabrade.be/be/products/gants-grip-widow-lc-equestrian-odoo-22529
https://la-cabrade.be/nl/product/roeckl-grip-winterhandschoenen-2/,https://www.sellerie-lacabrade.be/be/store
https://la-cabrade.be/fr/produit/gants-roeckl-vesta-light-and-grip-swarovski/,https://www.sellerie-lacabrade.be/be/products/gants-vesta-light-grip-swarovski-roeckl-odoo-18689
https://la-cabrade.be/nl/product/roeckl-vesta-light-en-grip-swarovski-handschoenen/,https://www.sellerie-lacabrade.be/be/products/gants-vesta-light-grip-swarovski-roeckl-odoo-18689
https://la-cabrade.be/fr/produit/gants-v-skin-blazon-chrome-samshield/,https://www.sellerie-lacabrade.be/be/store
https://la-cabrade.be/nl/product/v-skin-blazon-chroom-samshield-handschoenen-2/,https://www.sellerie-lacabrade.be/be/store
https://la-cabrade.be/fr/produit/gants-samshield-v-skin-synthetic-leather/,https://www.sellerie-lacabrade.be/be/store
https://la-cabrade.be/nl/product/samshield-v-skin-synthetisch-lederen-handschoenen-2/,https://www.sellerie-lacabrade.be/be/store
https://la-cabrade.be/fr/produit/gants-v-skin-hunter-blazon-matt-samshield/,https://www.sellerie-lacabrade.be/be/store
https://la-cabrade.be/nl/product/v-skin-hunter-blazon-matt-samshield-handschoenen-2/,https://www.sellerie-lacabrade.be/be/store
https://la-cabrade.be/fr/produit/gants-v-skin-hunter-samshield/,https://www.sellerie-lacabrade.be/be/store
https://la-cabrade.be/nl/product/gants-v-skin-hunter-samshield/,https://www.sellerie-lacabrade.be/be/store
https://la-cabrade.be/fr/produit/gants-samshield-swaros-roses-v-skin/,https://www.sellerie-lacabrade.be/be/store
https://la-cabrade.be/nl/product/samshield-swaros-roses-v-skin-handschoenen/,https://www.sellerie-lacabrade.be/be/store
https://la-cabrade.be/fr/produit/gants-v-skin-swarovski-samshield/,https://www.sellerie-lacabrade.be/be/products/casque-miss-xj-swarovski-samshield-odoo-23451
https://la-cabrade.be/nl/product/v-skin-swarovski-samshield-handschoenen-2/,https://www.sellerie-lacabrade.be/be/products/casque-miss-xj-swarovski-samshield-odoo-23451
https://la-cabrade.be/fr/produit/gants-br-warm-classy-pro/,https://www.sellerie-lacabrade.be/be/store
https://la-cabrade.be/nl/product/br-warme-classy-pro-handschoenen/,https://www.sellerie-lacabrade.be/be/store
https://la-cabrade.be/fr/produit/gants-cavalleria-toscana/,https://www.sellerie-lacabrade.be/be/products/ceinture-lastique-cavalleria-toscana-odoo-19544
https://la-cabrade.be/nl/product/cavalleria-toscana-handschoenen/,https://www.sellerie-lacabrade.be/be/products/ceinture-lastique-cavalleria-toscana-odoo-19544
https://la-cabrade.be/fr/produit/gant-technical-gloves-anky-23/,https://www.sellerie-lacabrade.be/be/store
https://la-cabrade.be/nl/product/anky-23-technische-handschoenen/,https://www.sellerie-lacabrade.be/be/store
https://la-cabrade.be/fr/produit/gastro-forte-vital-herbs-s-r/,https://www.sellerie-lacabrade.be/be/products/18149-gastro-forte-vital-herbs-s-r-odoo-15033
https://la-cabrade.be/nl/product/gastro-forte-vitale-kruiden-s-r-2/,https://www.sellerie-lacabrade.be/be/store
https://la-cabrade.be/fr/produit/gastro-less-vital-herbs-s-r/,https://www.sellerie-lacabrade.be/be/products/gastro-less-vital-herbs-s-r-odoo-13874
https://la-cabrade.be/nl/product/gastro-minder-vitale-kruiden-s-r-2/,https://www.sellerie-lacabrade.be/be/store
https://la-cabrade.be/fr/produit/gel-absorbine/,https://www.sellerie-lacabrade.be/be/store
https://la-cabrade.be/nl/product/absorberende-gel-2/,https://www.sellerie-lacabrade.be/be/store
https://la-cabrade.be/fr/produit/gel-decongestionnant-xanthus/,https://www.sellerie-lacabrade.be/be/products/60870-gel-d-congestionnant-xanthus-odoo-20578
https://la-cabrade.be/nl/product/xanthus-decongestivum-gel-2/,https://www.sellerie-lacabrade.be/be/products/60870-gel-d-congestionnant-xanthus-odoo-20578
https://la-cabrade.be/fr/produit/gel-preparateur-xanthus/,https://www.sellerie-lacabrade.be/be/products/60870-gel-d-congestionnant-xanthus-odoo-20578
https://la-cabrade.be/nl/product/xanthus-bereiding-gel/,https://www.sellerie-lacabrade.be/be/products/60870-gel-d-congestionnant-xanthus-odoo-20578
https://la-cabrade.be/fr/produit/gilet-airbag-cavalleria-toscana/,https://www.sellerie-lacabrade.be/be/products/gilet-airbag-lc-equestrian-odoo-22898
https://la-cabrade.be/nl/product/cavalleria-toscana-airbag-vest/,https://www.sellerie-lacabrade.be/be/products/ceinture-lastique-cavalleria-toscana-odoo-19544
https://la-cabrade.be/fr/produit/gilet-airbag-manege-spark/,https://www.sellerie-lacabrade.be/be/products/gilet-airbag-man-ge-spark-odoo-21320
https://la-cabrade.be/nl/product/spark-manege-airbag-vest-2/,https://www.sellerie-lacabrade.be/be/products/gilet-airbag-man-ge-spark-odoo-21320
https://la-cabrade.be/fr/produit/gilet-atc251001-anky/,https://www.sellerie-lacabrade.be/be/store
https://la-cabrade.be/nl/product/vest-atc251001-anky-2/,https://www.sellerie-lacabrade.be/be/store
https://la-cabrade.be/fr/produit/gilet-chauffant-comfort-heat-e%c2%b7l%c2%b7t/,https://www.sellerie-lacabrade.be/be/store
https://la-cabrade.be/nl/product/comfort-warmte-vest-e·l·t-2/,https://www.sellerie-lacabrade.be/be/store
https://la-cabrade.be/fr/produit/gilet-de-protection-carapax-adulte-br/,https://www.sellerie-lacabrade.be/be/store
https://la-cabrade.be/nl/product/carapax-beschermende-bodywarmer-volwassene-br/,https://www.sellerie-lacabrade.be/be/store
https://la-cabrade.be/fr/produit/gilet-chauffant-softshell-whis/,https://www.sellerie-lacabrade.be/be/store
https://la-cabrade.be/nl/product/softshell-whisky-verwarmingsjack-2/,https://www.sellerie-lacabrade.be/be/store
https://la-cabrade.be/fr/produit/gilet-reflechissant-br/,https://www.sellerie-lacabrade.be/be/store
https://la-cabrade.be/nl/product/reflecterend-vest-br/,https://www.sellerie-lacabrade.be/be/store
https://la-cabrade.be/fr/produit/gilet-reflechissant-a-led-br-adulte/,https://www.sellerie-lacabrade.be/be/store
https://la-cabrade.be/nl/product/reflecterend-vest-voor-volwassenen-br-2/,https://www.sellerie-lacabrade.be/be/store
https://la-cabrade.be/fr/produit/gilet-reflechissant-a-led-br-enfant/,https://www.sellerie-lacabrade.be/be/store
https://la-cabrade.be/nl/product/led-reflecterend-vest-br-kind/,https://www.sellerie-lacabrade.be/be/store
https://la-cabrade.be/fr/produit/gogue-a-poulie-hfi/,https://www.sellerie-lacabrade.be/be/products/gogue-en-cuir-poulie-hfi-odoo-11925
https://la-cabrade.be/nl/product/hfi-katrolblok-2/,https://www.sellerie-lacabrade.be/be/products/gogue-hfi-odoo-23176
https://la-cabrade.be/fr/produit/glow-up-demelant-xanthus/,https://www.sellerie-lacabrade.be/be/products/glow-up-d-m-lant-xanthus-s-r-odoo-17345
https://la-cabrade.be/nl/product/opgloeien-demelant-xanthus-2/,https://www.sellerie-lacabrade.be/be/store
https://la-cabrade.be/fr/produit/gogue-nylon-working-by-dyon/,https://www.sellerie-lacabrade.be/be/products/r-nes-gogue-caoutchouc-1-2-working-by-dyon-odoo-17155
https://la-cabrade.be/nl/product/gogue-nylon-werken-door-dyon-2/,https://www.sellerie-lacabrade.be/be/store
https://la-cabrade.be/fr/produit/goudron-de-norvege-sapo/,https://www.sellerie-lacabrade.be/be/store
https://la-cabrade.be/nl/product/noorse-sapo-teer/,https://www.sellerie-lacabrade.be/be/store
https://la-cabrade.be/fr/produit/sapo-spray-goudron/,https://www.sellerie-lacabrade.be/be/store
https://la-cabrade.be/nl/product/sapo-teerspray/,https://www.sellerie-lacabrade.be/be/store
https://la-cabrade.be/fr/produit/gourde-cavalleria-toscana/,https://www.sellerie-lacabrade.be/be/products/ceinture-lastique-cavalleria-toscana-odoo-19544
https://la-cabrade.be/nl/product/cavalleria-toscana-kalebas/,https://www.sellerie-lacabrade.be/be/products/ceinture-lastique-cavalleria-toscana-odoo-19544
https://la-cabrade.be/fr/produit/gourmette-grosses-mailles-inox-feeling/,https://www.sellerie-lacabrade.be/be/store
https://la-cabrade.be/nl/product/grote-schakelarmband-roestvrij-staal-gevoel-2/,https://www.sellerie-lacabrade.be/be/store
https://la-cabrade.be/fr/produit/gourmette-pour-hackamore-metalab/,https://www.sellerie-lacabrade.be/be/store
https://la-cabrade.be/nl/product/armband-voor-hackamore-metalab-2/,https://www.sellerie-lacabrade.be/be/store
https://la-cabrade.be/fr/produit/graisse-noire-kevin-bacon/,https://www.sellerie-lacabrade.be/be/products/graisse-noire-kevin-bacon-s-s-r-odoo-14970
https://la-cabrade.be/nl/product/kevin-spek-zwart-vet/,https://www.sellerie-lacabrade.be/be/store
https://la-cabrade.be/fr/produit/sapo-graisse-pour-cuir/,https://www.sellerie-lacabrade.be/be/products/graisse-pour-cuir-sapo-odoo-12611
https://la-cabrade.be/nl/product/sapo-ledervet-2/,https://www.sellerie-lacabrade.be/be/store
https://la-cabrade.be/fr/produit/grand-prix-rear-gprr/,https://www.sellerie-lacabrade.be/be/store
https://la-cabrade.be/nl/product/grand-prix-achter-gprr-2/,https://www.sellerie-lacabrade.be/be/store
https://la-cabrade.be/fr/produit/cartouche-airbag-46gr-lc-equestrian/,https://www.sellerie-lacabrade.be/be/products/74226-cartouche-airbag-46gr-lc-equestrian-odoo-23277
https://la-cabrade.be/nl/product/cartouche-airbag-46gr-lc-equestrian/,https://www.sellerie-lacabrade.be/be/products/74226-cartouche-airbag-46gr-lc-equestrian-odoo-23277
https://la-cabrade.be/fr/produit/cartouche-freejump-60cc/,https://www.sellerie-lacabrade.be/be/products/34579-cartouche-freejump-60cc-odoo-17313
https://la-cabrade.be/nl/product/freejump-60cc-patroon/,https://www.sellerie-lacabrade.be/be/products/34579-cartouche-freejump-60cc-odoo-17313
https://la-cabrade.be/fr/produit/cartouche-freejump-85cc/,https://www.sellerie-lacabrade.be/be/products/34580-cartouche-freejump-85cc-odoo-17314
https://la-cabrade.be/nl/product/freejump-85cc-patroon/,https://www.sellerie-lacabrade.be/be/products/34580-cartouche-freejump-85cc-odoo-17314
https://la-cabrade.be/fr/produit/cartouche-helite-50-cc/,https://www.sellerie-lacabrade.be/be/products/11229-cartouche-helite-50cc-odoo-12901
https://la-cabrade.be/nl/product/helite-50-cc-patroon-2/,https://www.sellerie-lacabrade.be/be/store
https://la-cabrade.be/fr/produit/cartouche-helite-60-cc/,https://www.sellerie-lacabrade.be/be/products/11229-cartouche-helite-50cc-odoo-12901
https://la-cabrade.be/nl/product/helite-60-cc-patroon-2/,https://www.sellerie-lacabrade.be/be/store
https://la-cabrade.be/fr/produit/cartouche-helite-xl-85cc/,https://www.sellerie-lacabrade.be/be/products/23134-cartouche-helite-85cc-odoo-15882
https://la-cabrade.be/nl/product/helite-xl-85cc-patroon/,https://www.sellerie-lacabrade.be/be/products/23134-cartouche-helite-85cc-odoo-15882
https://la-cabrade.be/fr/produit/cartouche-hit-air-50cc/,https://www.sellerie-lacabrade.be/be/products/11229-cartouche-helite-50cc-odoo-12901
https://la-cabrade.be/nl/product/50cc-slagluchtpatroon/,https://www.sellerie-lacabrade.be/be/store
https://la-cabrade.be/fr/produit/cartouche-helite-xl-100-cc/,https://www.sellerie-lacabrade.be/be/products/11229-cartouche-helite-50cc-odoo-12901
https://la-cabrade.be/nl/product/helite-xl-100-cc-patroon/,https://www.sellerie-lacabrade.be/be/store
https://la-cabrade.be/fr/produit/cartouche-recharge-spark-45g-s-r/,https://www.sellerie-lacabrade.be/be/products/65307-cartouche-spark-33gr-s-r-odoo-21539
https://la-cabrade.be/nl/product/spark-45g-s-r-navulpatroon/,https://www.sellerie-lacabrade.be/be/store
https://la-cabrade.be/fr/produit/cartouche-recharge-spark-74-g-s-r/,https://www.sellerie-lacabrade.be/be/products/65307-cartouche-spark-33gr-s-r-odoo-21539
https://la-cabrade.be/nl/product/vonk-74-g-s-r-navulpatroon/,https://www.sellerie-lacabrade.be/be/store
https://la-cabrade.be/fr/produit/kit-complet-competition-whis-s-r/,https://www.sellerie-lacabrade.be/be/store
https://la-cabrade.be/nl/product/complete-whis-s-r-wedstrijdset/,https://www.sellerie-lacabrade.be/be/store
https://la-cabrade.be/fr/produit/kit-perso-flex-on-uni/,https://www.sellerie-lacabrade.be/be/store
https://la-cabrade.be/nl/product/kit-perso-flex-on-uni/,https://www.sellerie-lacabrade.be/be/store
https://la-cabrade.be/fr/produit/kush-less-forte-liquide-vital-herbs-s-r/,https://www.sellerie-lacabrade.be/be/products/kush-less-forte-liquide-vital-herbs-s-r-odoo-15345
https://la-cabrade.be/nl/product/kush-less-forte-vloeibaar-vitale-kruiden-s-r-2/,https://www.sellerie-lacabrade.be/be/products/kush-less-forte-liquide-vital-herbs-s-r-odoo-15345
https://la-cabrade.be/fr/produit/l-airmix-bleu-roy-s-r/,https://www.sellerie-lacabrade.be/be/products/18374-l-airmix-bleu-roy-s-r-odoo-15109
https://la-cabrade.be/nl/product/l-airmix-koningsblauw-s-r-2/,https://www.sellerie-lacabrade.be/be/store
https://la-cabrade.be/fr/produit/laisse-chien-vegan-leather-kentucky/,https://www.sellerie-lacabrade.be/be/store
https://la-cabrade.be/nl/product/veganistische-leren-hondenriem-kentucky/,https://www.sellerie-lacabrade.be/be/store
https://la-cabrade.be/fr/produit/laisse-pour-chien-br/,https://www.sellerie-lacabrade.be/be/store
https://la-cabrade.be/nl/product/hondenriem-br-2/,https://www.sellerie-lacabrade.be/be/store
https://la-cabrade.be/fr/produit/lait-sos-cicatrisant-xhantus/,https://www.sellerie-lacabrade.be/be/products/30255-lait-sos-cicatrisant-xanthus-odoo-15859
https://la-cabrade.be/nl/product/xhantus-sos-geneeskrachtige-melk/,https://www.sellerie-lacabrade.be/be/store
https://la-cabrade.be/fr/produit/lames-de-tondeuse-premiere-buzzard-zirconia/,https://www.sellerie-lacabrade.be/be/products/22925-lames-de-tondeuse-buzzard-zirconia-premiere-odoo-15851
https://la-cabrade.be/nl/product/premiere-buzzard-zirkonia-maaimessen/,https://www.sellerie-lacabrade.be/be/store
https://la-cabrade.be/fr/produit/lanieres-deperons-dyon/,https://www.sellerie-lacabrade.be/be/store
https://la-cabrade.be/nl/product/lanieres-deperons-dyon-2/,https://www.sellerie-lacabrade.be/be/store
https://la-cabrade.be/fr/produit/courroies-eperons-cuir-soft-norton-pro/,https://www.sellerie-lacabrade.be/be/products/lani-res-d-perons-cuir-soft-norton-pro-odoo-11996
https://la-cabrade.be/nl/product/norton-pro-zacht-lederen-sporenriemen/,https://www.sellerie-lacabrade.be/be/store
https://la-cabrade.be/fr/produit/lanieres-deperons-en-cuir-br/,https://www.sellerie-lacabrade.be/be/store
https://la-cabrade.be/nl/product/deperon-riemen-in-bruin-leer-2/,https://www.sellerie-lacabrade.be/be/store
https://la-cabrade.be/fr/produit/l-comfort-bleu-roy-s-r/,https://www.sellerie-lacabrade.be/be/products/18373-l-comfort-bleu-roy-s-r-odoo-15108
https://la-cabrade.be/nl/product/l-comfort-bleu-roy-s-r/,https://www.sellerie-lacabrade.be/be/products/18373-l-comfort-bleu-roy-s-r-odoo-15108
https://la-cabrade.be/fr/produit/l-detox-bleu-roy-s-r/,https://www.sellerie-lacabrade.be/be/products/18376-l-detox-bleu-roy-s-r-odoo-15111
https://la-cabrade.be/nl/product/l-detox-bleu-roy-s-r/,https://www.sellerie-lacabrade.be/be/products/18376-l-detox-bleu-roy-s-r-odoo-15111
https://la-cabrade.be/fr/produit/legging-dame-christene-full-grip-br/,https://www.sellerie-lacabrade.be/be/store
https://la-cabrade.be/nl/product/christene-full-grip-br-legging/,https://www.sellerie-lacabrade.be/be/store
https://la-cabrade.be/fr/produit/legging-full-grip-burdock-premiere/,https://www.sellerie-lacabrade.be/be/store
https://la-cabrade.be/nl/product/klis-premiere-full-grip-legging/,https://www.sellerie-lacabrade.be/be/store
https://la-cabrade.be/fr/produit/legging-horze-madison-kids/,https://www.sellerie-lacabrade.be/be/store
https://la-cabrade.be/nl/product/horze-madison-kinder-legging/,https://www.sellerie-lacabrade.be/be/store
https://la-cabrade.be/fr/produit/l-electrolytes-bleu-roy-s-r/,https://www.sellerie-lacabrade.be/be/products/16456-b-electrolytes-bleu-roy-s-r-odoo-14467
https://la-cabrade.be/nl/product/l-elektrolyten-bleu-roy-s-r/,https://www.sellerie-lacabrade.be/be/products/b-flex-bleu-roy-s-r-odoo-18389
https://la-cabrade.be/fr/produit/leovet-hooflab-durcisseur/,https://www.sellerie-lacabrade.be/be/store
https://la-cabrade.be/nl/product/leovet-hooflab-verharder/,https://www.sellerie-lacabrade.be/be/store
https://la-cabrade.be/fr/produit/l-focus-bleu-roy-s-r/,https://www.sellerie-lacabrade.be/be/products/18375-l-focus-bleu-roy-s-r-odoo-15110
https://la-cabrade.be/nl/product/l-focus-bleu-roy-s-r-2/,https://www.sellerie-lacabrade.be/be/products/18375-l-focus-bleu-roy-s-r-odoo-15110
https://la-cabrade.be/fr/produit/licol-angel-neoprene-br4eh/,https://www.sellerie-lacabrade.be/be/products/licol-angel-neoprene-br4eh-odoo-16354
https://la-cabrade.be/nl/product/engel-neopreen-halster-br4eh/,https://www.sellerie-lacabrade.be/be/store
https://la-cabrade.be/fr/produit/licol-clx-br/,https://www.sellerie-lacabrade.be/be/products/licol-clx-br-odoo-20570
https://la-cabrade.be/nl/product/clx-br-halster/,https://www.sellerie-lacabrade.be/be/products/licol-clx-br-odoo-20570
https://la-cabrade.be/fr/produit/licol-condor-lc-equestrian/,https://www.sellerie-lacabrade.be/be/products/licol-condor-lc-equestrian-odoo-22531
https://la-cabrade.be/nl/product/licol-condor-lc-equestrian/,https://www.sellerie-lacabrade.be/be/products/licol-condor-lc-equestrian-odoo-22531
https://la-cabrade.be/fr/produit/licol-de-transport-mouton-kentucky/,https://www.sellerie-lacabrade.be/be/products/licol-de-transport-mouton-kentucky-odoo-15127
https://la-cabrade.be/nl/product/kentucky-schapen-halster/,https://www.sellerie-lacabrade.be/be/store
https://la-cabrade.be/fr/produit/licol-dyon-working/,https://www.sellerie-lacabrade.be/be/products/licol-cuir-working-by-dyon-odoo-12017
https://la-cabrade.be/nl/product/dyon-werkhalster/,https://www.sellerie-lacabrade.be/be/store
https://la-cabrade.be/fr/produit/licol-ekiss/,https://www.sellerie-lacabrade.be/be/products/licol-clx-br-odoo-20570
https://la-cabrade.be/nl/product/ekiss-halster/,https://www.sellerie-lacabrade.be/be/store
https://la-cabrade.be/fr/produit/licol-educatif-en-corde-dyon/,https://www.sellerie-lacabrade.be/be/products/licol-ducatif-en-corde-dyon-odoo-20392
https://la-cabrade.be/nl/product/dyon-touw-halster-2/,https://www.sellerie-lacabrade.be/be/store
https://la-cabrade.be/fr/produit/licol-en-cuir-grooming-hfi/,https://www.sellerie-lacabrade.be/be/products/licol-en-cuir-grooming-hfi-odoo-17084
https://la-cabrade.be/nl/product/verzorging-hfi-leren-halster/,https://www.sellerie-lacabrade.be/be/store
https://la-cabrade.be/fr/produit/licol-en-cuir-brillant-nina-lc-equestrian/,https://www.sellerie-lacabrade.be/be/products/licol-en-cuir-brillant-nina-lc-equestrian-odoo-22525
https://la-cabrade.be/nl/product/licol-en-cuir-brillant-nina-lc-equestrian/,https://www.sellerie-lacabrade.be/be/products/licol-en-cuir-brillant-nina-lc-equestrian-odoo-22525
https://la-cabrade.be/fr/produit/licol-et-corde-ath251001-anky/,https://www.sellerie-lacabrade.be/be/products/licol-corde-amigo-horseware-odoo-21601
https://la-cabrade.be/nl/product/ath251001-anky-halster-en-touw-2/,https://www.sellerie-lacabrade.be/be/store
https://la-cabrade.be/fr/produit/licol-en-cuir-lennox-b-vertigo/,https://www.sellerie-lacabrade.be/be/products/licol-en-cuir-grooming-hfi-odoo-17084
https://la-cabrade.be/nl/product/lennox-b-vertigo-leren-halster-2/,https://www.sellerie-lacabrade.be/be/store
https://la-cabrade.be/fr/produit/licol-lilly-lc-equestrian/,https://www.sellerie-lacabrade.be/be/products/licol-lilly-lc-equestrian-odoo-22526
https://la-cabrade.be/nl/product/licol-lilly-lc-equestrian/,https://www.sellerie-lacabrade.be/be/products/licol-lilly-lc-equestrian-odoo-22526
https://la-cabrade.be/fr/produit/licol-guirlande-de-noel/,https://www.sellerie-lacabrade.be/be/store
https://la-cabrade.be/nl/product/halter-kerstslinger/,https://www.sellerie-lacabrade.be/be/store
https://la-cabrade.be/fr/produit/licol-masque-anti-mouche-integre-br/,https://www.sellerie-lacabrade.be/be/products/licol-masque-anti-mouche-int-gr-br-odoo-20054
https://la-cabrade.be/nl/product/geintegreerd-vliegenmasker-halster-br/,https://www.sellerie-lacabrade.be/be/store
https://la-cabrade.be/fr/produit/licol-nylon-mouton-soft-kentucky/,https://www.sellerie-lacabrade.be/be/products/licol-nylon-mouton-soft-kentucky-odoo-20312
https://la-cabrade.be/nl/product/zacht-nylon-schapenvacht-halster-kentucky/,https://www.sellerie-lacabrade.be/be/store
https://la-cabrade.be/fr/produit/licol-tamaro-lc-equestrian/,https://www.sellerie-lacabrade.be/be/products/licol-tamaro-lc-equestrian-odoo-22839
https://la-cabrade.be/nl/product/licol-tamaro-lc-equestrian/,https://www.sellerie-lacabrade.be/be/products/licol-tamaro-lc-equestrian-odoo-22839
https://la-cabrade.be/fr/produit/licol-signature-horseware/,https://www.sellerie-lacabrade.be/be/products/licol-signature-horseware-odoo-19924
https://la-cabrade.be/nl/product/signature-halster-paardengerei-2/,https://www.sellerie-lacabrade.be/be/store
https://la-cabrade.be/fr/produit/licol-premiere-xs/,https://www.sellerie-lacabrade.be/be/products/licol-clx-br-odoo-20570
https://la-cabrade.be/nl/product/premiere-xs-halster/,https://www.sellerie-lacabrade.be/be/products/longe-8m-premiere-odoo-21891
https://la-cabrade.be/fr/produit/likit-ananas-650gr-s-r/,https://www.sellerie-lacabrade.be/be/products/69779-likit-ananas-650gr-s-r-odoo-22415
https://la-cabrade.be/nl/product/likit-ananas-650gr-s-r/,https://www.sellerie-lacabrade.be/be/products/69779-likit-ananas-650gr-s-r-odoo-22415
https://la-cabrade.be/fr/produit/likit-banane-650-gr/,https://www.sellerie-lacabrade.be/be/products/18521-likit-banane-650gr-s-r-odoo-15142
https://la-cabrade.be/nl/product/likit-banaan-650-gr-2/,https://www.sellerie-lacabrade.be/be/store
https://la-cabrade.be/fr/produit/likit-fruit-salad-650gr/,https://www.sellerie-lacabrade.be/be/products/69779-likit-ananas-650gr-s-r-odoo-22415
https://la-cabrade.be/nl/product/likit-fruitsalade-650gr/,https://www.sellerie-lacabrade.be/be/products/69779-likit-ananas-650gr-s-r-odoo-22415
https://la-cabrade.be/fr/produit/likit-cerise-250g-s-r/,https://www.sellerie-lacabrade.be/be/products/18522-likit-cerise-650gr-s-r-odoo-15143
https://la-cabrade.be/nl/product/likit-kers-250g-s-r-2/,https://www.sellerie-lacabrade.be/be/store
https://la-cabrade.be/fr/produit/likit-carottes-650g/,https://www.sellerie-lacabrade.be/be/store
https://la-cabrade.be/nl/product/likit-wortelen-650g-2/,https://www.sellerie-lacabrade.be/be/store
https://la-cabrade.be/fr/produit/likit-granola-550g-s-r/,https://www.sellerie-lacabrade.be/be/products/55986-likit-granola-m-lasse-s-r-odoo-19451
https://la-cabrade.be/nl/product/likit-muesli-550g-s-r/,https://www.sellerie-lacabrade.be/be/store
https://la-cabrade.be/fr/produit/likit-mangue-650gr-s-r/,https://www.sellerie-lacabrade.be/be/products/69779-likit-ananas-650gr-s-r-odoo-22415
https://la-cabrade.be/nl/product/likit-mangue-650gr-s-r/,https://www.sellerie-lacabrade.be/be/products/69779-likit-ananas-650gr-s-r-odoo-22415
https://la-cabrade.be/fr/produit/likit-granola-pomme-550g-s-r/,https://www.sellerie-lacabrade.be/be/products/53472-likit-granola-pomme-s-r-odoo-18972
https://la-cabrade.be/nl/product/likit-muesli-appel-550g-s-r-2/,https://www.sellerie-lacabrade.be/be/store
https://la-cabrade.be/fr/produit/likit-pomme-650-gr/,https://www.sellerie-lacabrade.be/be/products/53472-likit-granola-pomme-s-r-odoo-18972
https://la-cabrade.be/nl/product/appel-likit-650-gr-2/,https://www.sellerie-lacabrade.be/be/store
https://la-cabrade.be/fr/produit/little-likit-250g-pomme/,https://www.sellerie-lacabrade.be/be/products/53472-likit-granola-pomme-s-r-odoo-18972
https://la-cabrade.be/nl/product/kleine-likit-250g-appel-2/,https://www.sellerie-lacabrade.be/be/store
https://la-cabrade.be/fr/produit/likit-pumkin-spice-250gr/,https://www.sellerie-lacabrade.be/be/store
https://la-cabrade.be/nl/product/likit-pumkin-specerijen-250gr/,https://www.sellerie-lacabrade.be/be/store
https://la-cabrade.be/fr/produit/likit-pumpkin-spice-650gr-s-r/,https://www.sellerie-lacabrade.be/be/products/67135-likit-pumpkin-spice-650gr-s-r-odoo-21892
https://la-cabrade.be/nl/product/likit-pompoen-kruiden-650gr-s-r-2/,https://www.sellerie-lacabrade.be/be/products/69779-likit-ananas-650gr-s-r-odoo-22415
https://la-cabrade.be/fr/produit/liner-hiver-samshield/,https://www.sellerie-lacabrade.be/be/store
https://la-cabrade.be/nl/product/samshield-wintervoering/,https://www.sellerie-lacabrade.be/be/store
https://la-cabrade.be/fr/produit/liner-premium-samshield/,https://www.sellerie-lacabrade.be/be/products/71941-plastron-premium-samshield-odoo-22833
https://la-cabrade.be/nl/product/voering-premium-samshield/,https://www.sellerie-lacabrade.be/be/products/71941-plastron-premium-samshield-odoo-22833
https://la-cabrade.be/fr/produit/little-likit-250g-banane/,https://www.sellerie-lacabrade.be/be/products/18521-likit-banane-650gr-s-r-odoo-15142
https://la-cabrade.be/nl/product/kleine-likit-250g-banaan-2/,https://www.sellerie-lacabrade.be/be/store
https://la-cabrade.be/fr/produit/liner-shadowmatt-samshield/,https://www.sellerie-lacabrade.be/be/store
https://la-cabrade.be/nl/product/voering-shadowmatt-samshield/,https://www.sellerie-lacabrade.be/be/store
https://la-cabrade.be/fr/produit/loco-chondroitine-ungula-naturalis/,https://www.sellerie-lacabrade.be/be/products/baume-fourchette-ungula-naturalis-odoo-12563
https://la-cabrade.be/nl/product/loco-chondroitine-ungula-naturalis/,https://www.sellerie-lacabrade.be/be/products/baume-fourchette-ungula-naturalis-odoo-12563
https://la-cabrade.be/fr/produit/locomotion-ungula-naturalis/,https://www.sellerie-lacabrade.be/be/products/28252-locomotion-ungula-naturalis-s-r-odoo-16439
https://la-cabrade.be/nl/product/voortbeweging-ungula-naturalis/,https://www.sellerie-lacabrade.be/be/products/baume-fourchette-ungula-naturalis-odoo-12563
https://la-cabrade.be/fr/produit/longe-8m-kentucky/,https://www.sellerie-lacabrade.be/be/products/longe-8m-kentucky-odoo-22262
https://la-cabrade.be/nl/product/8m-sleutelkoord-kentucky/,https://www.sellerie-lacabrade.be/be/products/longe-8m-kentucky-odoo-22262
https://la-cabrade.be/fr/produit/longe-anti-renard-2-4m-norton/,https://www.sellerie-lacabrade.be/be/products/longe-anti-renard-2-4m-norton-odoo-19124
https://la-cabrade.be/nl/product/anti-vos-koord-2-4m-norton/,https://www.sellerie-lacabrade.be/be/products/longe-anti-renard-2-4m-norton-odoo-19124
https://la-cabrade.be/fr/produit/longe-basic-kentucky-color/,https://www.sellerie-lacabrade.be/be/products/longe-basic-color-kentucky-odoo-16840
https://la-cabrade.be/nl/product/sleutelkoord-basic-kentucky-kleur/,https://www.sellerie-lacabrade.be/be/products/longe-basic-color-kentucky-odoo-16840
https://la-cabrade.be/fr/produit/longe-br-event-mousqueton/,https://www.sellerie-lacabrade.be/be/store
https://la-cabrade.be/nl/product/sleutelkoord-br-evenement-karabijnhaak-2/,https://www.sellerie-lacabrade.be/be/store
https://la-cabrade.be/fr/produit/longe-dattache-silicone-kentucky/,https://www.sellerie-lacabrade.be/be/products/longe-d-attache-silicone-kentucky-odoo-21659
https://la-cabrade.be/nl/product/kentucky-siliconen-sleutelkoord-2/,https://www.sellerie-lacabrade.be/be/store
https://la-cabrade.be/fr/produit/longe-en-corde-dyon-working/,https://www.sellerie-lacabrade.be/be/products/longe-en-corde-working-by-dyon-odoo-12067
https://la-cabrade.be/nl/product/dyon-werkkoord/,https://www.sellerie-lacabrade.be/be/store
https://la-cabrade.be/fr/produit/l-senior-bleu-roy-s-r/,https://www.sellerie-lacabrade.be/be/products/35993-l-senior-bleu-roy-s-r-odoo-17428
https://la-cabrade.be/nl/product/l-senior-bleu-roy-s-r/,https://www.sellerie-lacabrade.be/be/products/35993-l-senior-bleu-roy-s-r-odoo-17428
https://la-cabrade.be/fr/produit/naf-magic-liquide-s-r/,https://www.sellerie-lacabrade.be/be/store
https://la-cabrade.be/nl/product/naf-tovervloeistof-s-r/,https://www.sellerie-lacabrade.be/be/store
https://la-cabrade.be/fr/produit/malette-a-crampons-m12-feeling/,https://www.sellerie-lacabrade.be/be/store
https://la-cabrade.be/nl/product/m12-gevoel-spike-geval/,https://www.sellerie-lacabrade.be/be/store
https://la-cabrade.be/fr/produit/malette-a-crampons-non-inclus-horka/,https://www.sellerie-lacabrade.be/be/store
https://la-cabrade.be/nl/product/horka-stijgijzerkoffer-niet-inbegrepen-2/,https://www.sellerie-lacabrade.be/be/store
https://la-cabrade.be/fr/produit/liquide-pour-criniere-leovet/,https://www.sellerie-lacabrade.be/be/store
https://la-cabrade.be/nl/product/vloeistof-voor-leovet-criniere-2/,https://www.sellerie-lacabrade.be/be/store
https://la-cabrade.be/fr/produit/mallette-a-crampons-m10-norton/,https://www.sellerie-lacabrade.be/be/store
https://la-cabrade.be/nl/product/mallette-a-crampons-m10-norton/,https://www.sellerie-lacabrade.be/be/store
https://la-cabrade.be/fr/produit/mangeoire-de-porte-hippotonic-avec-poignee/,https://www.sellerie-lacabrade.be/be/store
https://la-cabrade.be/nl/product/hippotone-deurinvoer-met-handgreep/,https://www.sellerie-lacabrade.be/be/store
https://la-cabrade.be/fr/produit/manteau-chien-impermeable-160-g-kentucky/,https://www.sellerie-lacabrade.be/be/store
https://la-cabrade.be/nl/product/waterdichte-hondenjas-160-g-kentucky/,https://www.sellerie-lacabrade.be/be/store
https://la-cabrade.be/fr/produit/manteau-daniele-dame-br/,https://www.sellerie-lacabrade.be/be/store
https://la-cabrade.be/nl/product/daniele-lady-br-jas/,https://www.sellerie-lacabrade.be/be/store
https://la-cabrade.be/fr/produit/manteau-dequitation-hiver-performance-opal-e%c2%b7l%c2%b7t/,https://www.sellerie-lacabrade.be/be/store
https://la-cabrade.be/nl/product/performance-winter-rijjas-opaal-e·l·t/,https://www.sellerie-lacabrade.be/be/store
https://la-cabrade.be/fr/produit/manteau-pour-chien-noel-25cm-qhp/,https://www.sellerie-lacabrade.be/be/store
https://la-cabrade.be/nl/product/kerst-hondenjas-25cm-qhp/,https://www.sellerie-lacabrade.be/be/store
https://la-cabrade.be/fr/produit/manteau-pour-chien-original-kentucky/,https://www.sellerie-lacabrade.be/be/store
https://la-cabrade.be/nl/product/originele-kentucky-hondenjas-2/,https://www.sellerie-lacabrade.be/be/store
https://la-cabrade.be/fr/produit/manteau-serviette-pour-chien-kentucky/,https://www.sellerie-lacabrade.be/be/store
https://la-cabrade.be/nl/product/kentucky-hond-handdoek-jas/,https://www.sellerie-lacabrade.be/be/store
https://la-cabrade.be/fr/produit/marche-pied-qhp/,https://www.sellerie-lacabrade.be/be/store
https://la-cabrade.be/nl/product/qhp-wandeling/,https://www.sellerie-lacabrade.be/be/products/ponge-xl-qhp-odoo-21413
https://la-cabrade.be/fr/produit/martingale-a-anneaux-hinckly-br/,https://www.sellerie-lacabrade.be/be/store
https://la-cabrade.be/nl/product/hinckly-br-ring-martingaal/,https://www.sellerie-lacabrade.be/be/store
https://la-cabrade.be/fr/produit/martingale-a-anneaux-working-by-dyon/,https://www.sellerie-lacabrade.be/be/products/licol-cuir-working-by-dyon-odoo-12017
https://la-cabrade.be/nl/product/werken-met-dyon-ring-martingaal/,https://www.sellerie-lacabrade.be/be/store
https://la-cabrade.be/fr/produit/martingale-classique-equiline/,https://www.sellerie-lacabrade.be/be/store
https://la-cabrade.be/nl/product/equiline-klassieke-martingaal/,https://www.sellerie-lacabrade.be/be/store
https://la-cabrade.be/fr/produit/martingale-en-cuir-emporio/,https://www.sellerie-lacabrade.be/be/store
https://la-cabrade.be/nl/product/emporio-leren-martingaal-2/,https://www.sellerie-lacabrade.be/be/store
https://la-cabrade.be/fr/produit/masque-anti-mouche-en-lycra-br/,https://www.sellerie-lacabrade.be/be/products/licol-masque-anti-mouche-int-gr-br-odoo-20054
https://la-cabrade.be/nl/product/lycra-br-vliegenmasker-2/,https://www.sellerie-lacabrade.be/be/store
https://la-cabrade.be/fr/produit/masque-anti-mouches-a-enfiler-horze/,https://www.sellerie-lacabrade.be/be/products/masque-anti-mouches-amigo-horseware-odoo-19906
https://la-cabrade.be/nl/product/horze-vliegenmasker-slip-on/,https://www.sellerie-lacabrade.be/be/store
https://la-cabrade.be/fr/produit/masque-anti-mouche-half-gladiator/,https://www.sellerie-lacabrade.be/be/products/licol-masque-anti-mouche-int-gr-br-odoo-20054
https://la-cabrade.be/nl/product/half-gladiator-vliegenmasker/,https://www.sellerie-lacabrade.be/be/store
https://la-cabrade.be/fr/produit/masque-anti-mouches-amigo-horseware/,https://www.sellerie-lacabrade.be/be/products/masque-anti-mouches-amigo-horseware-odoo-19906
https://la-cabrade.be/nl/product/masque-anti-mouches-amigo-horseware/,https://www.sellerie-lacabrade.be/be/products/masque-anti-mouches-amigo-horseware-odoo-19906
https://la-cabrade.be/fr/produit/masque-anti-mouche-sans-oreilles-br/,https://www.sellerie-lacabrade.be/be/products/licol-masque-anti-mouche-int-gr-br-odoo-20054
https://la-cabrade.be/nl/product/vliegenmasker-zonder-oren-br/,https://www.sellerie-lacabrade.be/be/store
https://la-cabrade.be/fr/produit/masque-anti-mouches-avec-oreilles-s24-br/,https://www.sellerie-lacabrade.be/be/products/masque-anti-mouches-sans-oreilles-amigo-horseware-odoo-22429
https://la-cabrade.be/nl/product/vliegenmasker-met-oren-s24-br/,https://www.sellerie-lacabrade.be/be/store
https://la-cabrade.be/fr/produit/masque-anti-mouches-br/,https://www.sellerie-lacabrade.be/be/products/masque-anti-mouches-amigo-horseware-odoo-19906
https://la-cabrade.be/nl/product/vliegenmasker-br/,https://www.sellerie-lacabrade.be/be/store
https://la-cabrade.be/fr/produit/masque-anti-mouche-slim-fit-kentucky/,https://www.sellerie-lacabrade.be/be/products/licol-masque-anti-mouche-int-gr-br-odoo-20054
https://la-cabrade.be/nl/product/slim-fit-vliegenmasker-kentucky/,https://www.sellerie-lacabrade.be/be/store
https://la-cabrade.be/fr/produit/masque-anti-mouche-horze-cayman/,https://www.sellerie-lacabrade.be/be/products/licol-masque-anti-mouche-int-gr-br-odoo-20054
https://la-cabrade.be/nl/product/horze-cayman-vliegenmasker/,https://www.sellerie-lacabrade.be/be/store
https://la-cabrade.be/fr/produit/masque-anti-mouche-lycra-br/,https://www.sellerie-lacabrade.be/be/products/licol-masque-anti-mouche-int-gr-br-odoo-20054
https://la-cabrade.be/nl/product/lycra-br-vliegenmasker/,https://www.sellerie-lacabrade.be/be/store
https://la-cabrade.be/fr/produit/masque-anti-mouche-avec-nez-amovible-qhp/,https://www.sellerie-lacabrade.be/be/products/masque-anti-mouches-nez-amovible-qhp-odoo-15319
https://la-cabrade.be/nl/product/vliegenmasker-met-afneembare-neus-qhp/,https://www.sellerie-lacabrade.be/be/store
https://la-cabrade.be/fr/produit/masque-anti-mouches-pro-kentucky/,https://www.sellerie-lacabrade.be/be/products/masque-anti-mouches-amigo-horseware-odoo-19906
https://la-cabrade.be/nl/product/vliegenmasker-pro-kentucky-2/,https://www.sellerie-lacabrade.be/be/store
https://la-cabrade.be/fr/produit/masque-anti-mouches-rambo-plus-horseware/,https://www.sellerie-lacabrade.be/be/products/masque-anti-mouches-rambo-horseware-odoo-23350
https://la-cabrade.be/nl/product/masque-anti-mouches-rambo-plus-horseware/,https://www.sellerie-lacabrade.be/be/products/masque-anti-mouches-rambo-horseware-odoo-23350
https://la-cabrade.be/fr/produit/masque-anti-mouches-sans-oreilles-amigo-horseware/,https://www.sellerie-lacabrade.be/be/products/masque-anti-mouches-sans-oreilles-amigo-horseware-odoo-22429
https://la-cabrade.be/nl/product/masque-anti-mouches-sans-oreilles-amigo-horseware/,https://www.sellerie-lacabrade.be/be/products/masque-anti-mouches-sans-oreilles-amigo-horseware-odoo-22429
https://la-cabrade.be/fr/produit/masque-anti-mouches-qhp/,https://www.sellerie-lacabrade.be/be/products/masque-anti-mouches-solaire-qhp-odoo-14826
https://la-cabrade.be/nl/product/vliegenmasker-qhp/,https://www.sellerie-lacabrade.be/be/products/ponge-xl-qhp-odoo-21413
https://la-cabrade.be/fr/produit/masque-anti-mouche-super-bug-qhp/,https://www.sellerie-lacabrade.be/be/products/masque-anti-mouches-super-bug-qhp-odoo-11946
https://la-cabrade.be/nl/product/super-insect-vliegenmasker-qhp/,https://www.sellerie-lacabrade.be/be/products/brosse-super-qhp-odoo-21414
https://la-cabrade.be/fr/produit/masque-avec-oreilles-liquid-titanium-fenwick-velcro/,https://www.sellerie-lacabrade.be/be/store
https://la-cabrade.be/nl/product/fenwick-klittenband-vloeistof-titanium-oormasker/,https://www.sellerie-lacabrade.be/be/store
https://la-cabrade.be/fr/produit/masque-liquid-titanium-fenwick-snaps/,https://www.sellerie-lacabrade.be/be/store
https://la-cabrade.be/nl/product/fenwick-snaps-liquid-titanium-masker/,https://www.sellerie-lacabrade.be/be/store
https://la-cabrade.be/fr/produit/masque-liquid-titanium-fenwick-velcro/,https://www.sellerie-lacabrade.be/be/store
https://la-cabrade.be/nl/product/fenwick-klittenband-liquid-titanium-masker/,https://www.sellerie-lacabrade.be/be/store
https://la-cabrade.be/fr/produit/masque-relaxant-br/,https://www.sellerie-lacabrade.be/be/store
https://la-cabrade.be/nl/product/ontspannend-masker-br/,https://www.sellerie-lacabrade.be/be/store
https://la-cabrade.be/fr/produit/medaille-kentucky/,https://www.sellerie-lacabrade.be/be/products/longe-8m-kentucky-odoo-22262
https://la-cabrade.be/nl/product/kentucky-medaille/,https://www.sellerie-lacabrade.be/be/products/longe-8m-kentucky-odoo-22262
https://la-cabrade.be/fr/produit/woofwear-medical-hoof-boot-4/,https://www.sellerie-lacabrade.be/be/products/70514-medical-hoof-boot-woof-wear-t1-odoo-22577
https://la-cabrade.be/nl/product/woofwear-medische-hoefschoen-4/,https://www.sellerie-lacabrade.be/be/store
https://la-cabrade.be/fr/produit/medical-hoof-boot-woof-wear-t5/,https://www.sellerie-lacabrade.be/be/products/70514-medical-hoof-boot-woof-wear-t1-odoo-22577
https://la-cabrade.be/nl/product/medische-hoefschoen-woof-wear-t5/,https://www.sellerie-lacabrade.be/be/store
https://la-cabrade.be/fr/produit/medical-hoof-boot-woof-wear-t6/,https://www.sellerie-lacabrade.be/be/products/70514-medical-hoof-boot-woof-wear-t1-odoo-22577
https://la-cabrade.be/nl/product/medische-hoefschoen-woof-wear-t6/,https://www.sellerie-lacabrade.be/be/store
https://la-cabrade.be/fr/produit/medical-hoof-boot-woof-wear-t8/,https://www.sellerie-lacabrade.be/be/products/70514-medical-hoof-boot-woof-wear-t1-odoo-22577
https://la-cabrade.be/nl/product/medische-hoefschoen-hoefslijtage-t8/,https://www.sellerie-lacabrade.be/be/store
https://la-cabrade.be/fr/produit/microphone-whis-original-s-r/,https://www.sellerie-lacabrade.be/be/store
https://la-cabrade.be/nl/product/microfoon-fluister-origineel-s-r/,https://www.sellerie-lacabrade.be/be/store
https://la-cabrade.be/fr/produit/mini-chaps-crystal-lamicell/,https://www.sellerie-lacabrade.be/be/store
https://la-cabrade.be/nl/product/mini-chaps-kristal-lamicell/,https://www.sellerie-lacabrade.be/be/store
https://la-cabrade.be/fr/produit/mini-chaps-cuir-lamicell/,https://www.sellerie-lacabrade.be/be/store
https://la-cabrade.be/nl/product/mini-leren-chaps-lamicell/,https://www.sellerie-lacabrade.be/be/store
https://la-cabrade.be/fr/produit/mini-chaps-dyon-original-court/,https://www.sellerie-lacabrade.be/be/store
https://la-cabrade.be/nl/product/mini-chaps-dyon-original-kort/,https://www.sellerie-lacabrade.be/be/store
https://la-cabrade.be/fr/produit/mini-chaps-dyon-original-long/,https://www.sellerie-lacabrade.be/be/store
https://la-cabrade.be/nl/product/mini-chaps-dyon-origineel-lang/,https://www.sellerie-lacabrade.be/be/store
https://la-cabrade.be/fr/produit/mini-chaps-dyon-original-normal/,https://www.sellerie-lacabrade.be/be/store
https://la-cabrade.be/nl/product/mini-chaps-dyon-origineel-normaal-2/,https://www.sellerie-lacabrade.be/be/store
https://la-cabrade.be/fr/produit/mini-chaps-en-cuir-equitheme/,https://www.sellerie-lacabrade.be/be/store
https://la-cabrade.be/nl/product/mini-leren-chaps-equitheme-2/,https://www.sellerie-lacabrade.be/be/store
https://la-cabrade.be/fr/produit/mini-chaps-enfant-dyon-regular/,https://www.sellerie-lacabrade.be/be/store
https://la-cabrade.be/nl/product/kinder-mini-chaps-dyon-regular/,https://www.sellerie-lacabrade.be/be/store
https://la-cabrade.be/fr/produit/mini-chaps-enfant-dyon-haut/,https://www.sellerie-lacabrade.be/be/store
https://la-cabrade.be/nl/product/mini-chaps-kind-dyon-haut/,https://www.sellerie-lacabrade.be/be/store
https://la-cabrade.be/fr/produit/mini-chaps-lisanne-hv-polo/,https://www.sellerie-lacabrade.be/be/store
https://la-cabrade.be/nl/product/mini-chaps-lisanne-hv-polo/,https://www.sellerie-lacabrade.be/be/store
https://la-cabrade.be/fr/produit/mini-chaps-quinton-horze/,https://www.sellerie-lacabrade.be/be/store
https://la-cabrade.be/nl/product/mini-chaps-quinton-horze/,https://www.sellerie-lacabrade.be/be/store
https://la-cabrade.be/fr/produit/mini-chaps-soft-equitheme/,https://www.sellerie-lacabrade.be/be/store
https://la-cabrade.be/nl/product/mini-chaps-zacht-equitheme/,https://www.sellerie-lacabrade.be/be/store
https://la-cabrade.be/fr/produit/miracle-groom-1l-absorbine/,https://www.sellerie-lacabrade.be/be/products/12947-miracle-groom-1l-absorbine-odoo-12679
https://la-cabrade.be/nl/product/wonderboom-1l-absorbine-2/,https://www.sellerie-lacabrade.be/be/store
https://la-cabrade.be/fr/produit/miss-shield-matt-chrome-blue-crystal-fabric-blue/,https://www.sellerie-lacabrade.be/be/store
https://la-cabrade.be/nl/product/miss-shield-mat-chroom-blauw-kristal-stof-blauw/,https://www.sellerie-lacabrade.be/be/store
https://la-cabrade.be/fr/produit/montant-chifney-eric-thomas-pro/,https://www.sellerie-lacabrade.be/be/store
https://la-cabrade.be/nl/product/bedrag-chifney-eric-thomas-pro/,https://www.sellerie-lacabrade.be/be/store
https://la-cabrade.be/fr/produit/montant-focus-dyon/,https://www.sellerie-lacabrade.be/be/store
https://la-cabrade.be/nl/product/focus-dyon-bedrag-2/,https://www.sellerie-lacabrade.be/be/store
https://la-cabrade.be/fr/produit/montants-br/,https://www.sellerie-lacabrade.be/be/store
https://la-cabrade.be/nl/product/brutobedragen/,https://www.sellerie-lacabrade.be/be/store
https://la-cabrade.be/fr/produit/montants-de-bridon-eric-thomas-pro/,https://www.sellerie-lacabrade.be/be/store
https://la-cabrade.be/nl/product/eric-thomas-pro-hoofdstelpalen-2/,https://www.sellerie-lacabrade.be/be/store
https://la-cabrade.be/fr/produit/montants-de-releveur-working-by-dyon/,https://www.sellerie-lacabrade.be/be/products/montants-releveur-corde-hfi-odoo-19441
https://la-cabrade.be/nl/product/werken-door-dyon-lifter-stands/,https://www.sellerie-lacabrade.be/be/store
https://la-cabrade.be/fr/produit/montants-de-releveur-corde-hfi/,https://www.sellerie-lacabrade.be/be/products/montants-releveur-corde-hfi-odoo-19441
https://la-cabrade.be/nl/product/hfi-touwheffer-staanders/,https://www.sellerie-lacabrade.be/be/store
https://la-cabrade.be/fr/produit/montant-releveur-trust/,https://www.sellerie-lacabrade.be/be/store
https://la-cabrade.be/nl/product/bedrag-vertrouwen-2/,https://www.sellerie-lacabrade.be/be/store
https://la-cabrade.be/fr/produit/moonboots-velcro-kentucky/,https://www.sellerie-lacabrade.be/be/store
https://la-cabrade.be/nl/product/klittenband-moonboots-kentucky/,https://www.sellerie-lacabrade.be/be/store
https://la-cabrade.be/fr/produit/morceaux-de-joue-bridon-prested-faysport-p702/,https://www.sellerie-lacabrade.be/be/store
https://la-cabrade.be/nl/product/voorgespannen-hoofdstel-wangstukken-faysport-p702/,https://www.sellerie-lacabrade.be/be/store
https://la-cabrade.be/fr/produit/mors-2-grands-anneaux-feeling-torsade/,https://www.sellerie-lacabrade.be/be/products/mors-anneaux-anatomic-cyprium-feeling-odoo-18473
https://la-cabrade.be/nl/product/2-grote-ring-gevoel-bit/,https://www.sellerie-lacabrade.be/be/store
https://la-cabrade.be/fr/produit/filet-reglable-feeling-4-anneaux-brise-plein/,https://www.sellerie-lacabrade.be/be/store
https://la-cabrade.be/nl/product/verstelbaar-netgevoel-4-ringen-brise-plein-2/,https://www.sellerie-lacabrade.be/be/store
https://la-cabrade.be/fr/produit/mors-2-anneaux-anatomic-inox-feeling/,https://www.sellerie-lacabrade.be/be/products/mors-anneaux-anatomic-inox-feeling-odoo-14381
https://la-cabrade.be/nl/product/2-rings-anatomisch-roestvrijstalen-voelbit/,https://www.sellerie-lacabrade.be/be/store
https://la-cabrade.be/fr/produit/mors-2-anneaux-feeling-a-passes-anatomic/,https://www.sellerie-lacabrade.be/be/products/mors-anneaux-anatomic-cyprium-feeling-odoo-18473
https://la-cabrade.be/nl/product/2-ring-gevoel-bit-met-anatomische-passen/,https://www.sellerie-lacabrade.be/be/store
https://la-cabrade.be/fr/produit/beris-mors-de-filet-avec-canons-comfort-hard/,https://www.sellerie-lacabrade.be/be/products/mors-anneaux-canon-comfort-hard-beris-odoo-16625
https://la-cabrade.be/nl/product/beris-snaffle-bitten-met-comfort-harde-lopen/,https://www.sellerie-lacabrade.be/be/store
https://la-cabrade.be/fr/produit/mors-a-anneaux-canons-en-cuivre-feeling/,https://www.sellerie-lacabrade.be/be/products/mors-anneaux-canons-cuivre-feeling-odoo-22189
https://la-cabrade.be/nl/product/ring-bits-koperen-vaten-gevoel/,https://www.sellerie-lacabrade.be/be/store
https://la-cabrade.be/fr/produit/beris-mors-de-filet-en-cuir-soft/,https://www.sellerie-lacabrade.be/be/products/mors-anneaux-cuir-soft-beris-odoo-16626
https://la-cabrade.be/nl/product/beris-zacht-lederen-snaffle-bit/,https://www.sellerie-lacabrade.be/be/store
https://la-cabrade.be/fr/produit/mors-2-anneaux-cuivre-feeling/,https://www.sellerie-lacabrade.be/be/products/mors-anneaux-cuivre-feeling-odoo-14049
https://la-cabrade.be/nl/product/2-rings-koperen-voelbit/,https://www.sellerie-lacabrade.be/be/store
https://la-cabrade.be/fr/produit/mors-a-anneaux-double-brisure-cyprium-feeling/,https://www.sellerie-lacabrade.be/be/products/mors-anneaux-double-brisure-cyprium-feeling-odoo-12119
https://la-cabrade.be/nl/product/cyprium-feeling-dubbel-gekrompen-ringbit/,https://www.sellerie-lacabrade.be/be/store
https://la-cabrade.be/fr/produit/filet-2-anneaux-feeling-anat-cyprium-canons-fins/,https://www.sellerie-lacabrade.be/be/store
https://la-cabrade.be/nl/product/net-2-ringen-gevoel-anat-cyprium-fijne-kanonnen/,https://www.sellerie-lacabrade.be/be/store
https://la-cabrade.be/fr/produit/filet-chantilly-droit-en-cuir-trust/,https://www.sellerie-lacabrade.be/be/products/mors-anneaux-droit-cuir-trust-odoo-20442
https://la-cabrade.be/nl/product/filet-chantilly-recht-in-vertrouwensleer-2/,https://www.sellerie-lacabrade.be/be/store
https://la-cabrade.be/fr/produit/mors-2-anneaux-feeling-gaine-cuir/,https://www.sellerie-lacabrade.be/be/products/mors-anneaux-anatomic-cyprium-feeling-odoo-18473
https://la-cabrade.be/nl/product/2-rings-bit-gevoelslederen-schede/,https://www.sellerie-lacabrade.be/be/store
https://la-cabrade.be/fr/produit/mors-a-anneaux-rouleaux-autobloquant-magic-system-metalab/,https://www.sellerie-lacabrade.be/be/products/mors-anneaux-rouleaux-autobloquant-magic-system-metalab-odoo-22645
https://la-cabrade.be/nl/product/mors-a-anneaux-rouleaux-autobloquant-magic-system-metalab/,https://www.sellerie-lacabrade.be/be/products/mors-anneaux-rouleaux-autobloquant-magic-system-metalab-odoo-22645
https://la-cabrade.be/fr/produit/mors-2-anneaux-feeling-caoutchouc-brise/,https://www.sellerie-lacabrade.be/be/products/mors-anneaux-droit-caoutchouc-souple-feeling-odoo-12114
https://la-cabrade.be/nl/product/2-ring-bek-met-rubber-gevoel/,https://www.sellerie-lacabrade.be/be/store
https://la-cabrade.be/fr/produit/mors-a-anneaux-simple-brisure-feeling/,https://www.sellerie-lacabrade.be/be/products/mors-anneaux-simple-brisure-feeling-odoo-12213
https://la-cabrade.be/nl/product/enkel-ringbit-voelen/,https://www.sellerie-lacabrade.be/be/store
https://la-cabrade.be/fr/produit/mors-a-anneaux-soft-contact-magic-14mm-br/,https://www.sellerie-lacabrade.be/be/products/mors-anneaux-soft-contact-magic-14mm-br-odoo-19057
https://la-cabrade.be/nl/product/magic-14mm-zacht-contact-ringbit-br/,https://www.sellerie-lacabrade.be/be/products/mors-anneaux-soft-contact-magic-14mm-br-odoo-19057
https://la-cabrade.be/fr/produit/mors-a-anneaux-double-brisure-sweet-iron-br/,https://www.sellerie-lacabrade.be/be/products/mors-anneaux-sweet-iron-double-brisure-br-odoo-16142
https://la-cabrade.be/nl/product/sweet-iron-br-dubbel-gekrompen-ringbit/,https://www.sellerie-lacabrade.be/be/store
https://la-cabrade.be/fr/produit/mors-aiguille-feeling-anatomic/,https://www.sellerie-lacabrade.be/be/products/mors-aiguilles-anatomic-feeling-odoo-12136
https://la-cabrade.be/nl/product/voelen-van-anatomische-naaldbit/,https://www.sellerie-lacabrade.be/be/store
https://la-cabrade.be/fr/produit/filet-aiguille-feeling-caoutchouc-droit-rigide/,https://www.sellerie-lacabrade.be/be/products/mors-aiguilles-caoutchouc-droit-feeling-odoo-14412
https://la-cabrade.be/nl/product/recht-stijf-rubber-gevoel-naalddraad/,https://www.sellerie-lacabrade.be/be/store
https://la-cabrade.be/fr/produit/mors-aiguille-caoutchouc-droit-souple-feeling/,https://www.sellerie-lacabrade.be/be/products/mors-aiguilles-caoutchouc-droit-souple-feeling-odoo-19616
https://la-cabrade.be/nl/product/rechte-flexibele-naaldbit-met-rubber-gevoel/,https://www.sellerie-lacabrade.be/be/store
https://la-cabrade.be/fr/produit/mors-aiguille-anatomic-cyprium-feeling/,https://www.sellerie-lacabrade.be/be/products/mors-anneaux-anatomic-cyprium-feeling-odoo-18473
https://la-cabrade.be/nl/product/anatomisch-cyprium-voelend-naaldbitje/,https://www.sellerie-lacabrade.be/be/store
https://la-cabrade.be/fr/produit/mors-aiguille-feeling-flexi-double-brisure/,https://www.sellerie-lacabrade.be/be/products/mors-aiguilles-double-brisure-flexi-pomme-feeling-odoo-14123
https://la-cabrade.be/nl/product/gevoel-flexi-dubbele-krimp-naald-bit/,https://www.sellerie-lacabrade.be/be/store
https://la-cabrade.be/fr/produit/mors-aiguille-feeling-anatomic-inox-satin/,https://www.sellerie-lacabrade.be/be/products/mors-anneaux-anatomic-inox-feeling-odoo-14381
https://la-cabrade.be/nl/product/gevoel-anatomisch-roestvrijstalen-satijnen-bit-2/,https://www.sellerie-lacabrade.be/be/store
https://la-cabrade.be/fr/produit/filet-chantilly-sweet-iron-autobloquant-trust/,https://www.sellerie-lacabrade.be/be/products/mors-olive-sweet-iron-medium-trust-odoo-15952
https://la-cabrade.be/nl/product/filet-chantilly-sweet-iron-autoblocking-trust/,https://www.sellerie-lacabrade.be/be/products/mors-olive-sweet-iron-medium-trust-odoo-15952
https://la-cabrade.be/fr/produit/mors-baucher-anatomic-feeling/,https://www.sellerie-lacabrade.be/be/products/mors-aiguilles-anatomic-feeling-odoo-12136
https://la-cabrade.be/nl/product/anatomisch-gevoel-baucher-bits/,https://www.sellerie-lacabrade.be/be/store
https://la-cabrade.be/fr/produit/mors-de-bride-stubben-fine-line/,https://www.sellerie-lacabrade.be/be/store
https://la-cabrade.be/nl/product/stubben-fijne-lijn-hoofdstel-bit/,https://www.sellerie-lacabrade.be/be/store
https://la-cabrade.be/fr/produit/filet-de-bride-sweet-iron-trust/,https://www.sellerie-lacabrade.be/be/products/mors-olive-sweet-iron-medium-trust-odoo-15952
https://la-cabrade.be/nl/product/sweet-iron-trust-hoofdstel-net/,https://www.sellerie-lacabrade.be/be/products/mors-olive-sweet-iron-medium-trust-odoo-15952
https://la-cabrade.be/fr/produit/mors-eggbut-bradoon-jointed-trust/,https://www.sellerie-lacabrade.be/be/store
https://la-cabrade.be/nl/product/mors-eggbut-bradoon-jointed-trust/,https://www.sellerie-lacabrade.be/be/store
https://la-cabrade.be/fr/produit/mors-espagnol-cuir-rouleau-metalab/,https://www.sellerie-lacabrade.be/be/store
https://la-cabrade.be/nl/product/metalab-spaans-lederen-rolbit/,https://www.sellerie-lacabrade.be/be/store
https://la-cabrade.be/fr/produit/filet-aiguille-feeling-gaine-cuir/,https://www.sellerie-lacabrade.be/be/store
https://la-cabrade.be/nl/product/leren-schede-met-naalddraad/,https://www.sellerie-lacabrade.be/be/store
https://la-cabrade.be/fr/produit/filet-metalab-avec-rouleaux-en-cuivre/,https://www.sellerie-lacabrade.be/be/store
https://la-cabrade.be/nl/product/metalab-net-met-koperen-rollen/,https://www.sellerie-lacabrade.be/be/store
https://la-cabrade.be/fr/produit/filet-olive-feeling-anatomique-cyprium-2-brisures/,https://www.sellerie-lacabrade.be/be/products/mors-olive-anatomique-cyprium-feeling-odoo-12192
https://la-cabrade.be/nl/product/filet-olijf-gevoel-anatomique-cyprium-2-brisures-2/,https://www.sellerie-lacabrade.be/be/store
https://la-cabrade.be/fr/produit/mors-a-olive-br-combo-confort-simple-brisure/,https://www.sellerie-lacabrade.be/be/products/mors-olive-simple-brisure-caoutchouc-feeling-odoo-12169
https://la-cabrade.be/nl/product/br-combo-comfort-enkelvoudige-kromming-olijf-bit/,https://www.sellerie-lacabrade.be/be/store
https://la-cabrade.be/fr/produit/mors-olive-feeling-inox-satin/,https://www.sellerie-lacabrade.be/be/products/mors-olive-inox-satin-feeling-odoo-16777
https://la-cabrade.be/nl/product/satijnen-roestvrijstalen-olijfbit/,https://www.sellerie-lacabrade.be/be/store
https://la-cabrade.be/fr/produit/filet-a-olive-droit-en-cuir-trust/,https://www.sellerie-lacabrade.be/be/products/mors-olive-droit-cuir-trust-odoo-13674
https://la-cabrade.be/nl/product/trust-leer-recht-olijf-net/,https://www.sellerie-lacabrade.be/be/store
https://la-cabrade.be/fr/produit/filet-olive-relaxant-double-articulations-metalab/,https://www.sellerie-lacabrade.be/be/products/18928-mors-olive-relaxant-double-articulation-metalab-odoo-15236
https://la-cabrade.be/nl/product/double-joint-ontspannend-olijfnet-metalab/,https://www.sellerie-lacabrade.be/be/store
https://la-cabrade.be/fr/produit/mors-olive-feeling-caoutchouc-brise/,https://www.sellerie-lacabrade.be/be/products/mors-olive-simple-brisure-caoutchouc-feeling-odoo-12169
https://la-cabrade.be/nl/product/rubber-bit-met-olijfgevoel-2/,https://www.sellerie-lacabrade.be/be/store
https://la-cabrade.be/fr/produit/mors-olive-sweet-iron-12mm-trust/,https://www.sellerie-lacabrade.be/be/products/mors-olive-sweet-iron-medium-trust-odoo-15952
https://la-cabrade.be/nl/product/zoet-ijzer-olijven-bit-12mm-vertrouwen/,https://www.sellerie-lacabrade.be/be/store
https://la-cabrade.be/fr/produit/mors-olive-sweet-iron-16mm-trust/,https://www.sellerie-lacabrade.be/be/products/mors-olive-sweet-iron-medium-trust-odoo-15952
https://la-cabrade.be/nl/product/sweet-iron-olijfbit-16mm-vertrouwen/,https://www.sellerie-lacabrade.be/be/store
https://la-cabrade.be/fr/produit/mors-reglable-3-anneaux-flexi-pomme-feeling-2/,https://www.sellerie-lacabrade.be/be/products/mors-anneaux-anatomic-flexi-pomme-feeling-odoo-14244
https://la-cabrade.be/nl/product/3-ring-flexi-apple-feeling-2-verstelbaar-bit/,https://www.sellerie-lacabrade.be/be/store
https://la-cabrade.be/fr/produit/mors-reglable-4-anneaux-anatomic-feeling-2/,https://www.sellerie-lacabrade.be/be/products/mors-anneaux-anatomic-cyprium-feeling-odoo-18473
https://la-cabrade.be/nl/product/4-ring-anatomisch-gevoel-2-verstelbaar-bit/,https://www.sellerie-lacabrade.be/be/store
https://la-cabrade.be/fr/produit/mors-releveur-double-brisure-flexi-pomme-feeling/,https://www.sellerie-lacabrade.be/be/products/mors-aiguilles-double-brisure-flexi-pomme-feeling-odoo-14123
https://la-cabrade.be/nl/product/flexi-apple-feeling-dubbel-snaffle-bit/,https://www.sellerie-lacabrade.be/be/store
https://la-cabrade.be/fr/produit/mors-releveur-feeling-caoutchouc-2/,https://www.sellerie-lacabrade.be/be/products/mors-aiguilles-caoutchouc-feeling-odoo-16828
https://la-cabrade.be/nl/product/kaakheffer-met-rubber-gevoel-2/,https://www.sellerie-lacabrade.be/be/store
https://la-cabrade.be/fr/produit/mors-simple-br-danish-guard-sweet-cuivre-stubben/,https://www.sellerie-lacabrade.be/be/products/mors-olive-sweet-cuivre-stubben-odoo-19005
https://la-cabrade.be/nl/product/enkel-bit-br-danish-guard-sweet-cuivre-stubben/,https://www.sellerie-lacabrade.be/be/store
https://la-cabrade.be/fr/produit/mors-releveur-feeling-cyprium-2/,https://www.sellerie-lacabrade.be/be/products/mors-aiguilles-releveur-feeling-odoo-12137
https://la-cabrade.be/nl/product/gevoel-cyprium-2-kaakheffer/,https://www.sellerie-lacabrade.be/be/store
https://la-cabrade.be/fr/produit/mors-stubben-releveur-torsade/,https://www.sellerie-lacabrade.be/be/products/mors-aiguilles-releveur-feeling-odoo-12137
https://la-cabrade.be/nl/product/stubbenbit-twistheffer/,https://www.sellerie-lacabrade.be/be/store
https://la-cabrade.be/fr/produit/mors-sweet-iron-beval-eliptical-trust/,https://www.sellerie-lacabrade.be/be/products/mors-olive-sweet-iron-medium-trust-odoo-15952
https://la-cabrade.be/nl/product/mors-sweet-iron-beval-eliptical-trust/,https://www.sellerie-lacabrade.be/be/products/mors-olive-sweet-iron-medium-trust-odoo-15952
https://la-cabrade.be/fr/produit/mors-verdun-a-rouleaux-cuivre-feeling/,https://www.sellerie-lacabrade.be/be/products/mors-verdun-rouleaux-cuivre-feeling-odoo-12168
https://la-cabrade.be/nl/product/verdun-koperen-rolbit-gevoel/,https://www.sellerie-lacabrade.be/be/store
https://la-cabrade.be/fr/produit/mors-sweet-iron-kimblehook-trust/,https://www.sellerie-lacabrade.be/be/products/mors-olive-sweet-iron-medium-trust-odoo-15952
https://la-cabrade.be/nl/product/mors-sweet-iron-kimblehook-trust/,https://www.sellerie-lacabrade.be/be/products/mors-olive-sweet-iron-medium-trust-odoo-15952
https://la-cabrade.be/fr/produit/mors-verdun-feeling-caoutchouc-brise/,https://www.sellerie-lacabrade.be/be/products/mors-verdun-simple-brisure-caoutchouc-feeling-odoo-12128
https://la-cabrade.be/nl/product/mors-verdun-gevoel-caoutchouc-brise-2/,https://www.sellerie-lacabrade.be/be/products/mors-verdun-simple-brisure-caoutchouc-feeling-odoo-12128
https://la-cabrade.be/fr/produit/mousqueton-20mm-nickele/,https://www.sellerie-lacabrade.be/be/store
https://la-cabrade.be/nl/product/20mm-karabijnhaak-nickele/,https://www.sellerie-lacabrade.be/be/store
https://la-cabrade.be/fr/produit/mors-acavallo-waves-sensitive/,https://www.sellerie-lacabrade.be/be/store
https://la-cabrade.be/nl/product/acavallo-golven-gevoelige-bits-2/,https://www.sellerie-lacabrade.be/be/store
https://la-cabrade.be/fr/produit/mousqueton-anti-panique-hippotonic/,https://www.sellerie-lacabrade.be/be/store
https://la-cabrade.be/nl/product/hippotone-anti-paniek-karabijnhaak/,https://www.sellerie-lacabrade.be/be/store
https://la-cabrade.be/fr/produit/mousqueton-en-zinc-metalab/,https://www.sellerie-lacabrade.be/be/store
https://la-cabrade.be/nl/product/metalab-zinken-karabijnhaak/,https://www.sellerie-lacabrade.be/be/store
https://la-cabrade.be/fr/produit/mousqueton-pompier-feeling/,https://www.sellerie-lacabrade.be/be/store
https://la-cabrade.be/nl/product/mousqueton-pompier-feeling/,https://www.sellerie-lacabrade.be/be/store
https://la-cabrade.be/fr/produit/mousqueton-western-premiere/,https://www.sellerie-lacabrade.be/be/store
https://la-cabrade.be/nl/product/premiere-western-karabijnhaak/,https://www.sellerie-lacabrade.be/be/store
https://la-cabrade.be/fr/produit/mouton-pour-bridon-26-30-cm-qhp/,https://www.sellerie-lacabrade.be/be/products/filet-pour-cheveux-qhp-odoo-20388
https://la-cabrade.be/nl/product/schaap-voor-hoofdstel-26-30-cm-qhp/,https://www.sellerie-lacabrade.be/be/store
https://la-cabrade.be/fr/produit/mud-less-vital-herbs-s-r/,https://www.sellerie-lacabrade.be/be/products/14704-mud-less-vital-herbs-s-r-odoo-13804
https://la-cabrade.be/nl/product/modder-minder-vitale-kruiden-s-r/,https://www.sellerie-lacabrade.be/be/store
https://la-cabrade.be/fr/produit/mud-lotion-vital-herbs-s-r/,https://www.sellerie-lacabrade.be/be/products/14403-mud-lotion-vital-herbs-s-r-odoo-13700
https://la-cabrade.be/nl/product/modder-lotion-vitale-kruiden-s-r/,https://www.sellerie-lacabrade.be/be/store
https://la-cabrade.be/fr/produit/multibag-eco-25l-waldhausen/,https://www.sellerie-lacabrade.be/be/products/multibag-eco-25l-waldhausen-odoo-20856
https://la-cabrade.be/nl/product/multibag-eco-25l-waldhausen/,https://www.sellerie-lacabrade.be/be/products/multibag-eco-25l-waldhausen-odoo-20856
https://la-cabrade.be/fr/produit/muserole-francaise-corde-eric-thomas-pro/,https://www.sellerie-lacabrade.be/be/store
https://la-cabrade.be/nl/product/eric-thomas-pro-franse-neusriem/,https://www.sellerie-lacabrade.be/be/store
https://la-cabrade.be/fr/produit/muserolle-combinee-pull-back-br/,https://www.sellerie-lacabrade.be/be/store
https://la-cabrade.be/nl/product/combinatie-pull-back-neusriem-br/,https://www.sellerie-lacabrade.be/be/store
https://la-cabrade.be/fr/produit/muserolle-corde-new-english-dyon/,https://www.sellerie-lacabrade.be/be/store
https://la-cabrade.be/nl/product/nieuwe-engelse-dyon-touw-neusriem/,https://www.sellerie-lacabrade.be/be/store
https://la-cabrade.be/fr/produit/mycosorb-a-1kg-vital-herbs/,https://www.sellerie-lacabrade.be/be/products/57324-mycosorb-a-1kg-vital-herbs-odoo-19816
https://la-cabrade.be/nl/product/mycosorb-a-1kg-vitale-kruiden/,https://www.sellerie-lacabrade.be/be/store
https://la-cabrade.be/fr/produit/myo-power-equistro-s-r/,https://www.sellerie-lacabrade.be/be/store
https://la-cabrade.be/nl/product/myo-power-equistro-s-r/,https://www.sellerie-lacabrade.be/be/store
https://la-cabrade.be/fr/produit/mythos-muserolle-micklem-lj-ps611/,https://www.sellerie-lacabrade.be/be/store
https://la-cabrade.be/nl/product/mythos-micklem-neusriem-lj-ps611/,https://www.sellerie-lacabrade.be/be/store
https://la-cabrade.be/fr/produit/nacri-crevasse/,https://www.sellerie-lacabrade.be/be/store
https://la-cabrade.be/nl/product/nacri-crack/,https://www.sellerie-lacabrade.be/be/store
https://la-cabrade.be/fr/produit/natural-verm-vital-herbs-s-r/,https://www.sellerie-lacabrade.be/be/products/14708-natural-verm-vital-herbs-s-r-odoo-13808
https://la-cabrade.be/nl/product/natuurlijke-verm-vitale-kruiden-s-r-2/,https://www.sellerie-lacabrade.be/be/store
https://la-cabrade.be/fr/produit/navicare-vital-herbs-s-r/,https://www.sellerie-lacabrade.be/be/products/circul-vital-herbs-s-r-odoo-15011
https://la-cabrade.be/nl/product/navicare-vitale-kruiden-s-r/,https://www.sellerie-lacabrade.be/be/store
https://la-cabrade.be/fr/produit/nice-calm-forte-vital-herbs-s-r/,https://www.sellerie-lacabrade.be/be/products/18965-nice-calm-forte-vital-herbs-s-r-odoo-15246
https://la-cabrade.be/nl/product/mooie-rustige-forte-vitale-kruiden-s-r-2/,https://www.sellerie-lacabrade.be/be/store
https://la-cabrade.be/fr/produit/nice-calm-vital-herbs-s-r/,https://www.sellerie-lacabrade.be/be/products/nice-calm-vital-herbs-s-r-odoo-18351
https://la-cabrade.be/nl/product/mooie-rustige-vitale-kruiden-s-r-2/,https://www.sellerie-lacabrade.be/be/store
https://la-cabrade.be/fr/produit/nice-mare-vital-herbs-s-r/,https://www.sellerie-lacabrade.be/be/products/nice-mare-vital-herbs-s-r-odoo-18352
https://la-cabrade.be/nl/product/mooie-merrie-vital-herbs-s-r/,https://www.sellerie-lacabrade.be/be/products/ail-semoulette-vital-herbs-s-r-odoo-13719
https://la-cabrade.be/fr/produit/no-bite-cream-foran/,https://www.sellerie-lacabrade.be/be/store
https://la-cabrade.be/nl/product/geen-bijtcreme-vooran/,https://www.sellerie-lacabrade.be/be/store
https://la-cabrade.be/fr/produit/numero-de-depart-3-chiffres-rond/,https://www.sellerie-lacabrade.be/be/store
https://la-cabrade.be/nl/product/startnummer-3-ronde-cijfers-2/,https://www.sellerie-lacabrade.be/be/store
https://la-cabrade.be/fr/produit/oeilleres-penelope-blinkers/,https://www.sellerie-lacabrade.be/be/products/ill-res-blinkers-penelope-odoo-15532
https://la-cabrade.be/nl/product/penelope-oogkleppen/,https://www.sellerie-lacabrade.be/be/products/bracelet-zo-penelope-odoo-21340
https://la-cabrade.be/fr/produit/olympus-absolute-front-veredus/,https://www.sellerie-lacabrade.be/be/products/olympus-absolute-front-veredus-odoo-15971
https://la-cabrade.be/nl/product/olympus-absolute-front-veredus/,https://www.sellerie-lacabrade.be/be/products/olympus-absolute-front-veredus-odoo-15971
https://la-cabrade.be/fr/produit/olympus-absolute-rear-veredus/,https://www.sellerie-lacabrade.be/be/products/olympus-absolute-rear-veredus-odoo-15972
https://la-cabrade.be/nl/product/olympus-absolute-achter-veredus/,https://www.sellerie-lacabrade.be/be/products/olympus-absolute-front-veredus-odoo-15971
https://la-cabrade.be/fr/produit/olympus-vento-front-veredus/,https://www.sellerie-lacabrade.be/be/products/olympus-vento-front-veredus-odoo-16933
https://la-cabrade.be/nl/product/olympus-vento-voorzijde-veredus/,https://www.sellerie-lacabrade.be/be/products/olympus-vento-front-veredus-odoo-16933
https://la-cabrade.be/fr/produit/olympus-vento-rear-veredus/,https://www.sellerie-lacabrade.be/be/products/olympus-vento-rear-veredus-odoo-16934
https://la-cabrade.be/nl/product/olympus-vento-achter-veredus/,https://www.sellerie-lacabrade.be/be/products/olympus-vento-front-veredus-odoo-16933
https://la-cabrade.be/fr/produit/onguent-blond-ete-480ml-ungula-naturalis/,https://www.sellerie-lacabrade.be/be/products/33019-onguent-blond-t-480ml-ungula-naturalis-odoo-14024
https://la-cabrade.be/nl/product/blonde-zomerzalf-480ml-ungula-naturalis/,https://www.sellerie-lacabrade.be/be/products/33019-onguent-blond-t-480ml-ungula-naturalis-odoo-14024
https://la-cabrade.be/fr/produit/onguent-blond-ete-hydratant-480ml-ungula-naturalis/,https://www.sellerie-lacabrade.be/be/products/62138-onguent-blond-t-hydratant-480ml-ungula-naturalis-odoo-20878
https://la-cabrade.be/nl/product/blonde-zomerse-vochtinbrengende-zalf-480ml-ungula-naturalis-2/,https://www.sellerie-lacabrade.be/be/store
https://la-cabrade.be/fr/produit/onguent-blond-hiver-hydratant-480ml-ungula-naturalis/,https://www.sellerie-lacabrade.be/be/products/62140-onguent-blond-hiver-hydratant-480ml-ungula-naturalis-odoo-20880
https://la-cabrade.be/nl/product/blonde-winter-vochtinbrengende-zalf-480ml-ungula-naturalis/,https://www.sellerie-lacabrade.be/be/store
https://la-cabrade.be/fr/produit/onguent-blond-hydratant-mi-saison-480ml-ungula-naturalis/,https://www.sellerie-lacabrade.be/be/products/33022-onguent-blond-hydratant-mi-saison-480ml-ungula-naturalis-odoo-17063
https://la-cabrade.be/nl/product/tussenseizoen-hydraterende-blonde-zalf-480ml-ungula-naturalis/,https://www.sellerie-lacabrade.be/be/store
https://la-cabrade.be/fr/produit/onguent-chevaux-non-ferres-ete-mi-saison-480ml-ungula-naturalis/,https://www.sellerie-lacabrade.be/be/products/33026-onguent-chevaux-non-ferr-s-t-mi-saison-480ml-ungula-naturalis-odoo-17065
https://la-cabrade.be/nl/product/zalf-voor-niet-beslagen-paarden-zomer-tussenseizoen-480ml-ungula-naturalis/,https://www.sellerie-lacabrade.be/be/store
https://la-cabrade.be/fr/produit/onguent-incolore-hiver-480ml-ungula-naturalis/,https://www.sellerie-lacabrade.be/be/products/33027-onguent-incolore-hiver-480ml-ungula-naturalis-odoo-17066
https://la-cabrade.be/nl/product/winter-kleurloze-zalf-480ml-ungula-naturalis/,https://www.sellerie-lacabrade.be/be/products/33019-onguent-blond-t-480ml-ungula-naturalis-odoo-14024
https://la-cabrade.be/fr/produit/onguent-noir-hiver-480ml-ungula-naturalis/,https://www.sellerie-lacabrade.be/be/products/12030-onguent-noir-hiver-480ml-ungula-naturalis-odoo-12601
https://la-cabrade.be/nl/product/winter-zwarte-zalf-480ml-ungula-naturalis/,https://www.sellerie-lacabrade.be/be/products/33019-onguent-blond-t-480ml-ungula-naturalis-odoo-14024
https://la-cabrade.be/fr/produit/onguent-noir-mi-saison-480ml-ungula-naturalis/,https://www.sellerie-lacabrade.be/be/products/12029-onguent-noir-mi-saison-480ml-ungula-naturalis-odoo-12681
https://la-cabrade.be/nl/product/tussenseizoen-zwarte-zalf-480ml-ungula-naturalis/,https://www.sellerie-lacabrade.be/be/products/33019-onguent-blond-t-480ml-ungula-naturalis-odoo-14024
https://la-cabrade.be/fr/produit/onguent-sport-ete-mi-saison-480ml-ungula-naturalis/,https://www.sellerie-lacabrade.be/be/products/33020-onguent-sport-t-mi-saison-480ml-ungula-naturalis-odoo-17061
https://la-cabrade.be/nl/product/zomersportzalf-480ml-ungula-naturalis-2/,https://www.sellerie-lacabrade.be/be/products/baume-fourchette-ungula-naturalis-odoo-12563
https://la-cabrade.be/fr/produit/onguent-sport-hiver-480ml-ungula-naturalis/,https://www.sellerie-lacabrade.be/be/products/33025-onguent-sport-hiver-480ml-ungula-naturalis-odoo-17064
https://la-cabrade.be/nl/product/wintersportzalf-480ml-ungula-naturalis/,https://www.sellerie-lacabrade.be/be/products/baume-fourchette-ungula-naturalis-odoo-12563
https://la-cabrade.be/fr/produit/oreillette-flexible-whis-original-s-r/,https://www.sellerie-lacabrade.be/be/store
https://la-cabrade.be/nl/product/whis-original-s-r-flexibele-headset/,https://www.sellerie-lacabrade.be/be/store
https://la-cabrade.be/fr/produit/osteo-glycan-foran-s-r-2/,https://www.sellerie-lacabrade.be/be/store
https://la-cabrade.be/nl/product/osteoglycaan-vooran-s-r-2/,https://www.sellerie-lacabrade.be/be/store
https://la-cabrade.be/fr/produit/ost-o-flex-foran-s-r-2/,https://www.sellerie-lacabrade.be/be/store
https://la-cabrade.be/nl/product/ost-o-flex-vooran-s-r-2/,https://www.sellerie-lacabrade.be/be/store
https://la-cabrade.be/fr/produit/panier-de-jeun-avec-trous-pour-le-nez-qhp/,https://www.sellerie-lacabrade.be/be/products/panier-de-jeun-avec-narines-qhp-odoo-16191
https://la-cabrade.be/nl/product/vastenmand-met-neusgaten-qhp/,https://www.sellerie-lacabrade.be/be/store
https://la-cabrade.be/fr/produit/museliere-br-fourrure/,https://www.sellerie-lacabrade.be/be/store
https://la-cabrade.be/nl/product/neusriem-in-bont-2/,https://www.sellerie-lacabrade.be/be/store
https://la-cabrade.be/fr/produit/pansement-cataplasme-vetrol-formtex/,https://www.sellerie-lacabrade.be/be/store
https://la-cabrade.be/nl/product/vetrol-formtex-kompres/,https://www.sellerie-lacabrade.be/be/store
https://la-cabrade.be/fr/produit/pantalon-4-eh-kids-chanaya-br/,https://www.sellerie-lacabrade.be/be/store
https://la-cabrade.be/nl/product/4-eh-kids-chanaya-br-broek/,https://www.sellerie-lacabrade.be/be/store
https://la-cabrade.be/fr/produit/pantalon-american-breeches-cavalleria-toscana/,https://www.sellerie-lacabrade.be/be/store
https://la-cabrade.be/nl/product/pantalon-american-breeches-cavalleria-toscana/,https://www.sellerie-lacabrade.be/be/store
https://la-cabrade.be/fr/produit/pantalon-american-w-back-pocket-cavalleria-toscana/,https://www.sellerie-lacabrade.be/be/store
https://la-cabrade.be/nl/product/pantalon-american-w-back-pocket-cavalleria-toscana/,https://www.sellerie-lacabrade.be/be/store
https://la-cabrade.be/fr/produit/pantalon-cavalleria-toscana-new-grip-system/,https://www.sellerie-lacabrade.be/be/products/pantalon-jersey-grip-academy-dame-cavalleria-toscana-odoo-18301
https://la-cabrade.be/nl/product/cavalleria-toscana-nieuwe-broek-met-gripsysteem/,https://www.sellerie-lacabrade.be/be/store
https://la-cabrade.be/fr/produit/pantalon-chauffant-full-grip-kl-karolina-kingsland/,https://www.sellerie-lacabrade.be/be/store
https://la-cabrade.be/nl/product/kl-karolina-kingsland-full-grip-verwarmde-broek-2/,https://www.sellerie-lacabrade.be/be/store
https://la-cabrade.be/fr/produit/pantalon-cla-lc-equestrian/,https://www.sellerie-lacabrade.be/be/products/pantalon-cla-lc-equestrian-odoo-22545
https://la-cabrade.be/nl/product/pantalon-cla-lc-equestrian/,https://www.sellerie-lacabrade.be/be/products/pantalon-cla-lc-equestrian-odoo-22545
https://la-cabrade.be/fr/produit/pantalon-ct-line-system-full-grip-junior/,https://www.sellerie-lacabrade.be/be/store
https://la-cabrade.be/nl/product/ct-line-system-full-grip-junior-broek/,https://www.sellerie-lacabrade.be/be/store
https://la-cabrade.be/fr/produit/pantalon-ct-team-grip-genou/,https://www.sellerie-lacabrade.be/be/store
https://la-cabrade.be/nl/product/ct-team-grip-kniebroek/,https://www.sellerie-lacabrade.be/be/store
https://la-cabrade.be/fr/produit/pantalon-dame-cancun-full-grip-br/,https://www.sellerie-lacabrade.be/be/store
https://la-cabrade.be/nl/product/damesbroek-full-grip-br-cancun/,https://www.sellerie-lacabrade.be/be/store
https://la-cabrade.be/fr/produit/pantalon-dame-ct-revolution-full-grip/,https://www.sellerie-lacabrade.be/be/store
https://la-cabrade.be/nl/product/ct-revolution-full-grip-damesbroek/,https://www.sellerie-lacabrade.be/be/store
https://la-cabrade.be/fr/produit/pantalon-de-concours-ame-lc-equestrian/,https://www.sellerie-lacabrade.be/be/products/pantalon-de-concours-am-lc-equestrian-odoo-22781
https://la-cabrade.be/nl/product/pantalon-de-concours-ame-lc-equestrian/,https://www.sellerie-lacabrade.be/be/products/pantalon-de-concours-am-lc-equestrian-odoo-22781
https://la-cabrade.be/fr/produit/pantalon-de-concours-cla-lc-equestrian/,https://www.sellerie-lacabrade.be/be/products/pantalon-de-concours-cla-lc-equestrian-odoo-22780
https://la-cabrade.be/nl/product/pantalon-de-concours-cla-lc-equestrian/,https://www.sellerie-lacabrade.be/be/products/pantalon-de-concours-cla-lc-equestrian-odoo-22780
https://la-cabrade.be/fr/produit/pantalon-de-concours-grip-genoux-tessa-dame-s24-samshield/,https://www.sellerie-lacabrade.be/be/store
https://la-cabrade.be/nl/product/tessa-dames-s24-samshield-knee-grip-wedstrijdbroek-2/,https://www.sellerie-lacabrade.be/be/store
https://la-cabrade.be/fr/produit/pantalon-de-concours-taille-haute-avec-poches-dame-rg/,https://www.sellerie-lacabrade.be/be/products/pantalon-de-concours-taille-haute-ceelina-pikeur-odoo-21913
https://la-cabrade.be/nl/product/wedstrijdbroek-met-hoge-taille-en-dameszakken-rg/,https://www.sellerie-lacabrade.be/be/store
https://la-cabrade.be/fr/produit/pantalon-de-concours-unisexe-enfant-cavalleria-toscana/,https://www.sellerie-lacabrade.be/be/products/ceinture-lastique-enfant-cavalleria-toscana-odoo-21038
https://la-cabrade.be/nl/product/uniseks-wedstrijdbroek-voor-kinderen-cavalleria-toscana/,https://www.sellerie-lacabrade.be/be/store
https://la-cabrade.be/fr/produit/pantalon-eevolv-irene-br/,https://www.sellerie-lacabrade.be/be/store
https://la-cabrade.be/nl/product/eevolv-irene-br-broek-2/,https://www.sellerie-lacabrade.be/be/store
https://la-cabrade.be/fr/produit/pantalon-ej-homme-ego7/,https://www.sellerie-lacabrade.be/be/store
https://la-cabrade.be/nl/product/pantalon-ej-homme-ego7/,https://www.sellerie-lacabrade.be/be/store
https://la-cabrade.be/fr/produit/pantalon-embossed-mv-homme-ego7/,https://www.sellerie-lacabrade.be/be/store
https://la-cabrade.be/nl/product/pantalon-embossed-mv-homme-ego7/,https://www.sellerie-lacabrade.be/be/store
https://la-cabrade.be/fr/produit/pantalon-equitheme-safir-dame/,https://www.sellerie-lacabrade.be/be/store
https://la-cabrade.be/nl/product/safir-dames-rijbroek/,https://www.sellerie-lacabrade.be/be/store
https://la-cabrade.be/fr/produit/pantalon-equitheme-safir-junior/,https://www.sellerie-lacabrade.be/be/store
https://la-cabrade.be/nl/product/safir-junior-rijbroek/,https://www.sellerie-lacabrade.be/be/store
https://la-cabrade.be/fr/produit/pantalon-fix-system-grip-jaltika-harcour/,https://www.sellerie-lacabrade.be/be/store
https://la-cabrade.be/nl/product/pantalon-fix-system-grip-jaltika-harcour/,https://www.sellerie-lacabrade.be/be/store
https://la-cabrade.be/fr/produit/pantalon-full-grip-diane-ton-sur-ton-samshield/,https://www.sellerie-lacabrade.be/be/store
https://la-cabrade.be/nl/product/full-grip-diane-tone-on-tone-samshield-broek/,https://www.sellerie-lacabrade.be/be/store
https://la-cabrade.be/fr/produit/pantalon-full-grip-eevolv-emerson-enfant-br/,https://www.sellerie-lacabrade.be/be/products/pantalon-grip-genoux-brooklyn-enfant-pikeur-odoo-13895
https://la-cabrade.be/nl/product/full-grip-broek-eevolv-emerson-kind-br/,https://www.sellerie-lacabrade.be/be/store
https://la-cabrade.be/fr/produit/pantalon-full-grip-flowing-anky/,https://www.sellerie-lacabrade.be/be/store
https://la-cabrade.be/nl/product/full-grip-vloeiende-anky-broek/,https://www.sellerie-lacabrade.be/be/store
https://la-cabrade.be/fr/produit/pantalon-full-grip-jolijn-br/,https://www.sellerie-lacabrade.be/be/store
https://la-cabrade.be/nl/product/pantalon-full-grip-jolijn-br/,https://www.sellerie-lacabrade.be/be/store
https://la-cabrade.be/fr/produit/pantalon-full-grip-kids-merida-br/,https://www.sellerie-lacabrade.be/be/store
https://la-cabrade.be/nl/product/full-grip-kinderbroek-merida-br/,https://www.sellerie-lacabrade.be/be/store
https://la-cabrade.be/fr/produit/pantalon-full-grip-kl-kimi-kingsland/,https://www.sellerie-lacabrade.be/be/store
https://la-cabrade.be/nl/product/pantalon-full-grip-kl-kimi-kingsland/,https://www.sellerie-lacabrade.be/be/store
https://la-cabrade.be/fr/produit/pantalon-full-grip-mikai-enfant-br/,https://www.sellerie-lacabrade.be/be/products/pantalon-grip-genoux-brooklyn-enfant-pikeur-odoo-13895
https://la-cabrade.be/nl/product/pantalon-full-grip-mikai-enfant-br/,https://www.sellerie-lacabrade.be/be/products/pantalon-grip-genoux-brooklyn-enfant-pikeur-odoo-13895
https://la-cabrade.be/fr/produit/pantalon-full-grip-marissa-enfant-br/,https://www.sellerie-lacabrade.be/be/products/pantalon-grip-genoux-brooklyn-enfant-pikeur-odoo-13895
https://la-cabrade.be/nl/product/marissa-full-grip-broek-br-2/,https://www.sellerie-lacabrade.be/be/store
https://la-cabrade.be/fr/produit/pantalon-full-grip-r-evo-cavalleria-toscana/,https://www.sellerie-lacabrade.be/be/products/pantalon-taille-haute-full-grip-cavalleria-toscana-odoo-17151
https://la-cabrade.be/nl/product/pantalon-full-grip-r-evo-cavalleria-toscana/,https://www.sellerie-lacabrade.be/be/products/pantalon-taille-haute-full-grip-cavalleria-toscana-odoo-17151
https://la-cabrade.be/fr/produit/pantalon-full-grip-taille-haute-lilith-pikeur/,https://www.sellerie-lacabrade.be/be/products/pantalon-taille-haute-full-grip-cavalleria-toscana-odoo-17151
https://la-cabrade.be/nl/product/lilith-pikeur-hoge-taille-full-grip-broek/,https://www.sellerie-lacabrade.be/be/store
https://la-cabrade.be/fr/produit/pantalon-full-grip-victoria-qhp/,https://www.sellerie-lacabrade.be/be/store
https://la-cabrade.be/nl/product/victoria-qhp-full-grip-broek-2/,https://www.sellerie-lacabrade.be/be/store
https://la-cabrade.be/fr/produit/pantalon-cavalleria-toscana-grip-genoux-boys-2/,https://www.sellerie-lacabrade.be/be/products/pantalon-jersey-grip-academy-dame-cavalleria-toscana-odoo-18301
https://la-cabrade.be/nl/product/cavalleria-toscana-broek-grip-knieen-jongens-2/,https://www.sellerie-lacabrade.be/be/store
https://la-cabrade.be/fr/produit/pantalon-grip-genou-marceau-matt-samshield/,https://www.sellerie-lacabrade.be/be/store
https://la-cabrade.be/nl/product/marceau-matt-samshield-knee-grip-broek/,https://www.sellerie-lacabrade.be/be/store
https://la-cabrade.be/fr/produit/pantalon-grip-genoux-adele-boreal-ss25-samshield/,https://www.sellerie-lacabrade.be/be/store
https://la-cabrade.be/nl/product/pantalon-grip-genoux-adele-boreal-ss25-samshield/,https://www.sellerie-lacabrade.be/be/store
https://la-cabrade.be/fr/produit/pantalon-grip-genoux-american-breeches-cavalleria-toscana/,https://www.sellerie-lacabrade.be/be/products/pantalon-jersey-grip-academy-dame-cavalleria-toscana-odoo-18301
https://la-cabrade.be/nl/product/pantalon-grip-genoux-american-breeches-cavalleria-toscana/,https://www.sellerie-lacabrade.be/be/products/pantalon-jersey-grip-academy-dame-cavalleria-toscana-odoo-18301
https://la-cabrade.be/fr/produit/pantalon-grip-genoux-amia-pikeur/,https://www.sellerie-lacabrade.be/be/products/pantalon-grip-genoux-brooklyn-enfant-pikeur-odoo-13895
https://la-cabrade.be/nl/product/pantalon-grip-genoux-amia-pikeur/,https://www.sellerie-lacabrade.be/be/products/pantalon-grip-genoux-brooklyn-enfant-pikeur-odoo-13895
https://la-cabrade.be/fr/produit/pantalon-grip-genoux-ej-ego7/,https://www.sellerie-lacabrade.be/be/products/pantalon-grip-genoux-laurena-lc-equestrian-odoo-23146
https://la-cabrade.be/nl/product/pantalon-grip-genoux-ej-ego7/,https://www.sellerie-lacabrade.be/be/products/pantalon-grip-genoux-laurena-lc-equestrian-odoo-23146
https://la-cabrade.be/fr/produit/pantalon-grip-genoux-emiel-homme-br/,https://www.sellerie-lacabrade.be/be/products/pantalon-grip-genoux-laurena-lc-equestrian-odoo-23146
https://la-cabrade.be/nl/product/pantalon-grip-genoux-emiel-homme-br/,https://www.sellerie-lacabrade.be/be/products/pantalon-grip-genoux-laurena-lc-equestrian-odoo-23146
https://la-cabrade.be/fr/produit/pantalon-grip-genoux-ewan-homme-br/,https://www.sellerie-lacabrade.be/be/products/pantalon-grip-genoux-laurena-lc-equestrian-odoo-23146
https://la-cabrade.be/nl/product/ewan-heren-kniebroek-br/,https://www.sellerie-lacabrade.be/be/store
https://la-cabrade.be/fr/produit/pantalon-junior-garcon-fillip-qhp/,https://www.sellerie-lacabrade.be/be/store
https://la-cabrade.be/nl/product/jongens-fillip-qhp-broek/,https://www.sellerie-lacabrade.be/be/store
https://la-cabrade.be/fr/produit/pantalon-grip-genoux-homme-cavalleria-toscana/,https://www.sellerie-lacabrade.be/be/products/pantalon-grip-genoux-new-rodrigo-homme-pikeur-odoo-22092
https://la-cabrade.be/nl/product/cavalleria-toscana-heren-kniebroek/,https://www.sellerie-lacabrade.be/be/products/ceinture-lastique-cavalleria-toscana-odoo-19544
https://la-cabrade.be/fr/produit/pantalon-grip-genoux-homme-rg/,https://www.sellerie-lacabrade.be/be/products/pantalon-grip-genoux-laurena-lc-equestrian-odoo-23146
https://la-cabrade.be/nl/product/rg-heren-knie-grip-broek/,https://www.sellerie-lacabrade.be/be/store
https://la-cabrade.be/fr/produit/pantalon-grip-genoux-ingeborg-br/,https://www.sellerie-lacabrade.be/be/products/pantalon-grip-genoux-laurena-lc-equestrian-odoo-23146
https://la-cabrade.be/nl/product/ingeborg-br-knie-grip-broek-2/,https://www.sellerie-lacabrade.be/be/store
https://la-cabrade.be/fr/produit/pantalon-grip-genoux-isaak-homme-br/,https://www.sellerie-lacabrade.be/be/products/pantalon-grip-genoux-laurena-lc-equestrian-odoo-23146
https://la-cabrade.be/nl/product/isaak-heren-knie-grip-broek-br/,https://www.sellerie-lacabrade.be/be/store
https://la-cabrade.be/fr/produit/pantalon-grip-genoux-kl-kira-kingsland/,https://www.sellerie-lacabrade.be/be/products/pantalon-grip-genoux-laurena-lc-equestrian-odoo-23146
https://la-cabrade.be/nl/product/pantalon-grip-genoux-kl-kira-kingsland/,https://www.sellerie-lacabrade.be/be/products/pantalon-grip-genoux-laurena-lc-equestrian-odoo-23146
https://la-cabrade.be/fr/produit/pantalon-grip-genoux-kl-kerry-dame-kingsland/,https://www.sellerie-lacabrade.be/be/products/pantalon-grip-genoux-brooklyn-enfant-pikeur-odoo-13895
https://la-cabrade.be/nl/product/kl-kerry-dame-kingsland-knee-grip-broek/,https://www.sellerie-lacabrade.be/be/store
https://la-cabrade.be/fr/produit/pantalon-grip-genoux-kl-naya-kingsland/,https://www.sellerie-lacabrade.be/be/products/pantalon-grip-genoux-laurena-lc-equestrian-odoo-23146
https://la-cabrade.be/nl/product/pantalon-grip-genoux-kl-naya-kingsland/,https://www.sellerie-lacabrade.be/be/products/pantalon-grip-genoux-laurena-lc-equestrian-odoo-23146
https://la-cabrade.be/fr/produit/pantalon-grip-genoux-laurena-lc-equestrian/,https://www.sellerie-lacabrade.be/be/products/pantalon-grip-genoux-laurena-lc-equestrian-odoo-23146
https://la-cabrade.be/nl/product/pantalon-grip-genoux-laurena-lc-equestrian/,https://www.sellerie-lacabrade.be/be/products/pantalon-grip-genoux-laurena-lc-equestrian-odoo-23146
https://la-cabrade.be/fr/produit/pantalon-grip-genoux-maikel-homme-br/,https://www.sellerie-lacabrade.be/be/products/pantalon-grip-genoux-laurena-lc-equestrian-odoo-23146
https://la-cabrade.be/nl/product/maikel-heren-knie-grip-broek-br-2/,https://www.sellerie-lacabrade.be/be/store
https://la-cabrade.be/fr/produit/pantalon-grip-genoux-maja-enfant-br/,https://www.sellerie-lacabrade.be/be/products/pantalon-grip-genoux-brooklyn-enfant-pikeur-odoo-13895
https://la-cabrade.be/nl/product/maja-kinder-kniebroek-br/,https://www.sellerie-lacabrade.be/be/store
https://la-cabrade.be/fr/produit/pantalon-grip-genoux-majestic-penelope/,https://www.sellerie-lacabrade.be/be/products/pantalon-grip-genoux-laurena-lc-equestrian-odoo-23146
https://la-cabrade.be/nl/product/pantalon-grip-genoux-majestic-penelope/,https://www.sellerie-lacabrade.be/be/products/pantalon-grip-genoux-laurena-lc-equestrian-odoo-23146
https://la-cabrade.be/fr/produit/pantalon-grip-genoux-martin-homme-br/,https://www.sellerie-lacabrade.be/be/products/pantalon-grip-genoux-laurena-lc-equestrian-odoo-23146
https://la-cabrade.be/nl/product/pantalon-grip-genoux-martin-homme-br/,https://www.sellerie-lacabrade.be/be/products/pantalon-grip-genoux-laurena-lc-equestrian-odoo-23146
https://la-cabrade.be/fr/produit/pantalon-grip-genoux-molo-homme-animo/,https://www.sellerie-lacabrade.be/be/products/pantalon-grip-genoux-new-rodrigo-homme-pikeur-odoo-22092
https://la-cabrade.be/nl/product/molo-kniebroek-man-animo-2/,https://www.sellerie-lacabrade.be/be/store
https://la-cabrade.be/fr/produit/pantalon-grip-genoux-new-brooklyn-enfant-pikeur/,https://www.sellerie-lacabrade.be/be/products/pantalon-grip-genoux-new-brooklyn-enfant-pikeur-odoo-21912
https://la-cabrade.be/nl/product/nieuwe-brooklyn-kind-pikeur-knie-grip-broek-2/,https://www.sellerie-lacabrade.be/be/store
https://la-cabrade.be/fr/produit/pantalon-grip-genoux-new-rodrigo-homme-pikeur/,https://www.sellerie-lacabrade.be/be/products/pantalon-grip-genoux-new-rodrigo-homme-pikeur-odoo-22092
https://la-cabrade.be/nl/product/nieuwe-rodrigo-herenbroek-pikeur-knee-grip-2/,https://www.sellerie-lacabrade.be/be/store
https://la-cabrade.be/fr/produit/pantalon-grip-genoux-nyomi-qhp/,https://www.sellerie-lacabrade.be/be/products/pantalon-grip-genoux-laurena-lc-equestrian-odoo-23146
https://la-cabrade.be/nl/product/pantalon-grip-genoux-nyomi-qhp/,https://www.sellerie-lacabrade.be/be/products/pantalon-grip-genoux-laurena-lc-equestrian-odoo-23146
https://la-cabrade.be/fr/produit/pantalon-grip-genoux-pt-ego7/,https://www.sellerie-lacabrade.be/be/products/pantalon-grip-genoux-laurena-lc-equestrian-odoo-23146
https://la-cabrade.be/nl/product/pantalon-grip-genoux-pt-ego7/,https://www.sellerie-lacabrade.be/be/products/pantalon-grip-genoux-laurena-lc-equestrian-odoo-23146
https://la-cabrade.be/fr/produit/pantalon-grip-genoux-raphael-s24-homme-samshield/,https://www.sellerie-lacabrade.be/be/products/pantalon-grip-genoux-new-rodrigo-homme-pikeur-odoo-22092
https://la-cabrade.be/nl/product/raphael-s24-heren-kniebroek-samshield/,https://www.sellerie-lacabrade.be/be/store
https://la-cabrade.be/fr/produit/pantalon-grip-genoux-tessa-sport-samshield/,https://www.sellerie-lacabrade.be/be/products/pantalon-grip-genoux-brooklyn-enfant-pikeur-odoo-13895
https://la-cabrade.be/nl/product/pantalon-grip-genoux-tessa-sport-samshield/,https://www.sellerie-lacabrade.be/be/products/pantalon-grip-genoux-brooklyn-enfant-pikeur-odoo-13895
https://la-cabrade.be/fr/produit/pantalon-homme-cas-br/,https://www.sellerie-lacabrade.be/be/store
https://la-cabrade.be/nl/product/cas-br-herenbroek/,https://www.sellerie-lacabrade.be/be/store
https://la-cabrade.be/fr/produit/pantalon-hybrid-full-grip-anya-horze/,https://www.sellerie-lacabrade.be/be/store
https://la-cabrade.be/nl/product/pantalon-hybrid-full-grip-anya-horze/,https://www.sellerie-lacabrade.be/be/store
https://la-cabrade.be/fr/produit/pantalon-jersey-grip-academy-homme-cavalleria-toscana/,https://www.sellerie-lacabrade.be/be/products/pantalon-jersey-grip-academy-dame-cavalleria-toscana-odoo-18301
https://la-cabrade.be/nl/product/grip-academy-heren-tricot-broek-cavalleria-toscana/,https://www.sellerie-lacabrade.be/be/products/pantalon-jersey-grip-academy-dame-cavalleria-toscana-odoo-18301
https://la-cabrade.be/fr/produit/pantalon-junior-full-grip-carrie/,https://www.sellerie-lacabrade.be/be/store
https://la-cabrade.be/nl/product/full-grip-carrie-junior-broek-2/,https://www.sellerie-lacabrade.be/be/store
https://la-cabrade.be/fr/produit/pantalon-junior-grip-genoux-novan-qhp/,https://www.sellerie-lacabrade.be/be/products/pantalon-grip-genoux-brooklyn-enfant-pikeur-odoo-13895
https://la-cabrade.be/nl/product/novan-qhp-junior-knie-grip-broek/,https://www.sellerie-lacabrade.be/be/store
https://la-cabrade.be/fr/produit/pantalon-kids-christy-br/,https://www.sellerie-lacabrade.be/be/store
https://la-cabrade.be/nl/product/kinderen-christy-br-broek/,https://www.sellerie-lacabrade.be/be/store
https://la-cabrade.be/fr/produit/pantalon-legging-agadir-riding-world/,https://www.sellerie-lacabrade.be/be/store
https://la-cabrade.be/nl/product/pantalon-legging-agadir-riding-world/,https://www.sellerie-lacabrade.be/be/store
https://la-cabrade.be/fr/produit/pantalon-legging-anae-penelope/,https://www.sellerie-lacabrade.be/be/products/pantalon-legging-elena-lc-equestrian-ok-odoo-23247
https://la-cabrade.be/nl/product/pantalon-legging-anae-penelope/,https://www.sellerie-lacabrade.be/be/products/pantalon-legging-elena-lc-equestrian-ok-odoo-23247
https://la-cabrade.be/fr/produit/pantalon-legging-bitterroot-premiere/,https://www.sellerie-lacabrade.be/be/products/pantalon-legging-elena-lc-equestrian-ok-odoo-23247
https://la-cabrade.be/nl/product/bitterroot-premiere-legging-broek/,https://www.sellerie-lacabrade.be/be/store
https://la-cabrade.be/fr/produit/pantalon-legging-de-concours-elena-lc-equestrian/,https://www.sellerie-lacabrade.be/be/products/pantalon-legging-de-concours-elena-lc-equestrian-odoo-23152
https://la-cabrade.be/nl/product/pantalon-legging-de-concours-elena-lc-equestrian/,https://www.sellerie-lacabrade.be/be/products/pantalon-legging-de-concours-elena-lc-equestrian-odoo-23152
https://la-cabrade.be/fr/produit/pantalon-legging-de-concours-full-grip-exposure-c-wear-anky/,https://www.sellerie-lacabrade.be/be/store
https://la-cabrade.be/nl/product/full-grip-blootstelling-c-wear-anky-wedstrijd-legging-broek-2/,https://www.sellerie-lacabrade.be/be/store
https://la-cabrade.be/fr/produit/pantalon-legging-elena-lc-equestrian/,https://www.sellerie-lacabrade.be/be/products/pantalon-legging-elena-lc-equestrian-ok-odoo-23247
https://la-cabrade.be/nl/product/pantalon-legging-elena-lc-equestrian/,https://www.sellerie-lacabrade.be/be/products/pantalon-legging-elena-lc-equestrian-ok-odoo-23247
https://la-cabrade.be/fr/produit/pantalon-legging-elian-eevolv-enfant-br/,https://www.sellerie-lacabrade.be/be/products/pantalon-legging-enfant-mila-lc-equestrian-odoo-22988
https://la-cabrade.be/nl/product/elian-eevolv-kinder-legging-broek-br/,https://www.sellerie-lacabrade.be/be/store
https://la-cabrade.be/fr/produit/pantalon-legging-elisabeth-dame-br/,https://www.sellerie-lacabrade.be/be/products/pantalon-legging-elena-lc-equestrian-ok-odoo-23247
https://la-cabrade.be/nl/product/elisabeth-dame-br-legging/,https://www.sellerie-lacabrade.be/be/store
https://la-cabrade.be/fr/produit/pantalon-legging-elke-eevolv-enfant-br/,https://www.sellerie-lacabrade.be/be/products/pantalon-legging-enfant-mila-lc-equestrian-odoo-22988
https://la-cabrade.be/nl/product/elke-eevolv-kinder-legging-br-2/,https://www.sellerie-lacabrade.be/be/store
https://la-cabrade.be/fr/produit/pantalon-legging-enfant-mila-lc-equestrian/,https://www.sellerie-lacabrade.be/be/products/pantalon-legging-enfant-mila-lc-equestrian-odoo-22988
https://la-cabrade.be/nl/product/pantalon-legging-enfant-mila-lc-equestrian/,https://www.sellerie-lacabrade.be/be/products/pantalon-legging-enfant-mila-lc-equestrian-odoo-22988
https://la-cabrade.be/fr/produit/pantalon-legging-full-grip-clx-br/,https://www.sellerie-lacabrade.be/be/store
https://la-cabrade.be/nl/product/clx-br-full-grip-legging-2/,https://www.sellerie-lacabrade.be/be/store
https://la-cabrade.be/fr/produit/pantalon-legging-full-grip-deperlant-kl-nico-kingsland/,https://www.sellerie-lacabrade.be/be/store
https://la-cabrade.be/nl/product/pantalon-legging-full-grip-deperlant-kl-nico-kingsland/,https://www.sellerie-lacabrade.be/be/store
https://la-cabrade.be/fr/produit/pantalon-legging-full-grip-gillian-enfant-horze/,https://www.sellerie-lacabrade.be/be/store
https://la-cabrade.be/nl/product/full-grip-legging-broek-gillian-kind-horze/,https://www.sellerie-lacabrade.be/be/store
https://la-cabrade.be/fr/produit/pantalon-legging-full-grip-faiga-br/,https://www.sellerie-lacabrade.be/be/store
https://la-cabrade.be/nl/product/pantalon-legging-full-grip-faiga-br/,https://www.sellerie-lacabrade.be/be/store
https://la-cabrade.be/fr/produit/pantalon-legging-full-grip-isadora-br/,https://www.sellerie-lacabrade.be/be/store
https://la-cabrade.be/nl/product/isadora-br-full-grip-legging/,https://www.sellerie-lacabrade.be/be/store
https://la-cabrade.be/fr/produit/pantalon-legging-full-grip-ilana-br/,https://www.sellerie-lacabrade.be/be/store
https://la-cabrade.be/nl/product/ilana-br-full-grip-legging-2/,https://www.sellerie-lacabrade.be/be/store
https://la-cabrade.be/fr/produit/pantalon-legging-full-grip-jess-lynn-br/,https://www.sellerie-lacabrade.be/be/store
https://la-cabrade.be/nl/product/pantalon-legging-full-grip-jess-lynn-br/,https://www.sellerie-lacabrade.be/be/store
https://la-cabrade.be/fr/produit/pantalon-legging-full-grip-kl-naomi-kingsland/,https://www.sellerie-lacabrade.be/be/store
https://la-cabrade.be/nl/product/pantalon-legging-full-grip-kl-naomi-kingsland/,https://www.sellerie-lacabrade.be/be/store
https://la-cabrade.be/fr/produit/pantalon-legging-full-grip-jolie-br/,https://www.sellerie-lacabrade.be/be/store
https://la-cabrade.be/nl/product/pantalon-legging-full-grip-jolie-br/,https://www.sellerie-lacabrade.be/be/store
https://la-cabrade.be/fr/produit/pantalon-legging-full-grip-micah-qhp/,https://www.sellerie-lacabrade.be/be/store
https://la-cabrade.be/nl/product/pantalon-legging-full-grip-micah-qhp/,https://www.sellerie-lacabrade.be/be/store
https://la-cabrade.be/fr/produit/pantalon-legging-full-grip-otranto-br/,https://www.sellerie-lacabrade.be/be/store
https://la-cabrade.be/nl/product/otranto-br-full-grip-legging-2/,https://www.sellerie-lacabrade.be/be/store
https://la-cabrade.be/fr/produit/pantalon-legging-full-grip-thermo-anya-horze/,https://www.sellerie-lacabrade.be/be/products/pantalon-legging-thermo-sans-couture-melissa-horze-odoo-18904
https://la-cabrade.be/nl/product/pantalon-legging-full-grip-thermo-anya-horze/,https://www.sellerie-lacabrade.be/be/products/pantalon-legging-thermo-sans-couture-melissa-horze-odoo-18904
https://la-cabrade.be/fr/produit/pantalon-legging-pocket-cargo-full-grip-rg/,https://www.sellerie-lacabrade.be/be/store
https://la-cabrade.be/nl/product/pantalon-legging-pocket-cargo-full-grip-rg/,https://www.sellerie-lacabrade.be/be/store
https://la-cabrade.be/fr/produit/pantalon-legging-polaire-full-grip-lili-harcour/,https://www.sellerie-lacabrade.be/be/store
https://la-cabrade.be/nl/product/pantalon-legging-polaire-full-grip-lili-harcour/,https://www.sellerie-lacabrade.be/be/store
https://la-cabrade.be/fr/produit/pantalon-legging-seamless-dynamic-s24-eskadron/,https://www.sellerie-lacabrade.be/be/store
https://la-cabrade.be/nl/product/eskadron-s24-dynamische-naadloze-legging-broek-2/,https://www.sellerie-lacabrade.be/be/store
https://la-cabrade.be/fr/produit/pantalon-legging-taille-haute-full-grip-kl-khloe-kingsland/,https://www.sellerie-lacabrade.be/be/products/pantalon-taille-haute-full-grip-cavalleria-toscana-odoo-17151
https://la-cabrade.be/nl/product/pantalon-legging-taille-haute-full-grip-kl-khloe-kingsland/,https://www.sellerie-lacabrade.be/be/products/pantalon-taille-haute-full-grip-cavalleria-toscana-odoo-17151
https://la-cabrade.be/fr/produit/pantalon-legging-tea-equitheme/,https://www.sellerie-lacabrade.be/be/products/pantalon-legging-elena-lc-equestrian-ok-odoo-23247
https://la-cabrade.be/nl/product/pantalon-legging-tea-equitheme/,https://www.sellerie-lacabrade.be/be/products/pantalon-legging-elena-lc-equestrian-ok-odoo-23247
https://la-cabrade.be/fr/produit/pantalon-legging-thermo-sans-couture-melissa-horze/,https://www.sellerie-lacabrade.be/be/products/pantalon-legging-thermo-sans-couture-melissa-horze-odoo-18904
https://la-cabrade.be/nl/product/melissa-horze-naadloze-thermo-legging-broek-2/,https://www.sellerie-lacabrade.be/be/products/pantalon-legging-thermo-sans-couture-melissa-horze-odoo-18904
https://la-cabrade.be/fr/produit/pantalon-marceau-2-0-grip-genoux-samshield/,https://www.sellerie-lacabrade.be/be/products/pantalon-grip-genoux-laurena-lc-equestrian-odoo-23146
https://la-cabrade.be/nl/product/marceau-2-0-knie-grip-broek-samshield-2/,https://www.sellerie-lacabrade.be/be/store
https://la-cabrade.be/fr/produit/pantalon-midwaist-camie-pikeur-athleisure/,https://www.sellerie-lacabrade.be/be/products/pantalon-taille-haute-linnett-pikeur-athleisure-odoo-23190
https://la-cabrade.be/nl/product/midwaist-broek-camie-pikeur-athleisure/,https://www.sellerie-lacabrade.be/be/store
https://la-cabrade.be/fr/produit/pantalon-grip-genoux-homme-cavalleria-toscana-2/,https://www.sellerie-lacabrade.be/be/products/pantalon-grip-genoux-new-rodrigo-homme-pikeur-odoo-22092
https://la-cabrade.be/nl/product/heren-cavalleria-toscana-2-knee-grip-broek/,https://www.sellerie-lacabrade.be/be/store
https://la-cabrade.be/fr/produit/pantalon-orbit-ct-junior/,https://www.sellerie-lacabrade.be/be/store
https://la-cabrade.be/nl/product/orbit-ct-junior-broek/,https://www.sellerie-lacabrade.be/be/store
https://la-cabrade.be/fr/produit/pantalon-perforated-inserts-grip-cavalleria-toscana/,https://www.sellerie-lacabrade.be/be/products/pantalon-jersey-grip-academy-dame-cavalleria-toscana-odoo-18301
https://la-cabrade.be/nl/product/geperforeerde-inzetstukken-grip-broek-cavalleria-toscana-2/,https://www.sellerie-lacabrade.be/be/store
https://la-cabrade.be/fr/produit/pantalon-r-evo-stretch-hommes-cavalleria-toscana/,https://www.sellerie-lacabrade.be/be/store
https://la-cabrade.be/nl/product/pantalon-r-evo-stretch-hommes-cavalleria-toscana/,https://www.sellerie-lacabrade.be/be/store
https://la-cabrade.be/fr/produit/pantalon-rg-grip-genou-dame/,https://www.sellerie-lacabrade.be/be/store
https://la-cabrade.be/nl/product/dames-rg-grip-kniebroek/,https://www.sellerie-lacabrade.be/be/store
https://la-cabrade.be/fr/produit/pantalon-rg-grip-genoux/,https://www.sellerie-lacabrade.be/be/products/pantalon-grip-genoux-laurena-lc-equestrian-odoo-23146
https://la-cabrade.be/nl/product/rg-grip-knie-broek/,https://www.sellerie-lacabrade.be/be/store
https://la-cabrade.be/fr/produit/pantalon-softshell-grip-genou-rodrigo-pikeur/,https://www.sellerie-lacabrade.be/be/products/pantalon-grip-genoux-new-rodrigo-homme-pikeur-odoo-22092
https://la-cabrade.be/nl/product/softshell-kniebroek-rodrigo-pikeur/,https://www.sellerie-lacabrade.be/be/products/veste-softshell-pikeur-athleisure-odoo-23189
https://la-cabrade.be/fr/produit/pantalon-taille-haute-avec-poches-rg/,https://www.sellerie-lacabrade.be/be/products/pantalon-taille-haute-ceelina-pikeur-odoo-21914
https://la-cabrade.be/nl/product/pantalon-taille-haute-avec-poches-rg/,https://www.sellerie-lacabrade.be/be/products/pantalon-taille-haute-ceelina-pikeur-odoo-21914
https://la-cabrade.be/fr/produit/pantalon-taille-haute-full-grip-cavalleria-toscana/,https://www.sellerie-lacabrade.be/be/products/pantalon-taille-haute-full-grip-cavalleria-toscana-odoo-17151
https://la-cabrade.be/nl/product/full-grip-hoge-taille-broek-cavalleria-toscana-2/,https://www.sellerie-lacabrade.be/be/products/pantalon-taille-haute-full-grip-cavalleria-toscana-odoo-17151
https://la-cabrade.be/fr/produit/pantalon-taille-haute-ceelina-pikeur/,https://www.sellerie-lacabrade.be/be/products/pantalon-taille-haute-ceelina-pikeur-odoo-21914
https://la-cabrade.be/nl/product/broek-met-hoge-taille-ceelina-pikeur/,https://www.sellerie-lacabrade.be/be/products/pantalon-de-concours-taille-haute-ceelina-pikeur-odoo-21913
https://la-cabrade.be/fr/produit/pantalon-tregging-circling-anky/,https://www.sellerie-lacabrade.be/be/store
https://la-cabrade.be/nl/product/anky-tregging-cirkelbroek-2/,https://www.sellerie-lacabrade.be/be/store
https://la-cabrade.be/fr/produit/pantalon-tregging-eevolv-irma-br/,https://www.sellerie-lacabrade.be/be/store
https://la-cabrade.be/nl/product/eevolv-irma-br-tregging-broek-2/,https://www.sellerie-lacabrade.be/be/store
https://la-cabrade.be/fr/produit/pantalon-tregging-full-grip-eevolv-ivana-br/,https://www.sellerie-lacabrade.be/be/store
https://la-cabrade.be/nl/product/eevolv-ivana-br-full-grip-tregging-broek/,https://www.sellerie-lacabrade.be/be/store
https://la-cabrade.be/fr/produit/pantalon-tregging-ingrid-br/,https://www.sellerie-lacabrade.be/be/store
https://la-cabrade.be/nl/product/ingrid-br-tregging-broek-2/,https://www.sellerie-lacabrade.be/be/store
https://la-cabrade.be/fr/produit/pantalon-violette-full-grip-pikeur-dame/,https://www.sellerie-lacabrade.be/be/products/pantalon-grip-genoux-brooklyn-enfant-pikeur-odoo-13895
https://la-cabrade.be/nl/product/paarse-full-grip-pikeurbroek-dame/,https://www.sellerie-lacabrade.be/be/store
https://la-cabrade.be/fr/produit/pate-a-lecher-graze-12-kg-likit/,https://www.sellerie-lacabrade.be/be/store
https://la-cabrade.be/nl/product/pate-a-lecher-graze-12-kg-likit/,https://www.sellerie-lacabrade.be/be/store
https://la-cabrade.be/fr/produit/pedocan-hufkraftiger-naturel/,https://www.sellerie-lacabrade.be/be/store
https://la-cabrade.be/nl/product/pedocan-hufkraftiger-natuur/,https://www.sellerie-lacabrade.be/be/store
https://la-cabrade.be/fr/produit/peigne-a-mue-irh-imperial-riding/,https://www.sellerie-lacabrade.be/be/store
https://la-cabrade.be/nl/product/irh-keizerlijke-rijrui-kam-2/,https://www.sellerie-lacabrade.be/be/store
https://la-cabrade.be/fr/produit/peigne-a-crins-jockey-aluminium/,https://www.sellerie-lacabrade.be/be/store
https://la-cabrade.be/nl/product/aluminium-jockey-paardenhaar-kam-2/,https://www.sellerie-lacabrade.be/be/store
https://la-cabrade.be/fr/produit/peignes-tondeuses-falco-kite-premiere/,https://www.sellerie-lacabrade.be/be/products/54068-peignes-de-tondeuse-falco-kite-premiere-odoo-19066
https://la-cabrade.be/nl/product/falco-kite-premiere-tondeuse-kammen-2/,https://www.sellerie-lacabrade.be/be/products/54068-peignes-de-tondeuse-falco-kite-premiere-odoo-19066
https://la-cabrade.be/fr/produit/peignes-de-tondeuse-lister-a2f-s-r/,https://www.sellerie-lacabrade.be/be/store
https://la-cabrade.be/nl/product/lister-a2f-s-r-maaikammen/,https://www.sellerie-lacabrade.be/be/store
https://la-cabrade.be/fr/produit/pelham-easy-control-stubben-3/,https://www.sellerie-lacabrade.be/be/products/pelham-easy-control-stubben-odoo-13722
https://la-cabrade.be/nl/product/pelham-easy-control-stubben-3/,https://www.sellerie-lacabrade.be/be/products/pelham-easy-control-stubben-odoo-13722
https://la-cabrade.be/fr/produit/pepede-lederwasche-hfi/,https://www.sellerie-lacabrade.be/be/store
https://la-cabrade.be/nl/product/pepede-lederwasche-hfi/,https://www.sellerie-lacabrade.be/be/store
https://la-cabrade.be/fr/produit/pelle-doseuse-waldhausen/,https://www.sellerie-lacabrade.be/be/products/pelle-doseuse-waldhausen-odoo-21665
https://la-cabrade.be/nl/product/waldhausen-doseerschep/,https://www.sellerie-lacabrade.be/be/products/bo-te-multifonction-3l-waldhausen-odoo-23259
https://la-cabrade.be/fr/produit/filet-reglable-pessoa-feeling-3-anneaux/,https://www.sellerie-lacabrade.be/be/products/pessoa-r-glable-3-anneaux-simple-brisure-feeling-odoo-14657
https://la-cabrade.be/nl/product/pessoa-feeling-verstelbaar-net-3-ringen-2/,https://www.sellerie-lacabrade.be/be/store
https://la-cabrade.be/fr/produit/piege-a-mouches-06l-hippotonic/,https://www.sellerie-lacabrade.be/be/store
https://la-cabrade.be/nl/product/06l-hippotone-vliegenval/,https://www.sellerie-lacabrade.be/be/store
https://la-cabrade.be/fr/produit/sel-himalaya-2-a-3-kg/,https://www.sellerie-lacabrade.be/be/store
https://la-cabrade.be/nl/product/himalayazout-2-tot-3-kg-2/,https://www.sellerie-lacabrade.be/be/store
https://la-cabrade.be/fr/produit/pince-a-parer-professionnelle-14/,https://www.sellerie-lacabrade.be/be/store
https://la-cabrade.be/nl/product/professionele-punttang-14/,https://www.sellerie-lacabrade.be/be/store
https://la-cabrade.be/fr/produit/pinceau-capuchon-imperial-riding/,https://www.sellerie-lacabrade.be/be/products/69973-pinceau-capuchon-qhp-odoo-22466
https://la-cabrade.be/nl/product/pinceau-capuchon-imperial-riding/,https://www.sellerie-lacabrade.be/be/products/69973-pinceau-capuchon-qhp-odoo-22466
https://la-cabrade.be/fr/produit/pinceau-pot-hippotonic/,https://www.sellerie-lacabrade.be/be/store
https://la-cabrade.be/nl/product/pinceau-pot-hippotonic/,https://www.sellerie-lacabrade.be/be/store
https://la-cabrade.be/fr/produit/pinceau-pour-sabots-hippotonic-avec-capuchon/,https://www.sellerie-lacabrade.be/be/store
https://la-cabrade.be/nl/product/hippotonic-hoefborstel-met-dop/,https://www.sellerie-lacabrade.be/be/store
https://la-cabrade.be/fr/produit/pins-abbie-penelope/,https://www.sellerie-lacabrade.be/be/products/pin-s-abbie-penelope-odoo-21335
https://la-cabrade.be/nl/product/spelden-abbie-penelope-2/,https://www.sellerie-lacabrade.be/be/products/pin-s-abbie-penelope-odoo-21335
https://la-cabrade.be/fr/produit/piro-lime-vital-herbs-s-r/,https://www.sellerie-lacabrade.be/be/products/22020-piro-lime-vital-herbs-s-r-odoo-15724
https://la-cabrade.be/nl/product/piro-linde-vitale-kruiden-s-r/,https://www.sellerie-lacabrade.be/be/store
https://la-cabrade.be/fr/produit/plaque-de-box-grooming-de-luxe/,https://www.sellerie-lacabrade.be/be/store
https://la-cabrade.be/nl/product/uithangbord-luxe-verzorgingsbox/,https://www.sellerie-lacabrade.be/be/store
https://la-cabrade.be/fr/produit/poche-refroidissante-chauffante-qhp/,https://www.sellerie-lacabrade.be/be/products/17273-poche-refroidissante-chauffante-qhp-odoo-14758
https://la-cabrade.be/nl/product/qhp-verwarmde-koeltas/,https://www.sellerie-lacabrade.be/be/store
https://la-cabrade.be/fr/produit/plaque-vibrante-ice-vibe-horseware/,https://www.sellerie-lacabrade.be/be/products/50908-plaque-vibrante-ice-vibe-horseware-odoo-18590
https://la-cabrade.be/nl/product/plaque-vibrante-ice-vibe-horseware/,https://www.sellerie-lacabrade.be/be/products/50908-plaque-vibrante-ice-vibe-horseware-odoo-18590
https://la-cabrade.be/fr/produit/pochette-pour-telephone-penelope-cognac/,https://www.sellerie-lacabrade.be/be/products/22364-pochette-pour-t-l-phone-cognac-penelope-odoo-15762
https://la-cabrade.be/nl/product/penelope-cognac-telefoonhoesje-2/,https://www.sellerie-lacabrade.be/be/store
https://la-cabrade.be/fr/produit/pochette-pour-telephone-penelope/,https://www.sellerie-lacabrade.be/be/products/pochette-pour-t-l-phone-penelope-odoo-15844
https://la-cabrade.be/nl/product/penelope-telefoonhoesje-2/,https://www.sellerie-lacabrade.be/be/products/bracelet-zo-penelope-odoo-21340
https://la-cabrade.be/fr/produit/polo-5218-homme-pikeur-sports/,https://www.sellerie-lacabrade.be/be/store
https://la-cabrade.be/nl/product/5218-herenpolo-pikeur-sport/,https://www.sellerie-lacabrade.be/be/store
https://la-cabrade.be/fr/produit/polo-apollina-samshield-ton-sur-ton/,https://www.sellerie-lacabrade.be/be/store
https://la-cabrade.be/nl/product/polo-apollina-samshield-ton-sur-ton/,https://www.sellerie-lacabrade.be/be/store
https://la-cabrade.be/fr/produit/polo-amalfi-homme-animo/,https://www.sellerie-lacabrade.be/be/products/polo-amalfi-homme-animo-odoo-18944
https://la-cabrade.be/nl/product/animo-herenpolo-amalfi/,https://www.sellerie-lacabrade.be/be/products/polo-amalfi-homme-animo-odoo-18944
https://la-cabrade.be/fr/produit/polo-competition-cathy-kids/,https://www.sellerie-lacabrade.be/be/store
https://la-cabrade.be/nl/product/polowedstrijd-kathy-kinderen/,https://www.sellerie-lacabrade.be/be/store
https://la-cabrade.be/fr/produit/polo-competition-tech-piquet-button-homme-cavalleria-toscana/,https://www.sellerie-lacabrade.be/be/store
https://la-cabrade.be/nl/product/cavalleria-toscana-heren-tech-piquet-button-wedstrijdpolo/,https://www.sellerie-lacabrade.be/be/store
https://la-cabrade.be/fr/produit/polo-competition-zip-jersey-w-pocket-homme-cavalleria-toscana/,https://www.sellerie-lacabrade.be/be/products/polo-d-entrainement-longues-manches-zip-cavalleria-toscana-odoo-19315
https://la-cabrade.be/nl/product/cavalleria-toscana-heren-wedstrijdrits-jersey-met-zak-polo/,https://www.sellerie-lacabrade.be/be/store
https://la-cabrade.be/fr/produit/polo-de-competition-5231-dame-pikeur-sports/,https://www.sellerie-lacabrade.be/be/store
https://la-cabrade.be/nl/product/wedstrijd-polo-5231-dame-pikeur-sport/,https://www.sellerie-lacabrade.be/be/store
https://la-cabrade.be/fr/produit/polo-de-concours-annemieke-br4eh-junior/,https://www.sellerie-lacabrade.be/be/store
https://la-cabrade.be/nl/product/annemieke-br4eh-junior-polo/,https://www.sellerie-lacabrade.be/be/store
https://la-cabrade.be/fr/produit/polo-de-concours-blessing-br/,https://www.sellerie-lacabrade.be/be/products/polo-de-concours-flo-lc-equestrian-odoo-22544
https://la-cabrade.be/nl/product/zegening-br-wedstrijd-polo/,https://www.sellerie-lacabrade.be/be/store
https://la-cabrade.be/fr/produit/polo-de-concours-eevolv-isha-br/,https://www.sellerie-lacabrade.be/be/products/polo-de-concours-flo-lc-equestrian-odoo-22544
https://la-cabrade.be/nl/product/eevolv-isha-br-wedstrijdpolo/,https://www.sellerie-lacabrade.be/be/store
https://la-cabrade.be/fr/produit/polo-de-concours-flo-lc-equestrian/,https://www.sellerie-lacabrade.be/be/products/polo-de-concours-flo-lc-equestrian-odoo-22544
https://la-cabrade.be/nl/product/polo-de-concours-flo-lc-equestrian/,https://www.sellerie-lacabrade.be/be/products/polo-de-concours-flo-lc-equestrian-odoo-22544
https://la-cabrade.be/fr/produit/polo-de-concours-heat-sealed-performance-cavalleria-toscana/,https://www.sellerie-lacabrade.be/be/store
https://la-cabrade.be/nl/product/heat-sealed-performance-cavalleria-toscana-polo-2/,https://www.sellerie-lacabrade.be/be/products/polo-laser-perforated-cad160-cavalleria-toscana-odoo-15337
https://la-cabrade.be/fr/produit/polo-de-concours-isabel-br/,https://www.sellerie-lacabrade.be/be/products/polo-de-concours-flo-lc-equestrian-odoo-22544
https://la-cabrade.be/nl/product/isabel-br-wedstrijd-polo/,https://www.sellerie-lacabrade.be/be/store
https://la-cabrade.be/fr/produit/polo-de-concours-jersey-l-s-perforated-pocket-cavalleria-toscana/,https://www.sellerie-lacabrade.be/be/products/polo-laser-perforated-cad160-cavalleria-toscana-odoo-15337
https://la-cabrade.be/nl/product/wedstrijd-polo-shirt-jersey-l-s-geperforeerde-zak-cavalleria-toscana-2/,https://www.sellerie-lacabrade.be/be/store
https://la-cabrade.be/fr/produit/polo-de-concours-jersey-l-s-w-poplin-ct-dame/,https://www.sellerie-lacabrade.be/be/store
https://la-cabrade.be/nl/product/damespolo-jersey-l-s-w-poplin-ct/,https://www.sellerie-lacabrade.be/be/store
https://la-cabrade.be/fr/produit/polo-de-concours-jersey-mesh-l-s-w-logo-ct-dame/,https://www.sellerie-lacabrade.be/be/store
https://la-cabrade.be/nl/product/poloshirt-jersey-mesh-l-s-w-logo-ct-lady/,https://www.sellerie-lacabrade.be/be/store
https://la-cabrade.be/fr/produit/polo-de-concours-jersey-s-s-w-embrodery-ct-men/,https://www.sellerie-lacabrade.be/be/store
https://la-cabrade.be/nl/product/wedstrijd-poloshirt-jersey-s-w-borduring-ct-heren/,https://www.sellerie-lacabrade.be/be/store
https://la-cabrade.be/fr/produit/polo-de-concours-julia-intarsia-dame-s24-samshield/,https://www.sellerie-lacabrade.be/be/store
https://la-cabrade.be/nl/product/julia-intarsia-dames-wedstrijdpolo-s24-samshield/,https://www.sellerie-lacabrade.be/be/store
https://la-cabrade.be/fr/produit/polo-de-concours-junior-femmie-qhp/,https://www.sellerie-lacabrade.be/be/store
https://la-cabrade.be/nl/product/junior-femmie-qhp-polo/,https://www.sellerie-lacabrade.be/be/products/bottes-romy-junior-qhp-odoo-14523
https://la-cabrade.be/fr/produit/polo-de-concours-kaya-enfant-horze/,https://www.sellerie-lacabrade.be/be/store
https://la-cabrade.be/nl/product/kaya-kinder-horze-polo/,https://www.sellerie-lacabrade.be/be/store
https://la-cabrade.be/fr/produit/polo-de-concours-l-s-virginie-pikeur/,https://www.sellerie-lacabrade.be/be/products/polo-de-concours-l-s-virginie-pikeur-odoo-18238
https://la-cabrade.be/nl/product/l-s-virginie-pikeur-wedstrijd-polo/,https://www.sellerie-lacabrade.be/be/products/polo-de-concours-l-s-virginie-pikeur-odoo-18238
https://la-cabrade.be/fr/produit/polo-de-concours-marit-s-s-dame-qhp/,https://www.sellerie-lacabrade.be/be/store
https://la-cabrade.be/nl/product/marit-s-s-dame-polo-qhp/,https://www.sellerie-lacabrade.be/be/store
https://la-cabrade.be/fr/produit/polo-de-concours-match-toga-s-s-garcon-br/,https://www.sellerie-lacabrade.be/be/store
https://la-cabrade.be/nl/product/wedstrijd-polo-toga-s-s-jongen-br/,https://www.sellerie-lacabrade.be/be/store
https://la-cabrade.be/fr/produit/polo-de-concours-nina-mc-ego7/,https://www.sellerie-lacabrade.be/be/products/polo-de-concours-flo-lc-equestrian-odoo-22544
https://la-cabrade.be/nl/product/nina-mc-ego7-wedstrijd-polo/,https://www.sellerie-lacabrade.be/be/store
https://la-cabrade.be/fr/produit/polo-de-concours-pleated-bib-jersey-cavalleria-toscana/,https://www.sellerie-lacabrade.be/be/products/veste-de-concours-lightweight-jersey-zip-dame-cavalleria-toscana-odoo-15653
https://la-cabrade.be/nl/product/cavalleria-toscana-geplooid-bib-jersey-poloshirt-2/,https://www.sellerie-lacabrade.be/be/store
https://la-cabrade.be/fr/produit/polo-de-concours-scarlett-samshield/,https://www.sellerie-lacabrade.be/be/products/polo-de-concours-flo-lc-equestrian-odoo-22544
https://la-cabrade.be/nl/product/scarlett-samshield-polo/,https://www.sellerie-lacabrade.be/be/store
https://la-cabrade.be/fr/produit/polo-dentrainement-eevolv-immy-br/,https://www.sellerie-lacabrade.be/be/store
https://la-cabrade.be/nl/product/eevolv-immy-br-trainingspolo/,https://www.sellerie-lacabrade.be/be/store
https://la-cabrade.be/fr/produit/polo-dentrainement-ida-br/,https://www.sellerie-lacabrade.be/be/store
https://la-cabrade.be/nl/product/ida-br-trainingspolo/,https://www.sellerie-lacabrade.be/be/store
https://la-cabrade.be/fr/produit/polo-dentrainement-longues-manches-zip-cavalleria-toscana/,https://www.sellerie-lacabrade.be/be/products/polo-d-entrainement-longues-manches-zip-cavalleria-toscana-odoo-19315
https://la-cabrade.be/nl/product/cavalleria-toscana-trainingspolo-met-lange-mouwen-en-rits/,https://www.sellerie-lacabrade.be/be/store
https://la-cabrade.be/fr/produit/polo-entrainement-pepite-harcour/,https://www.sellerie-lacabrade.be/be/products/polo-entra-nement-pepite-harcour-odoo-22103
https://la-cabrade.be/nl/product/pepite-harcour-trainingspolo/,https://www.sellerie-lacabrade.be/be/store
https://la-cabrade.be/fr/produit/polo-entrainement-popsy-harcour/,https://www.sellerie-lacabrade.be/be/products/polo-bridget-harcour-odoo-23222
https://la-cabrade.be/nl/product/popsy-harcour-trainingspolo/,https://www.sellerie-lacabrade.be/be/store
https://la-cabrade.be/fr/produit/polo-ivar-homme-br/,https://www.sellerie-lacabrade.be/be/products/polo-amalfi-homme-animo-odoo-18944
https://la-cabrade.be/nl/product/ivar-herenpolo-br/,https://www.sellerie-lacabrade.be/be/store
https://la-cabrade.be/fr/produit/polo-juliette-samshield-glitter/,https://www.sellerie-lacabrade.be/be/store
https://la-cabrade.be/nl/product/polo-juliette-samshield-glitter/,https://www.sellerie-lacabrade.be/be/store
https://la-cabrade.be/fr/produit/polo-laser-perforated-cad160-cavalleria-toscana/,https://www.sellerie-lacabrade.be/be/products/polo-laser-perforated-cad160-cavalleria-toscana-odoo-15337
https://la-cabrade.be/nl/product/polo-laser-geperforeerd-cad160-cavalleria-toscana/,https://www.sellerie-lacabrade.be/be/products/polo-laser-perforated-cad160-cavalleria-toscana-odoo-15337
https://la-cabrade.be/fr/produit/polo-manches-courtes-pamoly-harcour/,https://www.sellerie-lacabrade.be/be/products/polo-manches-courtes-pamoly-harcour-odoo-22256
https://la-cabrade.be/nl/product/polo-manches-courtes-pamoly-harcour/,https://www.sellerie-lacabrade.be/be/products/polo-manches-courtes-pamoly-harcour-odoo-22256
https://la-cabrade.be/fr/produit/polo-zippe-cavalleria-toscana/,https://www.sellerie-lacabrade.be/be/products/ceinture-lastique-cavalleria-toscana-odoo-19544
https://la-cabrade.be/nl/product/cavalleria-toscana-polo-rits/,https://www.sellerie-lacabrade.be/be/products/ceinture-lastique-cavalleria-toscana-odoo-19544
https://la-cabrade.be/fr/produit/pommade-huile-de-foie-de-morue-zinc-250-gr-waldhausen/,https://www.sellerie-lacabrade.be/be/products/62107-pommade-cicatrisante-huile-de-foie-de-morue-zinc-250gr-waldhausen-odoo-20867
https://la-cabrade.be/nl/product/levertraan-zalf-zink-250-gr-waldhausen/,https://www.sellerie-lacabrade.be/be/store
https://la-cabrade.be/fr/produit/polo-zippe-longues-manches-competition-rg-dame/,https://www.sellerie-lacabrade.be/be/products/polo-longues-manches-lasercut-pikeur-odoo-23200
https://la-cabrade.be/nl/product/damespolo-met-lange-mouwen-en-rits-rg/,https://www.sellerie-lacabrade.be/be/store
https://la-cabrade.be/fr/produit/porte-bride-gaine-vinyle-hippotonic/,https://www.sellerie-lacabrade.be/be/store
https://la-cabrade.be/nl/product/porte-bride-gaine-vinyle-hippotonic/,https://www.sellerie-lacabrade.be/be/store
https://la-cabrade.be/fr/produit/poncho-de-pluie-pikeur-athleisure/,https://www.sellerie-lacabrade.be/be/products/pull-fleece-pikeur-athleisure-odoo-23191
https://la-cabrade.be/nl/product/pikeur-athleisure-regenponcho-2/,https://www.sellerie-lacabrade.be/be/products/chaussettes-pikeur-athleisure-odoo-21939
https://la-cabrade.be/fr/produit/porte-cles-en-feutre-sellerie-la-cabrade/,https://www.sellerie-lacabrade.be/be/products/57955-porte-cl-s-en-feutre-sellerie-la-cabrade-odoo-19897
https://la-cabrade.be/nl/product/vilten-sleutelhanger-voor-la-cabrade-zadelmakerij/,https://www.sellerie-lacabrade.be/be/store
https://la-cabrade.be/fr/produit/porte-cles-penelope/,https://www.sellerie-lacabrade.be/be/products/porte-cl-s-penelope-odoo-15779
https://la-cabrade.be/nl/product/penelope-sleutelhanger/,https://www.sellerie-lacabrade.be/be/products/bracelet-zo-penelope-odoo-21340
https://la-cabrade.be/fr/produit/porte-cles-key-to-my-horse-imperial-riding/,https://www.sellerie-lacabrade.be/be/store
https://la-cabrade.be/nl/product/sleutelhanger-sleutel-voor-mijn-paard-keizerlijk-rijden/,https://www.sellerie-lacabrade.be/be/store
https://la-cabrade.be/fr/produit/porte-cles-rond-en-bois-sellerie-la-cabrade/,https://www.sellerie-lacabrade.be/be/products/57865-porte-cl-s-rond-en-bois-sellerie-la-cabrade-odoo-19887
https://la-cabrade.be/nl/product/ronde-houten-sleutelhouder-la-cabrade-zadelmakerij/,https://www.sellerie-lacabrade.be/be/store
https://la-cabrade.be/fr/produit/porte-numero-pvc-velcro-kentucky-4-chiffres/,https://www.sellerie-lacabrade.be/be/store
https://la-cabrade.be/nl/product/kentucky-4-cijferige-pvc-klittenband-nummerhouder/,https://www.sellerie-lacabrade.be/be/store
https://la-cabrade.be/fr/produit/probio-horse-vital-herbs-s-r/,https://www.sellerie-lacabrade.be/be/products/73499-probio-horse-vital-herbs-s-r-odoo-23144
https://la-cabrade.be/nl/product/probio-paard-vitale-kruiden-s-r-2/,https://www.sellerie-lacabrade.be/be/store
https://la-cabrade.be/fr/produit/porte-selles-grooming-de-luxe/,https://www.sellerie-lacabrade.be/be/store
https://la-cabrade.be/nl/product/luxe-verzorgingszadelrekken/,https://www.sellerie-lacabrade.be/be/store
https://la-cabrade.be/fr/produit/pro-skin-gel-apaisant-bleu-roy/,https://www.sellerie-lacabrade.be/be/products/40774-pro-skin-gel-apaisant-bleu-roy-odoo-14969
https://la-cabrade.be/nl/product/pro-huidverzachtende-gel-koningsblauw/,https://www.sellerie-lacabrade.be/be/store
https://la-cabrade.be/fr/produit/protection-dorsale-cox-adulte-equitheme/,https://www.sellerie-lacabrade.be/be/store
https://la-cabrade.be/nl/product/protection-dorsale-cox-adulte-equitheme/,https://www.sellerie-lacabrade.be/be/store
https://la-cabrade.be/fr/produit/protection-dorsale-cox-enfant-equitheme/,https://www.sellerie-lacabrade.be/be/store
https://la-cabrade.be/nl/product/protection-dorsale-cox-enfant-equitheme/,https://www.sellerie-lacabrade.be/be/store
https://la-cabrade.be/fr/produit/protection-dorsale-superflex-2-0-gatehouse/,https://www.sellerie-lacabrade.be/be/products/protection-dorsale-superflex-2-0-gatehouse-odoo-22295
https://la-cabrade.be/nl/product/protection-dorsale-superflex-2-0-gatehouse/,https://www.sellerie-lacabrade.be/be/products/protection-dorsale-superflex-2-0-gatehouse-odoo-22295
https://la-cabrade.be/fr/produit/protection-dorsale-horka/,https://www.sellerie-lacabrade.be/be/products/protection-dorsale-horka-odoo-12888
https://la-cabrade.be/nl/product/horka-rugbescherming-2/,https://www.sellerie-lacabrade.be/be/store
https://la-cabrade.be/fr/produit/protection-de-poitrail-ontario-qhp/,https://www.sellerie-lacabrade.be/be/products/sangle-ontario-qhp-odoo-15466
https://la-cabrade.be/nl/product/ontario-borstbeschermer-qhp/,https://www.sellerie-lacabrade.be/be/products/sangle-ontario-qhp-odoo-15466
https://la-cabrade.be/fr/produit/protections-en-mousse-set-de-5-pieces-whis/,https://www.sellerie-lacabrade.be/be/store
https://la-cabrade.be/nl/product/schuimrubberen-beschermers-set-van-5-stuks-whis/,https://www.sellerie-lacabrade.be/be/store
https://la-cabrade.be/fr/produit/protege-boulets-clx-o2-br/,https://www.sellerie-lacabrade.be/be/store
https://la-cabrade.be/nl/product/kogelbeschermer-clx-o2-br-2/,https://www.sellerie-lacabrade.be/be/products/licol-clx-br-odoo-20570
https://la-cabrade.be/fr/produit/protege-gourmette-dyon/,https://www.sellerie-lacabrade.be/be/store
https://la-cabrade.be/nl/product/gourmette-beschermer-dyon-2/,https://www.sellerie-lacabrade.be/be/store
https://la-cabrade.be/fr/produit/protege-gourmette-gel-horsena/,https://www.sellerie-lacabrade.be/be/store
https://la-cabrade.be/nl/product/horsena-gel-kettingkast/,https://www.sellerie-lacabrade.be/be/store
https://la-cabrade.be/fr/produit/protege-jarret-royal-back-on-track/,https://www.sellerie-lacabrade.be/be/store
https://la-cabrade.be/nl/product/royal-back-on-track-hakbeschermer/,https://www.sellerie-lacabrade.be/be/store
https://la-cabrade.be/fr/produit/protege-nuque-velcro-back-on-track/,https://www.sellerie-lacabrade.be/be/store
https://la-cabrade.be/nl/product/back-on-track-klittenband-nekbeschermer/,https://www.sellerie-lacabrade.be/be/store
https://la-cabrade.be/fr/produit/protege-queue-norton-high-protection/,https://www.sellerie-lacabrade.be/be/store
https://la-cabrade.be/nl/product/norton-hoge-bescherming-achteraan/,https://www.sellerie-lacabrade.be/be/store
https://la-cabrade.be/fr/produit/proteges-boulets-aivy-br4-eh/,https://www.sellerie-lacabrade.be/be/store
https://la-cabrade.be/nl/product/kogelbeschermers-aivy-br4-eh/,https://www.sellerie-lacabrade.be/be/store
https://la-cabrade.be/fr/produit/protege-boulet-comfort-young-lamicell/,https://www.sellerie-lacabrade.be/be/store
https://la-cabrade.be/nl/product/kogelbeschermer-comfort-jong-lamicell/,https://www.sellerie-lacabrade.be/be/store
https://la-cabrade.be/fr/produit/proteges-boulet-br-4-eh-rena/,https://www.sellerie-lacabrade.be/be/store
https://la-cabrade.be/nl/product/proteges-boulet-br-4-eh-rena/,https://www.sellerie-lacabrade.be/be/store
https://la-cabrade.be/fr/produit/proteges-boulets-flexisoft-eskadron/,https://www.sellerie-lacabrade.be/be/store
https://la-cabrade.be/nl/product/eskadron-flexisoft-kogelbeschermers/,https://www.sellerie-lacabrade.be/be/store
https://la-cabrade.be/fr/produit/proteges-boulets-rio-qhp/,https://www.sellerie-lacabrade.be/be/store
https://la-cabrade.be/nl/product/rio-kogelbeschermers-qhp/,https://www.sellerie-lacabrade.be/be/store
https://la-cabrade.be/fr/produit/proteges-boulets-mini-horse-br/,https://www.sellerie-lacabrade.be/be/products/69777-chaussettes-mini-horse-br-odoo-22413
https://la-cabrade.be/nl/product/mini-paard-br-kogelbeschermers-2/,https://www.sellerie-lacabrade.be/be/store
https://la-cabrade.be/fr/produit/proteges-boulet-tario-qhp/,https://www.sellerie-lacabrade.be/be/store
https://la-cabrade.be/nl/product/proteges-boulet-tario-qhp/,https://www.sellerie-lacabrade.be/be/store
https://la-cabrade.be/fr/produit/proteges-boulets-trpro-h5-veredus/,https://www.sellerie-lacabrade.be/be/products/prot-ges-boulets-trpro-h5-veredus-odoo-20356
https://la-cabrade.be/nl/product/trpro-h5-kogelbeschermers-veredus-2/,https://www.sellerie-lacabrade.be/be/products/gu-tres-trpro-h5-veredus-odoo-20355
https://la-cabrade.be/fr/produit/proteges-boulets-trpro-veredus/,https://www.sellerie-lacabrade.be/be/products/prot-ges-boulets-trpro-h5-veredus-odoo-20356
https://la-cabrade.be/nl/product/trpro-veredus-kogelbeschermers-2/,https://www.sellerie-lacabrade.be/be/products/gu-tres-trpro-h5-veredus-odoo-20355
https://la-cabrade.be/fr/produit/proteges-boulets-xo2-br/,https://www.sellerie-lacabrade.be/be/store
https://la-cabrade.be/nl/product/xo2-br-kogelbeschermers-2/,https://www.sellerie-lacabrade.be/be/store
https://la-cabrade.be/fr/produit/proteges-glomme-caoutchouc-rt/,https://www.sellerie-lacabrade.be/be/store
https://la-cabrade.be/nl/product/rubber-rubber-beschermers-rt/,https://www.sellerie-lacabrade.be/be/store
https://la-cabrade.be/fr/produit/pro-wrap-mouton/,https://www.sellerie-lacabrade.be/be/store
https://la-cabrade.be/nl/product/pro-wrap-schapen-2/,https://www.sellerie-lacabrade.be/be/store
https://la-cabrade.be/fr/produit/psyllium-1kg-transit-intestinal-waldhausen/,https://www.sellerie-lacabrade.be/be/products/73498-psyllium-1kg-transit-intestinal-waldhausen-odoo-23143
https://la-cabrade.be/nl/product/psyllium-1kg-transit-intestinal-waldhausen/,https://www.sellerie-lacabrade.be/be/products/73498-psyllium-1kg-transit-intestinal-waldhausen-odoo-23143
https://la-cabrade.be/fr/produit/psyllium-husk-bio-vital-herbs-s-r/,https://www.sellerie-lacabrade.be/be/products/31333-psyllium-husk-bio-vital-herbs-s-r-odoo-16830
https://la-cabrade.be/nl/product/psyllium-husk-bio-vital-herbs-s-r/,https://www.sellerie-lacabrade.be/be/products/31333-psyllium-husk-bio-vital-herbs-s-r-odoo-16830
https://la-cabrade.be/fr/produit/pull-a-capuche-bonnie-samshield/,https://www.sellerie-lacabrade.be/be/products/pull-capuche-luka-lc-equestrian-odoo-22550
https://la-cabrade.be/nl/product/bonnie-samshield-hoodie-2/,https://www.sellerie-lacabrade.be/be/store
https://la-cabrade.be/fr/produit/pull-a-capuche-hooded-tech-cavalleria/,https://www.sellerie-lacabrade.be/be/store
https://la-cabrade.be/nl/product/trui-met-capuchon-tech-cavalleria-2/,https://www.sellerie-lacabrade.be/be/store
https://la-cabrade.be/fr/produit/pull-a-capuche-luka-lc-equestrian/,https://www.sellerie-lacabrade.be/be/products/pull-capuche-luka-lc-equestrian-odoo-22550
https://la-cabrade.be/nl/product/pull-a-capuche-luka-lc-equestrian/,https://www.sellerie-lacabrade.be/be/products/pull-capuche-luka-lc-equestrian-odoo-22550
https://la-cabrade.be/fr/produit/pull-col-rond-lou-lc-equestrian/,https://www.sellerie-lacabrade.be/be/products/pull-col-rond-lou-lc-equestrian-odoo-22551
https://la-cabrade.be/nl/product/pull-col-rond-lou-lc-equestrian/,https://www.sellerie-lacabrade.be/be/products/pull-col-rond-lou-lc-equestrian-odoo-22551
https://la-cabrade.be/fr/produit/pull-a-tirette-col-haut-crew-neck-cavalleria-toscana/,https://www.sellerie-lacabrade.be/be/store
https://la-cabrade.be/nl/product/trui-hoge-hals-ronde-hals-cavalleria-toscana-2/,https://www.sellerie-lacabrade.be/be/store
https://la-cabrade.be/fr/produit/pull-col-rond-marion-lc-equestrian/,https://www.sellerie-lacabrade.be/be/products/pull-col-rond-marion-lc-equestrian-odoo-23100
https://la-cabrade.be/nl/product/pull-col-rond-marion-lc-equestrian/,https://www.sellerie-lacabrade.be/be/products/pull-col-rond-marion-lc-equestrian-odoo-23100
https://la-cabrade.be/fr/produit/pull-en-tricot-merinos-ct/,https://www.sellerie-lacabrade.be/be/products/pull-en-tricot-m-rinos-ct-odoo-17077
https://la-cabrade.be/nl/product/ct-merino-gebreide-trui/,https://www.sellerie-lacabrade.be/be/store
https://la-cabrade.be/fr/produit/pull-en-maille-demi-zip-cavalleria-toscana/,https://www.sellerie-lacabrade.be/be/products/pull-en-maille-demi-zip-cavalleria-toscana-odoo-19633
https://la-cabrade.be/nl/product/gebreide-trui-met-halve-rits-cavalleria-toscana/,https://www.sellerie-lacabrade.be/be/store
https://la-cabrade.be/fr/produit/pullover-zip-up-shawn-br-4-eh/,https://www.sellerie-lacabrade.be/be/store
https://la-cabrade.be/nl/product/trui-zip-up-shawn-br-4-eh/,https://www.sellerie-lacabrade.be/be/store
https://la-cabrade.be/fr/produit/huile-de-cade-artisanale-35-500ml-ungula-naturalis/,https://www.sellerie-lacabrade.be/be/products/37979-huile-de-cade-artisanale-35-500ml-ungula-naturalis-odoo-17872
https://la-cabrade.be/nl/product/cade-olie-artisanaal-35-500ml-ungula-naturalis/,https://www.sellerie-lacabrade.be/be/products/37979-huile-de-cade-artisanale-35-500ml-ungula-naturalis-odoo-17872
https://la-cabrade.be/fr/produit/brosse-douce-bamboo-eco-br/,https://www.sellerie-lacabrade.be/be/products/70442-brosse-douce-bamboo-eco-br-odoo-22553
https://la-cabrade.be/nl/product/brosse-douce-bamboo-eco-br/,https://www.sellerie-lacabrade.be/be/products/70442-brosse-douce-bamboo-eco-br-odoo-22553
https://la-cabrade.be/fr/produit/brosse-a-crins-bamboo-eco-br/,https://www.sellerie-lacabrade.be/be/products/70940-brosse-crins-bamboo-eco-br-odoo-22644
https://la-cabrade.be/nl/product/brosse-a-crins-bamboo-eco-br/,https://www.sellerie-lacabrade.be/be/products/70940-brosse-crins-bamboo-eco-br-odoo-22644
https://la-cabrade.be/fr/produit/huile-de-pied-kevin-bacon/,https://www.sellerie-lacabrade.be/be/products/huile-pour-pieds-kevin-bacon-s-s-r-odoo-12661
https://la-cabrade.be/nl/product/kevin-bacon-voetolie-2/,https://www.sellerie-lacabrade.be/be/products/graisse-blonde-kevin-bacon-s-s-r-odoo-12668
https://la-cabrade.be/fr/produit/longe-basic-kentucky/,https://www.sellerie-lacabrade.be/be/products/longe-basic-kentucky-odoo-14992
https://la-cabrade.be/nl/product/longe-basic-kentucky/,https://www.sellerie-lacabrade.be/be/products/longe-basic-kentucky-odoo-14992
https://la-cabrade.be/fr/produit/bridon-muserolle-combinee-large-working-by-dyon/,https://www.sellerie-lacabrade.be/be/store
https://la-cabrade.be/nl/product/groot-werk-combinatie-neusriem-hoofdstel-door-dyon/,https://www.sellerie-lacabrade.be/be/store
https://la-cabrade.be/fr/produit/licol-velvet-kentucky/,https://www.sellerie-lacabrade.be/be/products/licol-velvet-kentucky-odoo-16841
https://la-cabrade.be/nl/product/kentucky-fluwelen-halster/,https://www.sellerie-lacabrade.be/be/store
https://la-cabrade.be/fr/produit/super-wash-shampooing-bleu-roy/,https://www.sellerie-lacabrade.be/be/products/40773-super-wash-shampoing-bleu-roy-odoo-11604
https://la-cabrade.be/nl/product/super-wash-koningsblauw-shampoo/,https://www.sellerie-lacabrade.be/be/store
https://la-cabrade.be/fr/produit/etrivieres-en-cuir-strong-kavalkade/,https://www.sellerie-lacabrade.be/be/store
https://la-cabrade.be/nl/product/sterk-lederen-loopvlakken-kavalkade/,https://www.sellerie-lacabrade.be/be/store
https://la-cabrade.be/fr/produit/cure-pieds-brosse-metallique-3-en-1-hippotonic/,https://www.sellerie-lacabrade.be/be/products/cure-pieds-brosse-m-tallique-3-en-1-hippotonic-odoo-20248
https://la-cabrade.be/nl/product/hippotonic-3-in-1-metalen-borstel-voetreiniger-2/,https://www.sellerie-lacabrade.be/be/store
https://la-cabrade.be/fr/produit/corde-orlando-lc-equestrian/,https://www.sellerie-lacabrade.be/be/products/corde-orlando-lc-equestrian-odoo-22535
https://la-cabrade.be/nl/product/corde-orlando-lc-equestrian/,https://www.sellerie-lacabrade.be/be/products/corde-orlando-lc-equestrian-odoo-22535
https://la-cabrade.be/fr/produit/cartouche-recharge-spark-50-g-s-r/,https://www.sellerie-lacabrade.be/be/products/65307-cartouche-spark-33gr-s-r-odoo-21539
https://la-cabrade.be/nl/product/vonk-navulpatroon-50-g-s-r/,https://www.sellerie-lacabrade.be/be/store
https://la-cabrade.be/fr/produit/onguent-incolore-mi-saison-480ml-ungula-naturalis/,https://www.sellerie-lacabrade.be/be/products/62139-onguent-incolore-mi-saison-480ml-ungula-naturalis-odoo-20879
https://la-cabrade.be/nl/product/tussenseizoen-kleurloze-zalf-480ml-ungula-naturalis/,https://www.sellerie-lacabrade.be/be/products/33019-onguent-blond-t-480ml-ungula-naturalis-odoo-14024
https://la-cabrade.be/fr/produit/hamanol-entretien-du-cuir-250gr-stubben/,https://www.sellerie-lacabrade.be/be/products/64801-hamanol-entretien-du-cuir-250gr-stubben-odoo-21431
https://la-cabrade.be/nl/product/hamanol-lederverzorging-250gr-stubben/,https://www.sellerie-lacabrade.be/be/products/64801-hamanol-entretien-du-cuir-250gr-stubben-odoo-21431
https://la-cabrade.be/fr/produit/cartouche-airbag-lc-equestrian/,https://www.sellerie-lacabrade.be/be/products/72333-cartouche-airbag-lc-equestrian-odoo-22899
https://la-cabrade.be/nl/product/cartouche-airbag-lc-equestrian/,https://www.sellerie-lacabrade.be/be/products/72333-cartouche-airbag-lc-equestrian-odoo-22899
https://la-cabrade.be/fr/produit/deo-forte-2-0-wpb-2/,https://www.sellerie-lacabrade.be/be/products/deo-forte-2-0-wpb-odoo-12573
https://la-cabrade.be/nl/product/deo-forte-2-0-wpb-2/,https://www.sellerie-lacabrade.be/be/products/deo-forte-2-0-wpb-odoo-12573
https://la-cabrade.be/fr/produit/bottes-my-primera-xs/,https://www.sellerie-lacabrade.be/be/products/bottes-my-primera-xs-equitheme-odoo-15758
https://la-cabrade.be/nl/product/mijn-primera-xs-laarzen/,https://www.sellerie-lacabrade.be/be/store
https://la-cabrade.be/fr/produit/casque-omega-glamourous-br-2/,https://www.sellerie-lacabrade.be/be/products/casque-omega-glamourous-br-odoo-16949
https://la-cabrade.be/nl/product/omega-glamourous-br-2-helm-2/,https://www.sellerie-lacabrade.be/be/products/casque-omega-glamourous-br-odoo-16949
https://la-cabrade.be/fr/produit/mors-aiguille-cyprium-feeling/,https://www.sellerie-lacabrade.be/be/products/mors-anneaux-anatomic-cyprium-feeling-odoo-18473
https://la-cabrade.be/nl/product/naald-bit-cyprium-gevoel/,https://www.sellerie-lacabrade.be/be/store
https://la-cabrade.be/fr/produit/gants-roeckl-vesta-light-and-grip/,https://www.sellerie-lacabrade.be/be/products/gants-vesta-light-grip-swarovski-roeckl-odoo-18689
https://la-cabrade.be/nl/product/roeckl-vesta-light-en-grip-handschoenen-2/,https://www.sellerie-lacabrade.be/be/products/gants-vesta-light-grip-swarovski-roeckl-odoo-18689
https://la-cabrade.be/fr/produit/filet-a-foin-kimi-lc-equestrian/,https://www.sellerie-lacabrade.be/be/products/filet-foin-kimi-lc-equestrian-odoo-22530
https://la-cabrade.be/nl/product/filet-a-foin-kimi-lc-equestrian/,https://www.sellerie-lacabrade.be/be/products/filet-foin-kimi-lc-equestrian-odoo-22530
https://la-cabrade.be/fr/produit/cloches-neoprene-illan-lc-equestrian/,https://www.sellerie-lacabrade.be/be/products/cloches-n-opr-ne-illan-lc-equestrian-odoo-22533
https://la-cabrade.be/nl/product/cloches-neoprene-illan-lc-equestrian/,https://www.sellerie-lacabrade.be/be/products/cloches-n-opr-ne-illan-lc-equestrian-odoo-22533
https://la-cabrade.be/fr/produit/cloches-caoutchouc-mouton-soraya-lc-equestrian/,https://www.sellerie-lacabrade.be/be/products/cloches-caoutchouc-mouton-soraya-lc-equestrian-odoo-22534
https://la-cabrade.be/nl/product/cloches-caoutchouc-mouton-soraya-lc-equestrian/,https://www.sellerie-lacabrade.be/be/products/cloches-caoutchouc-mouton-soraya-lc-equestrian-odoo-22534
https://la-cabrade.be/fr/produit/gilet-airbag-lc-equestrian/,https://www.sellerie-lacabrade.be/be/products/gilet-airbag-lc-equestrian-odoo-22898
https://la-cabrade.be/nl/product/gilet-airbag-lc-equestrian/,https://www.sellerie-lacabrade.be/be/products/gilet-airbag-lc-equestrian-odoo-22898
https://la-cabrade.be/fr/produit/bridon-luna-lc-equestrian/,https://www.sellerie-lacabrade.be/be/store
https://la-cabrade.be/nl/product/bridon-luna-lc-equestrian/,https://www.sellerie-lacabrade.be/be/store
https://la-cabrade.be/fr/produit/little-likit-250g-carottes/,https://www.sellerie-lacabrade.be/be/store
https://la-cabrade.be/nl/product/kleine-likit-250g-wortelen/,https://www.sellerie-lacabrade.be/be/store
https://la-cabrade.be/fr/produit/bandes-polo-clx-br/,https://www.sellerie-lacabrade.be/be/store
https://la-cabrade.be/nl/product/clx-br-polo-strepen/,https://www.sellerie-lacabrade.be/be/store
https://la-cabrade.be/fr/produit/graisse-blonde-kevin-bacon/,https://www.sellerie-lacabrade.be/be/products/graisse-blonde-kevin-bacon-s-s-r-odoo-12668
https://la-cabrade.be/nl/product/blond-vet-kevin-spek-2/,https://www.sellerie-lacabrade.be/be/store
https://la-cabrade.be/fr/produit/hobby-horse-irh-free-spirit-imperial-riding/,https://www.sellerie-lacabrade.be/be/store
https://la-cabrade.be/nl/product/stokpaardje-irh-vrije-geest-keizerlijk-rijden/,https://www.sellerie-lacabrade.be/be/store
https://la-cabrade.be/fr/produit/pinceau-capuchon-qhp/,https://www.sellerie-lacabrade.be/be/products/69973-pinceau-capuchon-qhp-odoo-22466
https://la-cabrade.be/nl/product/pinceau-capuchon-qhp/,https://www.sellerie-lacabrade.be/be/products/69973-pinceau-capuchon-qhp-odoo-22466
https://la-cabrade.be/fr/produit/pantalon-ame-lc-equestrian/,https://www.sellerie-lacabrade.be/be/products/pantalon-am-lc-equestrian-odoo-22546
https://la-cabrade.be/nl/product/pantalon-ame-lc-equestrian/,https://www.sellerie-lacabrade.be/be/products/pantalon-am-lc-equestrian-odoo-22546
https://la-cabrade.be/fr/produit/t-shirt-dentrainement-manches-courtes-pia-lc-equestrian/,https://www.sellerie-lacabrade.be/be/products/t-shirt-d-entrainement-manches-courtes-pia-lc-equestrian-odoo-23145
https://la-cabrade.be/nl/product/t-shirt-dentrainement-manches-courtes-pia-lc-equestrian/,https://www.sellerie-lacabrade.be/be/products/t-shirt-d-entrainement-manches-courtes-pia-lc-equestrian-odoo-23145
https://la-cabrade.be/fr/produit/huile-dentretien-du-pied-400ml-ungula-naturalis/,https://www.sellerie-lacabrade.be/be/products/13920-huile-d-entretien-du-pied-400ml-ungula-naturalis-odoo-12587
https://la-cabrade.be/nl/product/voetverzorgingsolie-400ml-ungula-naturalis-2/,https://www.sellerie-lacabrade.be/be/products/baume-fourchette-ungula-naturalis-odoo-12563
https://la-cabrade.be/fr/produit/bottes-qhp-romy-junior/,https://www.sellerie-lacabrade.be/be/products/bottes-romy-junior-qhp-odoo-14523
https://la-cabrade.be/nl/product/qhp-romy-junior-laarzen/,https://www.sellerie-lacabrade.be/be/products/bottes-romy-junior-qhp-odoo-14523
https://la-cabrade.be/fr/produit/licol-neoprene-inge-br/,https://www.sellerie-lacabrade.be/be/products/licol-neoprene-inge-br-odoo-22043
https://la-cabrade.be/nl/product/neopreen-halster-inge-br-2/,https://www.sellerie-lacabrade.be/be/store
https://la-cabrade.be/fr/produit/etrivieres-filis-lc-equestrian/,https://www.sellerie-lacabrade.be/be/products/trivi-res-filis-lc-equestrian-odoo-22542
https://la-cabrade.be/nl/product/etrivieres-filis-lc-equestrian/,https://www.sellerie-lacabrade.be/be/products/trivi-res-filis-lc-equestrian-odoo-22542
https://la-cabrade.be/fr/produit/warendorf-baume/,https://www.sellerie-lacabrade.be/be/products/baume-de-warendorf-s-r-odoo-12709
https://la-cabrade.be/nl/product/warendorf-baume-2/,https://www.sellerie-lacabrade.be/be/products/baume-de-warendorf-s-r-odoo-12709
https://la-cabrade.be/fr/produit/mors-aiguille-feeling-caoutchouc-brise/,https://www.sellerie-lacabrade.be/be/products/mors-aiguilles-caoutchouc-droit-feeling-odoo-14412
https://la-cabrade.be/nl/product/rubberbek-met-naaldgevoel/,https://www.sellerie-lacabrade.be/be/store
https://la-cabrade.be/fr/produit/guetres-de-cross-technical-posterieurs-qhp/,https://www.sellerie-lacabrade.be/be/products/gu-tres-de-cross-technical-ant-rieurs-qhp-odoo-17080
https://la-cabrade.be/nl/product/cross-technische-achterwachten-qhp/,https://www.sellerie-lacabrade.be/be/store
https://la-cabrade.be/fr/produit/amortisseur-mattes-bord-mouton/,https://www.sellerie-lacabrade.be/be/products/amortisseur-bord-mouton-mattes-odoo-12874
https://la-cabrade.be/nl/product/matte-schapenvacht-rand-schokdemper/,https://www.sellerie-lacabrade.be/be/store
https://la-cabrade.be/fr/produit/baume-pour-cuir-amande-grooming-deluxe/,https://www.sellerie-lacabrade.be/be/store
https://la-cabrade.be/nl/product/baume-pour-cuir-amande-grooming-deluxe/,https://www.sellerie-lacabrade.be/be/store
https://la-cabrade.be/fr/produit/soft-clean-equipe/,https://www.sellerie-lacabrade.be/be/products/8588-soft-clean-eq07-equipe-odoo-12614
https://la-cabrade.be/nl/product/soft-clean-equipe-2/,https://www.sellerie-lacabrade.be/be/products/8588-soft-clean-eq07-equipe-odoo-12614
